id,profile_id,segment_id,entered_at
1,2,5,2026-05-12 14:03:35
2,2,1,2026-05-12 01:44:12
3,5,1,2026-04-16 02:53:07
4,5,3,2026-04-17 00:33:58
5,8,5,2026-03-17 12:43:22
6,9,4,2026-04-01 00:56:07
7,9,3,2026-03-30 02:32:34
8,11,2,2026-03-07 00:31:29
9,11,3,2026-03-03 17:24:16
10,12,3,2026-03-17 17:43:18
11,13,5,2026-03-15 05:00:39
12,13,3,2026-03-17 11:15:59
13,14,2,2026-02-23 02:31:26
14,15,5,2026-05-04 21:31:26
15,18,3,2026-05-01 19:20:33
16,18,5,2026-05-01 00:41:37
17,20,1,2026-02-22 04:35:03
18,20,3,2026-02-22 22:14:17
19,21,5,2026-02-25 05:45:24
20,21,1,2026-02-25 07:48:42
21,22,4,2026-06-01 15:12:40
22,22,2,2026-05-30 01:00:46
23,23,1,2026-03-11 01:37:29
24,23,3,2026-03-12 05:45:31
25,24,4,2026-02-16 23:22:36
26,25,2,2026-05-08 11:20:22
27,26,1,2026-05-06 18:34:51
28,27,2,2026-02-27 07:56:57
29,28,2,2026-04-18 23:31:15
30,28,4,2026-04-19 10:28:06
31,29,5,2026-04-24 07:35:40
32,29,4,2026-04-25 04:08:52
33,41,2,2026-05-19 07:10:19
34,41,4,2026-05-20 18:23:47
35,44,5,2026-04-26 17:10:20
36,47,3,2026-03-29 20:39:55
37,49,2,2026-04-30 18:33:18
38,52,2,2026-03-22 21:32:40
39,52,3,2026-03-23 22:48:11
40,53,1,2026-03-25 19:20:05
41,58,3,2026-04-04 17:13:32
42,69,3,2026-05-14 18:14:36
43,80,3,2026-02-15 18:47:38
44,80,1,2026-02-16 05:36:37
45,83,4,2026-03-22 07:06:57
46,84,1,2026-04-20 13:29:09
47,85,2,2026-05-08 06:54:45
48,86,2,2026-04-05 23:04:26
49,87,2,2026-02-25 22:31:23
50,87,3,2026-02-26 08:07:59
51,88,3,2026-03-29 04:47:09
52,88,4,2026-03-27 03:22:40
53,91,1,2026-04-30 11:22:16
54,91,2,2026-05-02 02:33:30
55,92,2,2026-05-25 09:09:15
56,93,1,2026-04-06 06:40:47
57,97,4,2026-05-22 07:07:33
58,97,3,2026-05-20 22:59:59
59,102,1,2026-04-24 08:51:27
60,102,5,2026-04-24 06:39:19
61,103,5,2026-05-30 07:21:37
62,103,4,2026-05-29 17:47:52
63,105,3,2026-05-23 09:50:54
64,105,5,2026-05-22 19:37:08
65,115,2,2026-05-23 20:59:33
66,116,2,2026-04-05 16:23:40
67,118,3,2026-03-03 18:18:06
68,118,4,2026-03-04 03:58:22
69,119,3,2026-05-11 01:25:27
70,119,4,2026-05-09 22:20:19
71,120,2,2026-05-24 16:58:11
72,120,5,2026-05-23 21:04:17
73,122,1,2026-03-24 15:05:00
74,122,5,2026-03-24 14:44:09
75,125,5,2026-03-30 14:07:56
76,126,2,2026-03-05 13:59:26
77,127,5,2026-05-18 09:25:54
78,129,4,2026-04-14 16:24:46
79,129,3,2026-04-13 18:18:15
80,130,3,2026-05-16 06:12:44
81,130,4,2026-05-14 21:04:04
82,133,4,2026-05-29 13:21:11
83,133,3,2026-05-27 08:07:13
84,134,2,2026-02-22 05:21:16
85,134,5,2026-02-22 13:04:42
86,135,5,2026-04-01 12:05:04
87,136,2,2026-04-08 18:58:38
88,136,3,2026-04-07 10:23:14
89,137,1,2026-04-28 14:34:26
90,139,4,2026-03-01 13:38:50
91,141,1,2026-05-28 06:38:17
92,141,3,2026-05-26 20:20:36
93,142,1,2026-05-18 02:43:11
94,144,2,2026-05-28 03:24:16
95,144,5,2026-05-27 10:25:55
96,147,2,2026-05-12 06:55:22
97,147,1,2026-05-13 07:13:53
98,150,5,2026-05-15 16:54:12
99,151,4,2026-02-22 20:17:12
100,151,5,2026-02-21 22:22:43
101,153,5,2026-04-30 09:11:14
102,153,4,2026-05-02 21:02:28
103,157,3,2026-03-18 03:34:57
104,157,5,2026-03-19 18:35:24
105,158,2,2026-04-18 20:49:17
106,161,2,2026-05-06 10:09:20
107,161,3,2026-05-06 13:09:50
108,162,4,2026-03-17 01:53:33
109,162,2,2026-03-18 23:31:24
110,163,2,2026-05-10 08:11:22
111,163,1,2026-05-08 15:57:52
112,164,1,2026-04-26 20:30:28
113,167,5,2026-03-16 09:32:28
114,169,1,2026-05-19 01:45:10
115,169,2,2026-05-18 21:47:33
116,171,2,2026-03-09 05:34:10
117,171,4,2026-03-10 18:28:33
118,172,1,2026-04-28 22:33:51
119,172,5,2026-04-27 12:45:59
120,177,2,2026-04-30 14:22:18
121,177,4,2026-05-01 06:41:12
122,178,3,2026-04-01 00:27:01
123,181,4,2026-03-19 12:20:03
124,181,1,2026-03-18 10:14:01
125,183,1,2026-02-28 20:39:26
126,183,5,2026-03-02 02:53:09
127,185,3,2026-04-28 15:56:30
128,185,2,2026-04-28 17:22:44
129,186,3,2026-05-23 16:29:35
130,191,4,2026-03-23 07:53:59
131,191,2,2026-03-24 07:50:54
132,194,4,2026-04-23 11:30:25
133,194,1,2026-04-24 03:36:50
134,195,3,2026-03-07 23:08:06
135,196,2,2026-05-17 22:21:27
136,200,2,2026-05-02 07:11:19
137,200,4,2026-05-02 01:03:45
138,203,5,2026-03-15 00:33:48
139,203,2,2026-03-13 18:33:42
140,204,3,2026-02-24 02:54:43
141,204,2,2026-02-21 21:25:12
142,208,3,2026-05-18 01:40:05
143,208,1,2026-05-18 23:13:13
144,209,1,2026-03-15 16:45:30
145,213,3,2026-05-21 22:56:39
146,213,2,2026-05-22 18:09:02
147,217,3,2026-02-27 15:52:18
148,218,2,2026-03-10 13:00:37
149,220,2,2026-06-01 12:28:33
150,220,4,2026-05-30 14:55:06
151,222,3,2026-06-01 12:29:44
152,226,3,2026-05-19 03:18:58
153,226,4,2026-05-20 18:56:55
154,231,3,2026-04-08 20:30:01
155,235,5,2026-05-07 09:35:09
156,235,4,2026-05-04 20:09:56
157,238,5,2026-04-16 15:51:48
158,238,3,2026-04-18 19:08:29
159,241,1,2026-04-24 22:12:46
160,241,3,2026-04-24 10:51:41
161,242,4,2026-05-03 23:13:52
162,242,5,2026-05-05 00:28:49
163,243,1,2026-03-04 13:10:42
164,243,3,2026-03-05 09:15:46
165,248,5,2026-02-18 23:51:56
166,248,4,2026-02-20 22:20:51
167,249,3,2026-05-08 23:04:41
168,254,1,2026-05-21 22:22:06
169,255,4,2026-05-17 02:24:12
170,260,5,2026-05-03 15:47:25
171,260,2,2026-04-29 18:24:58
172,261,4,2026-02-22 01:20:33
173,261,2,2026-02-23 06:16:49
174,262,3,2026-04-13 13:10:27
175,262,2,2026-04-12 18:17:19
176,265,5,2026-03-27 00:14:34
177,265,1,2026-03-28 07:15:36
178,267,4,2026-03-16 18:56:10
179,269,1,2026-05-20 11:02:05
180,271,4,2026-04-26 21:47:03
181,271,3,2026-04-24 21:23:11
182,276,2,2026-05-29 20:23:10
183,285,3,2026-05-13 05:12:32
184,285,5,2026-05-12 23:19:47
185,286,5,2026-04-19 11:47:58
186,286,4,2026-04-17 00:56:32
187,287,2,2026-03-14 08:58:48
188,287,1,2026-03-12 02:29:21
189,288,4,2026-04-09 00:20:44
190,288,3,2026-04-10 13:43:58
191,289,5,2026-03-10 15:35:36
192,290,4,2026-04-24 14:20:14
193,290,2,2026-04-24 19:28:10
194,291,5,2026-03-28 16:08:53
195,291,2,2026-03-29 10:30:12
196,292,3,2026-03-08 11:35:34
197,293,3,2026-05-29 12:13:09
198,295,4,2026-03-12 12:34:37
199,296,5,2026-04-25 12:58:33
200,297,3,2026-04-27 14:15:01
201,298,1,2026-05-27 12:23:06
202,299,4,2026-04-11 12:36:26
203,299,1,2026-04-13 23:18:33
204,300,1,2026-05-31 05:58:20
205,301,5,2026-05-13 06:57:53
206,305,5,2026-04-20 22:52:26
207,305,4,2026-04-21 01:38:56
208,308,3,2026-02-26 18:37:22
209,308,4,2026-02-24 22:45:11
210,309,3,2026-02-22 12:20:16
211,312,4,2026-04-19 14:17:13
212,312,5,2026-04-18 11:23:50
213,316,1,2026-05-08 00:27:40
214,316,5,2026-05-07 05:43:40
215,317,4,2026-03-07 08:22:46
216,319,2,2026-03-02 22:16:09
217,319,3,2026-02-27 19:04:13
218,323,5,2026-05-15 17:52:38
219,324,1,2026-04-23 21:07:16
220,328,5,2026-05-04 23:21:49
221,329,3,2026-03-22 12:28:46
222,331,3,2026-05-17 08:43:42
223,331,1,2026-05-17 00:44:03
224,332,1,2026-04-04 02:55:27
225,332,5,2026-04-03 16:16:29
226,333,3,2026-06-01 17:14:49
227,337,1,2026-05-28 08:15:36
228,337,4,2026-05-27 02:44:49
229,339,5,2026-03-16 05:28:48
230,339,3,2026-03-17 18:28:55
231,342,3,2026-03-20 23:23:29
232,342,5,2026-03-22 08:28:16
233,348,2,2026-03-14 20:11:16
234,348,5,2026-03-13 08:42:03
235,351,5,2026-05-19 05:39:12
236,352,1,2026-04-23 04:52:28
237,352,2,2026-04-22 20:39:25
238,353,3,2026-04-01 08:57:20
239,353,2,2026-04-02 13:52:40
240,354,4,2026-03-10 10:28:03
241,355,2,2026-02-24 17:49:22
242,355,5,2026-02-23 08:53:22
243,356,3,2026-05-28 14:28:34
244,356,2,2026-05-28 23:06:31
245,359,2,2026-03-07 07:24:32
246,359,4,2026-03-05 10:06:15
247,360,4,2026-05-30 13:19:30
248,360,2,2026-05-29 09:12:45
249,361,2,2026-04-11 06:10:18
250,361,5,2026-04-11 14:22:57
251,363,5,2026-03-07 08:40:10
252,363,4,2026-03-07 15:12:51
253,364,5,2026-02-28 11:15:46
254,365,3,2026-03-14 07:13:46
255,366,4,2026-04-28 19:15:08
256,370,1,2026-03-15 07:58:23
257,370,3,2026-03-14 20:26:09
258,373,2,2026-04-11 00:17:50
259,373,4,2026-04-10 01:23:30
260,375,5,2026-04-26 04:49:18
261,378,3,2026-05-12 06:51:45
262,381,1,2026-04-27 00:06:58
263,382,3,2026-04-18 00:41:55
264,382,4,2026-04-16 16:33:14
265,385,3,2026-04-07 14:09:39
266,388,4,2026-05-13 06:26:04
267,395,3,2026-02-21 17:43:57
268,395,5,2026-02-22 23:02:37
269,397,3,2026-03-22 07:18:33
270,398,5,2026-03-24 12:32:57
271,398,3,2026-03-22 19:18:00
272,399,1,2026-02-27 02:33:36
273,399,4,2026-02-26 02:37:28
274,400,1,2026-04-30 04:38:27
275,401,2,2026-04-29 03:39:11
276,401,1,2026-05-01 23:56:38
277,402,4,2026-02-14 16:55:58
278,403,1,2026-04-09 07:28:13
279,404,3,2026-02-25 13:59:14
280,405,1,2026-03-09 22:49:02
281,409,3,2026-05-08 03:31:41
282,409,5,2026-05-10 22:44:13
283,410,5,2026-05-21 11:49:52
284,411,3,2026-05-17 03:31:25
285,413,5,2026-05-01 21:20:26
286,417,2,2026-05-14 12:54:13
287,419,1,2026-03-28 23:36:43
288,421,4,2026-02-28 16:27:50
289,422,3,2026-03-20 08:29:03
290,425,5,2026-05-26 23:24:10
291,426,2,2026-03-14 04:16:43
292,426,1,2026-03-13 16:34:21
293,431,5,2026-03-22 01:53:11
294,431,3,2026-03-20 16:13:58
295,432,2,2026-05-09 16:04:48
296,434,5,2026-05-20 02:09:42
297,437,3,2026-05-10 00:38:27
298,438,2,2026-03-01 10:19:44
299,438,4,2026-03-02 08:43:18
300,443,3,2026-04-08 10:05:11
301,443,4,2026-04-10 01:17:39
302,444,4,2026-04-14 10:09:27
303,445,2,2026-05-21 09:54:44
304,449,3,2026-04-02 13:55:23
305,463,2,2026-04-11 20:02:15
306,463,3,2026-04-11 22:07:35
307,465,3,2026-03-14 16:31:46
308,465,4,2026-03-17 09:30:41
309,467,1,2026-02-16 01:48:59
310,468,2,2026-04-14 11:27:05
311,469,2,2026-03-04 10:20:29
312,470,1,2026-03-29 02:22:42
313,471,4,2026-03-13 01:29:50
314,471,2,2026-03-13 22:19:38
315,472,3,2026-05-12 20:32:19
316,472,4,2026-05-12 11:44:21
317,474,1,2026-02-22 13:12:48
318,474,2,2026-02-22 14:11:25
319,476,3,2026-06-01 23:44:15
320,476,2,2026-05-31 11:55:06
321,477,4,2026-03-09 18:01:47
322,478,1,2026-05-03 08:03:32
323,479,1,2026-05-10 16:24:31
324,479,2,2026-05-09 18:51:03
325,483,3,2026-04-21 15:20:00
326,483,5,2026-04-22 20:01:20
327,484,3,2026-03-27 17:54:59
328,484,1,2026-03-29 05:52:42
329,487,5,2026-05-30 20:14:16
330,487,2,2026-05-31 15:31:55
331,490,1,2026-04-12 20:59:49
332,490,5,2026-04-13 13:19:22
333,492,4,2026-04-12 07:06:51
334,492,1,2026-04-10 20:18:10
335,495,1,2026-05-28 19:04:19
336,496,3,2026-04-08 15:25:14
337,496,4,2026-04-09 04:09:09
338,497,1,2026-04-23 06:03:07
339,497,2,2026-04-22 10:13:16
340,501,5,2026-05-03 04:56:14
341,501,1,2026-05-04 23:16:24
342,502,4,2026-03-10 02:32:33
343,505,3,2026-05-23 22:42:09
344,507,1,2026-05-10 09:07:54
345,507,2,2026-05-10 14:27:18
346,509,1,2026-04-13 12:17:51
347,509,4,2026-04-12 14:06:22
348,510,2,2026-03-10 02:56:51
349,513,5,2026-04-27 19:37:18
350,513,3,2026-04-28 08:35:21
351,519,3,2026-03-23 11:00:52
352,520,5,2026-02-17 12:43:24
353,520,1,2026-02-15 18:42:46
354,524,3,2026-05-05 03:59:51
355,526,1,2026-03-22 01:01:54
356,529,2,2026-03-10 09:37:37
357,529,5,2026-03-10 05:37:02
358,530,1,2026-03-20 16:20:02
359,532,4,2026-04-11 13:37:56
360,532,1,2026-04-11 15:11:31
361,533,5,2026-05-01 22:13:24
362,534,4,2026-04-23 23:34:40
363,536,1,2026-04-18 09:04:27
364,536,2,2026-04-17 05:48:00
365,537,1,2026-03-27 07:42:59
366,538,4,2026-02-22 20:42:52
367,539,4,2026-05-11 22:43:14
368,545,4,2026-05-17 15:21:16
369,545,5,2026-05-18 05:15:57
370,546,5,2026-02-27 22:59:13
371,546,2,2026-03-03 13:32:57
372,547,2,2026-02-19 13:52:08
373,547,5,2026-02-20 04:25:00
374,549,1,2026-05-11 17:07:04
375,549,4,2026-05-12 04:51:46
376,552,2,2026-05-29 22:53:43
377,552,4,2026-06-01 06:11:10
378,553,1,2026-05-11 22:20:18
379,554,2,2026-03-29 02:54:20
380,554,1,2026-03-26 12:21:15
381,556,5,2026-05-01 14:02:24
382,557,2,2026-03-21 09:07:48
383,559,5,2026-03-06 22:13:40
384,560,3,2026-02-24 06:04:06
385,560,2,2026-02-24 16:30:38
386,566,4,2026-03-13 04:29:15
387,569,2,2026-05-31 06:18:07
388,569,5,2026-05-31 02:54:20
389,573,1,2026-05-13 05:24:01
390,573,2,2026-05-11 02:38:26
391,576,5,2026-05-18 08:20:59
392,577,1,2026-05-12 02:49:21
393,577,3,2026-05-14 06:11:55
394,582,1,2026-04-11 08:17:45
395,582,2,2026-04-09 00:16:54
396,583,2,2026-04-16 23:56:48
397,586,3,2026-02-27 15:50:38
398,588,5,2026-04-07 07:52:12
399,588,1,2026-04-08 15:06:45
400,590,1,2026-05-15 03:34:58
401,590,5,2026-05-14 02:16:10
402,591,1,2026-03-25 07:44:32
403,591,3,2026-03-25 01:56:49
404,594,4,2026-05-10 15:12:29
405,594,2,2026-05-09 04:31:35
406,598,1,2026-05-04 12:41:32
407,598,2,2026-05-03 04:02:38
408,602,5,2026-02-17 19:47:31
409,602,2,2026-02-18 04:16:54
410,603,1,2026-02-18 12:35:02
411,603,3,2026-02-17 00:41:19
412,604,4,2026-04-10 13:58:31
413,604,3,2026-04-09 00:44:13
414,606,3,2026-04-30 13:23:34
415,612,1,2026-03-09 03:14:09
416,612,3,2026-03-10 08:06:07
417,614,2,2026-03-26 03:02:20
418,615,3,2026-05-11 01:42:34
419,618,5,2026-02-25 06:05:36
420,618,3,2026-02-25 06:42:09
421,624,1,2026-02-27 11:08:30
422,625,4,2026-05-05 11:54:10
423,630,5,2026-05-05 00:16:32
424,630,1,2026-05-01 23:36:39
425,631,5,2026-03-07 11:02:24
426,633,5,2026-03-26 22:13:38
427,635,5,2026-03-27 10:12:47
428,636,5,2026-02-21 20:03:07
429,636,3,2026-02-23 12:43:52
430,638,5,2026-03-17 01:13:27
431,638,4,2026-03-16 13:53:40
432,640,4,2026-05-22 08:09:08
433,642,1,2026-04-08 01:03:30
434,643,4,2026-04-06 03:23:27
435,643,1,2026-04-06 07:33:52
436,645,3,2026-03-23 13:42:35
437,645,2,2026-03-23 06:26:39
438,646,4,2026-05-14 18:19:39
439,646,2,2026-05-15 16:30:31
440,647,4,2026-05-30 05:31:27
441,649,4,2026-05-26 13:18:34
442,649,1,2026-05-24 01:40:52
443,650,1,2026-02-25 06:44:20
444,651,4,2026-05-13 00:36:41
445,651,5,2026-05-10 16:09:36
446,652,5,2026-03-15 12:59:59
447,652,3,2026-03-15 06:58:54
448,653,4,2026-03-29 22:41:09
449,653,3,2026-03-30 13:14:33
450,655,3,2026-04-30 20:42:57
451,655,5,2026-05-01 21:46:54
452,662,1,2026-03-31 03:58:20
453,662,4,2026-03-29 08:54:34
454,665,5,2026-04-02 15:50:39
455,666,3,2026-04-28 12:03:20
456,666,2,2026-04-30 04:36:26
457,667,1,2026-05-03 22:45:55
458,669,1,2026-03-08 14:45:55
459,669,3,2026-03-06 19:25:14
460,673,2,2026-04-19 02:59:40
461,674,4,2026-05-02 12:31:37
462,674,5,2026-05-01 02:44:29
463,675,5,2026-03-12 22:25:28
464,676,1,2026-02-14 16:32:50
465,679,2,2026-05-07 14:08:49
466,680,3,2026-05-07 21:24:46
467,684,4,2026-03-13 04:58:02
468,687,2,2026-02-26 21:30:04
469,692,2,2026-04-14 21:50:15
470,692,5,2026-04-18 04:29:21
471,694,3,2026-02-20 01:12:52
472,694,5,2026-02-21 05:16:41
473,696,1,2026-05-14 06:59:46
474,699,5,2026-05-09 13:56:18
475,700,4,2026-04-28 01:53:31
476,701,5,2026-05-29 06:48:20
477,703,5,2026-04-28 23:13:00
478,704,5,2026-04-28 19:29:17
479,706,1,2026-03-28 03:48:38
480,706,3,2026-03-25 06:54:06
481,707,3,2026-03-12 15:06:13
482,708,1,2026-05-01 01:30:05
483,709,1,2026-03-11 13:31:04
484,717,4,2026-05-26 09:15:42
485,717,5,2026-05-22 22:21:40
486,718,2,2026-05-09 04:02:14
487,720,4,2026-05-11 18:27:09
488,720,5,2026-05-11 08:38:14
489,732,2,2026-05-15 13:28:41
490,732,5,2026-05-14 13:59:07
491,734,4,2026-05-26 16:32:57
492,735,3,2026-03-12 03:05:32
493,735,4,2026-03-13 15:50:15
494,740,2,2026-03-07 18:09:07
495,740,4,2026-03-07 05:19:06
496,741,4,2026-02-23 22:16:56
497,742,4,2026-03-01 20:19:34
498,743,1,2026-05-05 05:39:31
499,743,4,2026-05-05 09:38:41
500,744,4,2026-03-26 06:23:05
501,747,2,2026-02-15 00:33:12
502,749,3,2026-04-15 05:38:24
503,753,1,2026-03-23 05:18:23
504,753,5,2026-03-20 18:19:02
505,754,2,2026-04-25 20:22:21
506,754,4,2026-04-26 12:58:27
507,757,4,2026-04-09 06:07:01
508,761,5,2026-05-24 18:53:03
509,761,4,2026-05-23 23:05:32
510,762,1,2026-03-17 20:26:05
511,764,3,2026-04-26 05:58:57
512,765,5,2026-03-28 08:41:25
513,765,3,2026-03-29 11:15:59
514,768,4,2026-03-29 01:12:08
515,768,5,2026-03-28 17:02:06
516,769,1,2026-04-30 20:29:45
517,770,1,2026-03-26 12:42:43
518,770,2,2026-03-26 06:36:35
519,773,5,2026-05-12 02:03:25
520,774,3,2026-03-13 13:48:11
521,777,5,2026-02-24 21:39:53
522,777,2,2026-02-24 15:14:28
523,778,1,2026-05-17 23:32:12
524,779,1,2026-04-23 00:57:28
525,780,2,2026-02-17 04:42:10
526,782,3,2026-03-04 01:24:11
527,782,2,2026-03-02 15:57:07
528,783,3,2026-05-07 14:01:17
529,783,4,2026-05-07 08:41:56
530,784,2,2026-05-29 17:53:51
531,784,3,2026-05-27 14:00:04
532,786,2,2026-04-07 05:08:25
533,789,4,2026-02-26 16:38:42
534,789,2,2026-02-24 18:28:50
535,790,2,2026-05-14 16:38:36
536,790,3,2026-05-16 17:25:25
537,791,1,2026-05-20 16:56:56
538,792,3,2026-04-01 00:49:04
539,793,3,2026-05-17 21:13:49
540,793,1,2026-05-16 05:20:02
541,796,5,2026-04-07 11:42:21
542,796,3,2026-04-06 09:33:37
543,797,1,2026-05-06 02:58:54
544,803,1,2026-05-17 07:40:51
545,803,2,2026-05-16 08:08:23
546,804,3,2026-04-15 12:40:26
547,804,1,2026-04-14 06:52:02
548,806,1,2026-05-09 20:31:37
549,808,4,2026-03-30 00:30:25
550,808,5,2026-03-30 18:43:24
551,811,1,2026-04-05 21:14:20
552,811,3,2026-04-03 15:45:21
553,812,4,2026-03-26 01:35:13
554,813,4,2026-04-08 11:24:37
555,813,3,2026-04-07 21:13:16
556,815,4,2026-04-19 03:03:33
557,816,2,2026-05-30 16:21:55
558,817,2,2026-02-18 12:40:04
559,817,5,2026-02-19 16:02:20
560,819,1,2026-04-22 08:55:55
561,819,5,2026-04-22 19:20:06
562,820,2,2026-05-13 03:43:31
563,822,5,2026-05-09 21:15:52
564,822,2,2026-05-09 19:53:12
565,824,5,2026-03-13 20:45:08
566,824,1,2026-03-14 16:44:29
567,825,1,2026-04-11 18:51:11
568,828,2,2026-04-04 04:16:42
569,831,4,2026-03-31 05:29:11
570,832,5,2026-05-25 18:33:12
571,832,1,2026-05-23 04:45:08
572,833,5,2026-03-25 19:06:13
573,833,1,2026-03-28 10:46:20
574,837,1,2026-03-24 13:12:13
575,837,5,2026-03-23 14:44:45
576,841,4,2026-02-17 17:44:02
577,841,1,2026-02-16 20:44:05
578,843,5,2026-02-14 01:44:25
579,843,1,2026-02-16 00:18:23
580,844,2,2026-04-26 21:38:42
581,844,1,2026-04-26 09:48:43
582,845,1,2026-05-13 18:26:50
583,847,1,2026-05-12 18:07:58
584,847,3,2026-05-11 04:27:56
585,852,1,2026-03-03 13:09:27
586,853,3,2026-04-24 21:48:30
587,858,2,2026-04-04 16:29:01
588,859,3,2026-03-18 01:46:15
589,859,5,2026-03-18 00:32:43
590,867,2,2026-02-21 07:50:15
591,869,2,2026-03-02 17:18:41
592,869,5,2026-03-02 17:17:05
593,871,1,2026-04-24 14:12:22
594,874,4,2026-03-18 14:40:26
595,874,2,2026-03-18 21:26:04
596,876,3,2026-02-21 06:38:04
597,876,2,2026-02-19 05:03:20
598,877,5,2026-03-21 00:32:16
599,884,2,2026-03-27 04:08:04
600,884,3,2026-03-27 15:52:45
601,890,1,2026-03-24 12:42:15
602,890,2,2026-03-25 17:02:12
603,891,5,2026-04-06 11:23:27
604,894,3,2026-04-12 00:58:05
605,894,2,2026-04-11 19:14:08
606,895,2,2026-05-21 04:08:29
607,897,1,2026-02-18 00:55:22
608,897,5,2026-02-19 21:08:31
609,898,3,2026-05-22 01:40:10
610,899,1,2026-05-28 20:02:26
611,902,5,2026-03-12 13:23:06
612,902,1,2026-03-09 06:29:13
613,903,4,2026-02-15 15:29:33
614,903,2,2026-02-15 17:03:45
615,906,1,2026-04-24 17:44:53
616,906,4,2026-04-27 06:52:15
617,908,3,2026-03-18 12:37:37
618,908,1,2026-03-17 18:22:12
619,909,3,2026-03-13 16:36:05
620,912,5,2026-05-16 11:38:12
621,912,3,2026-05-15 22:07:10
622,913,2,2026-05-17 04:35:49
623,915,2,2026-02-17 22:03:30
624,915,4,2026-02-18 15:11:02
625,918,3,2026-04-14 04:54:21
626,923,4,2026-03-01 16:49:04
627,924,2,2026-05-04 20:37:24
628,925,2,2026-04-28 17:03:47
629,928,3,2026-03-17 23:56:37
630,929,5,2026-02-24 12:01:41
631,929,1,2026-02-25 19:42:57
632,932,4,2026-05-10 05:35:19
633,934,1,2026-05-16 01:48:18
634,934,3,2026-05-17 19:09:46
635,936,5,2026-04-07 12:42:53
636,937,1,2026-05-10 13:28:36
637,940,3,2026-05-13 23:43:14
638,942,5,2026-04-15 09:41:58
639,942,2,2026-04-13 17:49:58
640,943,3,2026-03-26 22:53:18
641,946,2,2026-03-04 21:23:34
642,949,1,2026-05-23 10:02:50
643,950,5,2026-05-21 08:39:43
644,950,2,2026-05-19 13:13:12
645,955,4,2026-03-25 07:50:40
646,956,3,2026-05-22 06:59:27
647,956,4,2026-05-23 07:12:59
648,961,3,2026-05-28 09:07:00
649,962,5,2026-04-06 13:39:37
650,963,5,2026-03-11 16:01:33
651,963,4,2026-03-10 02:22:30
652,968,5,2026-02-24 03:23:58
653,973,5,2026-04-29 07:03:39
654,973,4,2026-04-29 21:59:54
655,976,5,2026-04-01 07:54:26
656,976,3,2026-04-01 09:47:04
657,977,4,2026-04-13 23:18:27
658,978,3,2026-03-06 06:29:10
659,978,4,2026-03-03 01:29:14
660,979,4,2026-04-28 05:01:31
661,981,4,2026-04-01 13:35:36
662,983,2,2026-05-08 11:06:35
663,983,1,2026-05-07 12:16:21
664,985,4,2026-04-09 21:43:46
665,985,3,2026-04-07 16:11:29
666,987,4,2026-03-29 18:30:20
667,987,5,2026-03-29 06:11:20
668,991,2,2026-03-02 12:49:18
669,993,4,2026-03-15 14:44:56
670,994,5,2026-04-13 04:14:31
671,994,4,2026-04-09 22:20:12
672,996,4,2026-05-25 20:17:11
673,999,4,2026-05-20 01:34:20
674,999,3,2026-05-23 11:50:51
675,1001,2,2026-02-28 01:19:59
676,1001,5,2026-03-01 03:10:50
677,1005,2,2026-04-29 16:58:31
678,1005,1,2026-04-28 19:57:22
679,1007,4,2026-04-07 13:11:19
680,1009,1,2026-05-26 19:50:49
681,1010,3,2026-03-20 18:23:55
682,1011,4,2026-03-02 07:15:14
683,1016,2,2026-03-17 17:10:03
684,1016,3,2026-03-19 12:04:12
685,1019,1,2026-05-27 17:15:37
686,1023,3,2026-04-11 08:25:22
687,1023,4,2026-04-13 09:17:58
688,1024,5,2026-05-24 21:37:44
689,1024,1,2026-05-26 11:03:57
690,1026,1,2026-03-10 02:50:22
691,1026,5,2026-03-08 09:37:40
692,1029,4,2026-05-15 18:12:27
693,1030,2,2026-04-24 18:04:10
694,1030,4,2026-04-24 19:08:19
695,1031,3,2026-05-21 01:34:19
696,1033,3,2026-02-22 06:43:25
697,1033,1,2026-02-19 00:02:25
698,1037,1,2026-05-22 23:24:47
699,1037,3,2026-05-23 17:41:48
700,1039,2,2026-03-04 13:36:40
701,1039,5,2026-03-04 17:45:06
702,1041,2,2026-03-04 15:59:27
703,1045,2,2026-05-10 18:09:00
704,1045,4,2026-05-13 04:16:11
705,1047,1,2026-03-17 05:48:18
706,1048,3,2026-02-21 22:40:36
707,1054,3,2026-05-10 11:28:50
708,1054,4,2026-05-08 21:06:19
709,1057,1,2026-05-10 22:48:47
710,1058,5,2026-03-22 11:32:37
711,1058,3,2026-03-23 12:02:37
712,1059,1,2026-02-16 09:47:09
713,1059,3,2026-02-16 03:53:40
714,1062,3,2026-03-21 09:30:58
715,1066,4,2026-04-04 13:14:17
716,1068,3,2026-02-15 12:45:00
717,1070,4,2026-03-23 21:31:50
718,1070,3,2026-03-27 01:53:52
719,1073,3,2026-02-22 10:13:26
720,1074,4,2026-04-15 08:40:52
721,1074,3,2026-04-16 11:37:25
722,1075,3,2026-05-05 21:39:08
723,1077,1,2026-04-23 21:45:42
724,1078,4,2026-02-24 07:52:29
725,1078,2,2026-02-20 21:47:53
726,1081,4,2026-05-07 02:29:12
727,1081,1,2026-05-05 17:00:07
728,1084,2,2026-04-02 16:57:27
729,1084,1,2026-04-01 20:07:28
730,1090,2,2026-04-03 15:31:20
731,1090,5,2026-03-31 10:49:33
732,1093,3,2026-03-30 17:57:58
733,1094,4,2026-05-08 22:49:31
734,1094,3,2026-05-11 02:38:07
735,1095,1,2026-02-14 03:14:53
736,1096,4,2026-05-09 19:50:46
737,1096,2,2026-05-11 19:38:38
738,1097,3,2026-04-03 19:53:10
739,1099,5,2026-03-21 21:22:40
740,1099,4,2026-03-22 14:45:00
741,1101,3,2026-03-05 02:51:28
742,1102,5,2026-03-03 02:57:06
743,1102,3,2026-03-01 14:38:52
744,1104,2,2026-04-06 09:30:41
745,1106,2,2026-04-22 23:48:43
746,1106,4,2026-04-20 19:14:26
747,1107,2,2026-03-29 20:02:18
748,1107,5,2026-03-28 14:10:22
749,1108,2,2026-02-18 21:47:29
750,1109,1,2026-04-18 01:04:45
751,1109,2,2026-04-15 19:38:45
752,1113,3,2026-02-20 02:48:22
753,1113,4,2026-02-22 06:53:13
754,1119,2,2026-02-27 18:13:56
755,1122,2,2026-04-13 08:19:13
756,1122,5,2026-04-14 15:54:50
757,1123,3,2026-03-07 18:10:58
758,1123,2,2026-03-08 08:31:41
759,1124,4,2026-03-07 21:22:16
760,1125,4,2026-03-16 21:51:24
761,1125,3,2026-03-17 17:46:47
762,1128,4,2026-04-02 19:43:40
763,1131,1,2026-05-08 02:18:16
764,1136,2,2026-05-30 08:21:38
765,1136,5,2026-05-30 09:13:47
766,1145,2,2026-03-24 20:26:50
767,1145,3,2026-03-25 15:58:02
768,1146,3,2026-04-02 05:08:03
769,1148,2,2026-03-14 23:59:25
770,1151,5,2026-05-26 17:23:36
771,1154,1,2026-03-30 17:25:31
772,1154,5,2026-03-31 08:57:00
773,1155,5,2026-05-09 00:20:38
774,1155,2,2026-05-11 15:30:39
775,1156,4,2026-04-03 08:39:13
776,1156,2,2026-04-01 22:59:34
777,1157,2,2026-04-17 14:53:05
778,1158,2,2026-05-27 19:34:56
779,1158,5,2026-05-30 01:17:56
780,1164,5,2026-05-04 07:32:31
781,1174,1,2026-03-11 10:10:47
782,1174,3,2026-03-10 18:39:30
783,1176,1,2026-05-19 14:30:35
784,1178,4,2026-03-10 19:53:18
785,1180,5,2026-05-18 13:48:55
786,1180,4,2026-05-16 12:31:30
787,1183,1,2026-03-05 22:14:21
788,1185,2,2026-03-21 01:54:08
789,1186,3,2026-04-10 14:04:46
790,1187,2,2026-03-17 02:33:18
791,1188,2,2026-04-17 02:57:50
792,1188,4,2026-04-15 18:36:50
793,1191,2,2026-05-17 06:55:03
794,1193,1,2026-05-07 02:27:43
795,1196,5,2026-03-13 03:28:10
796,1196,2,2026-03-11 15:23:32
797,1207,1,2026-05-08 07:53:51
798,1207,2,2026-05-07 04:04:43
799,1210,5,2026-05-07 13:07:48
800,1210,1,2026-05-07 01:09:27
801,1212,4,2026-05-19 21:19:11
802,1212,1,2026-05-17 02:45:45
803,1214,3,2026-04-07 20:12:23
804,1215,3,2026-04-09 06:12:17
805,1215,2,2026-04-08 17:23:13
806,1216,1,2026-02-22 07:07:06
807,1216,4,2026-02-24 06:57:24
808,1217,5,2026-04-15 05:04:41
809,1217,1,2026-04-17 18:52:42
810,1218,2,2026-04-23 20:10:36
811,1218,4,2026-04-22 10:16:30
812,1220,1,2026-03-07 20:39:11
813,1220,4,2026-03-08 09:44:27
814,1221,4,2026-05-09 18:59:28
815,1221,1,2026-05-11 02:50:12
816,1226,5,2026-02-25 05:14:35
817,1229,1,2026-05-22 02:15:41
818,1229,2,2026-05-23 15:32:38
819,1234,1,2026-04-01 17:03:13
820,1236,1,2026-02-17 22:41:21
821,1238,5,2026-05-31 02:43:14
822,1239,1,2026-04-16 04:00:30
823,1239,4,2026-04-17 13:00:45
824,1240,2,2026-03-05 09:37:07
825,1241,3,2026-04-24 14:19:23
826,1241,4,2026-04-23 12:11:11
827,1243,1,2026-04-18 01:30:08
828,1243,5,2026-04-18 23:38:51
829,1244,3,2026-05-21 10:47:11
830,1244,4,2026-05-20 02:00:35
831,1250,4,2026-03-18 18:36:23
832,1251,2,2026-05-09 22:10:01
833,1252,1,2026-03-18 23:06:37
834,1252,3,2026-03-20 13:32:22
835,1255,5,2026-05-05 16:51:35
836,1255,1,2026-05-09 02:34:43
837,1256,5,2026-04-11 03:31:00
838,1256,3,2026-04-10 15:16:35
839,1260,2,2026-03-23 08:50:37
840,1262,3,2026-03-11 02:17:38
841,1263,4,2026-03-27 18:47:44
842,1264,3,2026-04-30 06:53:32
843,1265,5,2026-03-13 20:51:34
844,1266,5,2026-05-28 05:59:17
845,1266,1,2026-05-29 06:07:39
846,1267,3,2026-02-26 20:59:01
847,1267,2,2026-02-25 08:22:12
848,1270,1,2026-04-07 23:50:09
849,1278,5,2026-03-31 01:50:32
850,1278,1,2026-03-31 01:35:31
851,1282,3,2026-03-08 14:07:49
852,1283,1,2026-03-31 13:48:43
853,1285,4,2026-03-11 04:59:21
854,1288,1,2026-04-29 00:53:37
855,1288,4,2026-04-26 12:05:38
856,1291,3,2026-03-29 14:20:11
857,1292,5,2026-03-06 08:21:08
858,1293,4,2026-03-15 22:08:10
859,1293,2,2026-03-16 01:58:53
860,1295,5,2026-02-23 04:21:50
861,1298,2,2026-05-18 21:59:07
862,1298,1,2026-05-19 13:01:50
863,1299,2,2026-03-13 14:19:55
864,1299,5,2026-03-15 05:24:53
865,1300,3,2026-03-04 06:45:54
866,1302,2,2026-04-17 08:44:42
867,1302,4,2026-04-20 04:16:32
868,1308,4,2026-04-14 00:36:20
869,1308,5,2026-04-17 07:37:03
870,1309,4,2026-03-26 11:02:49
871,1310,2,2026-04-12 02:41:48
872,1310,4,2026-04-09 15:25:02
873,1311,4,2026-03-17 04:17:26
874,1313,3,2026-04-23 21:31:52
875,1313,4,2026-04-27 07:18:45
876,1314,5,2026-02-21 20:34:57
877,1316,5,2026-04-22 16:37:30
878,1317,1,2026-03-31 02:00:06
879,1318,3,2026-05-28 01:56:55
880,1319,2,2026-04-01 04:36:15
881,1321,5,2026-05-07 09:07:59
882,1321,1,2026-05-04 22:22:49
883,1322,2,2026-05-07 08:33:32
884,1326,5,2026-03-02 21:38:40
885,1328,1,2026-03-10 17:37:25
886,1328,2,2026-03-10 14:24:40
887,1329,3,2026-04-21 10:02:56
888,1329,4,2026-04-22 04:25:19
889,1331,2,2026-02-24 15:29:29
890,1331,1,2026-02-23 16:12:05
891,1332,1,2026-03-25 10:12:04
892,1332,4,2026-03-25 14:23:15
893,1334,4,2026-02-25 17:52:46
894,1335,3,2026-03-31 16:35:01
895,1335,4,2026-03-31 09:50:05
896,1336,2,2026-02-26 08:32:46
897,1336,3,2026-02-27 16:53:17
898,1340,1,2026-05-06 10:41:15
899,1342,1,2026-04-04 17:56:19
900,1342,5,2026-04-03 14:59:37
901,1343,4,2026-03-13 06:53:08
902,1345,1,2026-05-05 04:59:05
903,1347,5,2026-05-27 22:38:08
904,1348,4,2026-03-30 05:05:36
905,1350,5,2026-05-22 06:14:21
906,1352,1,2026-04-09 16:59:56
907,1354,3,2026-03-13 04:06:08
908,1354,5,2026-03-11 23:29:10
909,1355,5,2026-03-07 06:57:02
910,1355,4,2026-03-07 00:29:13
911,1356,1,2026-03-14 00:57:03
912,1356,3,2026-03-15 03:38:59
913,1357,4,2026-04-09 02:22:22
914,1357,1,2026-04-09 06:10:50
915,1358,4,2026-03-14 20:41:14
916,1358,5,2026-03-15 07:00:00
917,1359,2,2026-03-13 02:14:19
918,1359,3,2026-03-16 00:12:08
919,1364,5,2026-05-08 06:37:06
920,1366,4,2026-04-01 22:39:56
921,1366,3,2026-04-04 08:09:31
922,1369,4,2026-04-05 00:41:30
923,1373,1,2026-05-01 07:20:19
924,1373,4,2026-05-01 06:15:32
925,1378,2,2026-04-15 09:16:38
926,1379,2,2026-04-13 01:33:12
927,1379,4,2026-04-15 09:25:04
928,1383,4,2026-05-30 12:04:02
929,1385,2,2026-04-17 03:57:25
930,1386,2,2026-02-24 01:02:08
931,1387,3,2026-05-11 04:49:56
932,1389,5,2026-03-25 14:46:07
933,1389,1,2026-03-27 15:22:32
934,1390,2,2026-03-14 09:05:35
935,1390,5,2026-03-12 23:46:14
936,1391,4,2026-04-02 03:09:02
937,1391,1,2026-04-02 10:42:17
938,1392,1,2026-03-16 09:30:39
939,1392,2,2026-03-15 04:51:26
940,1393,1,2026-05-30 15:09:33
941,1395,4,2026-03-18 18:00:25
942,1395,3,2026-03-18 00:31:31
943,1400,1,2026-04-08 08:39:35
944,1402,5,2026-05-12 23:16:16
945,1402,1,2026-05-11 23:28:37
946,1404,5,2026-03-21 21:41:52
947,1404,4,2026-03-20 07:46:57
948,1406,1,2026-02-22 06:44:10
949,1410,3,2026-04-13 00:28:56
950,1410,4,2026-04-13 08:35:13
951,1411,2,2026-02-19 02:25:56
952,1415,5,2026-04-18 13:45:04
953,1415,2,2026-04-20 09:41:40
954,1422,4,2026-06-02 08:22:37
955,1422,3,2026-06-01 00:40:01
956,1424,2,2026-06-01 16:41:04
957,1426,5,2026-04-08 06:59:59
958,1426,3,2026-04-09 09:07:19
959,1430,1,2026-04-01 12:31:56
960,1431,2,2026-04-21 06:56:25
961,1431,5,2026-04-19 05:38:32
962,1433,3,2026-04-29 02:36:06
963,1433,1,2026-04-27 20:01:58
964,1436,1,2026-02-16 16:25:29
965,1436,5,2026-02-16 16:13:29
966,1439,5,2026-04-16 23:42:47
967,1439,3,2026-04-16 06:25:09
968,1440,1,2026-05-03 09:01:50
969,1440,5,2026-05-04 23:59:18
970,1441,3,2026-05-24 05:57:04
971,1442,5,2026-05-14 18:43:46
972,1442,3,2026-05-12 19:09:33
973,1448,3,2026-04-01 20:14:04
974,1449,1,2026-04-27 13:18:40
975,1449,4,2026-04-28 01:06:30
976,1450,1,2026-02-18 20:15:38
977,1450,4,2026-02-19 11:27:41
978,1452,4,2026-03-10 01:51:37
979,1453,5,2026-04-04 02:26:10
980,1456,5,2026-02-27 19:18:27
981,1457,2,2026-05-15 17:48:31
982,1457,3,2026-05-16 01:17:22
983,1461,5,2026-02-19 05:19:06
984,1461,2,2026-02-18 17:10:39
985,1463,5,2026-03-29 14:16:12
986,1466,3,2026-04-26 21:41:31
987,1466,1,2026-04-27 12:47:23
988,1468,2,2026-05-18 03:36:08
989,1469,3,2026-03-30 11:21:29
990,1473,4,2026-04-18 03:25:45
991,1473,1,2026-04-19 18:06:51
992,1474,5,2026-02-25 05:16:33
993,1474,4,2026-02-26 13:02:58
994,1475,1,2026-04-16 03:42:38
995,1477,2,2026-03-16 21:02:31
996,1477,5,2026-03-14 09:42:14
997,1480,1,2026-03-25 05:59:28
998,1481,4,2026-05-06 05:03:32
999,1481,1,2026-05-06 21:57:30
1000,1482,5,2026-05-18 18:56:26
1001,1487,5,2026-05-23 01:54:49
1002,1487,1,2026-05-23 14:00:08
1003,1489,5,2026-03-11 03:45:34
1004,1489,3,2026-03-12 05:58:57
1005,1491,5,2026-05-02 22:03:51
1006,1491,3,2026-05-01 04:13:17
1007,1492,4,2026-04-25 15:38:09
1008,1494,2,2026-05-27 05:53:37
1009,1494,4,2026-05-26 13:23:35
1010,1495,2,2026-05-18 23:52:38
1011,1495,4,2026-05-17 02:25:34
1012,1496,5,2026-04-04 16:53:42
1013,1497,5,2026-05-11 18:02:58
1014,1498,2,2026-05-21 00:44:36
1015,1499,4,2026-04-05 08:24:51
1016,1500,5,2026-03-26 22:58:14
1017,1500,1,2026-03-27 06:11:29
1018,1501,4,2026-04-15 22:28:50
1019,1501,1,2026-04-16 11:55:40
1020,1502,4,2026-05-18 09:12:51
1021,1502,3,2026-05-21 10:18:26
1022,1506,3,2026-02-24 11:04:23
1023,1509,3,2026-02-23 10:20:05
1024,1511,2,2026-04-22 00:26:19
1025,1512,3,2026-03-23 22:58:24
1026,1513,3,2026-02-17 14:33:11
1027,1520,4,2026-02-28 16:59:48
1028,1520,1,2026-03-04 15:51:24
1029,1524,4,2026-03-10 02:12:33
1030,1525,4,2026-05-13 09:57:00
1031,1527,2,2026-04-17 18:19:54
1032,1529,3,2026-03-09 14:38:45
1033,1529,1,2026-03-08 16:42:55
1034,1537,5,2026-02-27 00:31:15
1035,1541,4,2026-03-03 16:46:52
1036,1542,1,2026-03-02 18:09:45
1037,1542,5,2026-03-02 02:51:50
1038,1544,5,2026-03-17 05:22:27
1039,1545,5,2026-04-22 17:24:02
1040,1545,2,2026-04-22 03:14:56
1041,1547,4,2026-05-18 23:39:18
1042,1549,1,2026-05-24 07:39:33
1043,1549,4,2026-05-23 17:17:04
1044,1550,3,2026-03-26 07:45:18
1045,1550,1,2026-03-26 13:41:41
1046,1554,4,2026-05-25 05:56:05
1047,1557,4,2026-04-12 04:36:01
1048,1558,3,2026-05-29 02:04:49
1049,1559,2,2026-05-18 02:33:44
1050,1559,5,2026-05-16 16:49:51
1051,1560,2,2026-05-30 12:38:36
1052,1561,3,2026-03-03 15:10:05
1053,1561,2,2026-03-05 13:02:04
1054,1562,4,2026-03-02 05:15:59
1055,1564,4,2026-02-22 22:14:53
1056,1565,1,2026-04-19 20:18:48
1057,1567,1,2026-02-21 21:52:12
1058,1567,4,2026-02-23 00:23:06
1059,1569,4,2026-05-26 06:47:19
1060,1569,5,2026-05-26 11:32:43
1061,1571,4,2026-04-11 15:22:35
1062,1571,2,2026-04-10 00:42:17
1063,1574,3,2026-03-21 05:51:19
1064,1577,3,2026-05-23 18:25:10
1065,1577,2,2026-05-24 02:20:03
1066,1579,3,2026-03-30 15:53:18
1067,1581,5,2026-04-03 20:34:08
1068,1581,1,2026-04-03 16:26:25
1069,1582,4,2026-03-16 12:43:42
1070,1587,5,2026-03-02 12:28:08
1071,1587,2,2026-02-28 07:44:08
1072,1589,2,2026-04-19 22:46:42
1073,1589,3,2026-04-23 02:44:42
1074,1590,5,2026-04-07 01:47:27
1075,1592,1,2026-02-27 20:04:41
1076,1593,4,2026-03-13 06:38:40
1077,1593,2,2026-03-15 14:28:31
1078,1594,3,2026-02-25 01:31:08
1079,1594,4,2026-02-26 02:12:25
1080,1597,4,2026-05-29 19:56:58
1081,1598,5,2026-04-13 17:55:04
1082,1598,4,2026-04-15 11:39:50
1083,1599,3,2026-04-05 18:48:35
1084,1600,2,2026-03-20 19:44:13
1085,1600,1,2026-03-19 20:32:56
1086,1601,1,2026-04-27 19:56:57
1087,1603,2,2026-05-11 12:16:39
1088,1603,1,2026-05-10 02:20:58
1089,1605,3,2026-05-15 12:51:06
1090,1606,3,2026-04-03 11:45:21
1091,1606,4,2026-04-05 22:38:38
1092,1608,1,2026-03-31 16:57:13
1093,1610,2,2026-04-15 12:04:02
1094,1610,5,2026-04-16 14:30:59
1095,1613,3,2026-05-19 17:22:32
1096,1613,1,2026-05-21 23:55:36
1097,1614,4,2026-05-10 14:48:42
1098,1614,2,2026-05-10 14:54:53
1099,1615,2,2026-04-15 08:12:22
1100,1616,1,2026-03-17 20:03:50
1101,1618,2,2026-03-19 05:35:45
1102,1618,5,2026-03-20 18:11:25
1103,1620,4,2026-05-29 13:44:52
1104,1620,5,2026-05-28 00:43:55
1105,1621,3,2026-03-01 20:04:22
1106,1622,3,2026-05-11 03:05:36
1107,1627,1,2026-04-28 00:23:26
1108,1627,3,2026-04-27 09:16:56
1109,1628,5,2026-03-30 19:32:40
1110,1630,2,2026-02-21 20:20:47
1111,1630,4,2026-02-24 09:27:30
1112,1631,5,2026-04-19 12:36:14
1113,1634,4,2026-03-10 18:26:05
1114,1634,2,2026-03-10 18:30:18
1115,1635,4,2026-05-31 18:36:55
1116,1635,5,2026-05-31 01:55:50
1117,1639,3,2026-04-27 00:49:36
1118,1639,4,2026-04-29 14:03:12
1119,1643,2,2026-04-08 03:42:36
1120,1644,5,2026-05-17 18:32:54
1121,1644,1,2026-05-17 10:36:35
1122,1646,1,2026-05-15 01:57:31
1123,1647,5,2026-05-08 19:32:46
1124,1649,5,2026-03-07 21:49:21
1125,1649,4,2026-03-09 19:17:56
1126,1651,1,2026-05-29 12:10:34
1127,1651,3,2026-05-28 21:44:19
1128,1656,3,2026-03-06 16:55:20
1129,1657,5,2026-05-11 23:58:12
1130,1657,4,2026-05-10 11:42:56
1131,1660,3,2026-04-03 13:37:51
1132,1660,4,2026-04-04 02:52:27
1133,1663,4,2026-03-21 21:38:53
1134,1665,4,2026-04-06 07:22:11
1135,1668,2,2026-03-16 08:09:04
1136,1671,4,2026-04-26 10:47:14
1137,1671,2,2026-04-22 23:41:10
1138,1672,5,2026-04-02 01:59:06
1139,1674,4,2026-05-10 20:07:58
1140,1674,1,2026-05-11 05:12:17
1141,1677,2,2026-05-07 19:32:49
1142,1678,3,2026-03-03 03:29:25
1143,1678,5,2026-03-06 14:25:55
1144,1682,3,2026-02-16 14:10:21
1145,1684,1,2026-05-05 17:59:21
1146,1685,1,2026-02-24 14:03:43
1147,1688,3,2026-03-19 08:03:34
1148,1692,2,2026-03-16 04:55:05
1149,1694,1,2026-04-23 23:56:27
1150,1694,2,2026-04-23 22:23:14
1151,1696,3,2026-04-18 20:50:26
1152,1696,2,2026-04-16 19:03:13
1153,1697,3,2026-04-24 11:31:07
1154,1698,3,2026-02-15 11:09:02
1155,1699,3,2026-05-15 19:35:18
1156,1699,5,2026-05-17 01:20:33
1157,1700,4,2026-02-20 06:06:15
1158,1701,1,2026-03-21 03:40:40
1159,1703,1,2026-04-18 19:13:46
1160,1703,4,2026-04-16 04:50:31
1161,1705,1,2026-04-22 19:22:00
1162,1709,5,2026-03-27 15:53:04
1163,1709,1,2026-03-27 17:33:15
1164,1711,1,2026-02-16 16:57:06
1165,1715,1,2026-02-25 23:51:52
1166,1715,4,2026-02-26 09:10:56
1167,1718,2,2026-02-28 13:58:22
1168,1722,5,2026-05-30 22:40:38
1169,1722,3,2026-05-29 22:53:35
1170,1725,5,2026-03-05 15:30:13
1171,1725,1,2026-03-06 11:15:28
1172,1727,1,2026-04-17 04:59:11
1173,1731,3,2026-04-23 16:50:40
1174,1731,4,2026-04-23 18:27:45
1175,1733,2,2026-03-30 07:35:47
1176,1733,3,2026-03-31 09:58:58
1177,1735,5,2026-05-23 11:21:05
1178,1736,3,2026-03-24 18:03:52
1179,1739,5,2026-03-29 18:47:38
1180,1740,5,2026-04-29 14:31:57
1181,1740,1,2026-04-28 03:57:27
1182,1742,3,2026-05-11 13:37:54
1183,1742,2,2026-05-07 21:26:05
1184,1743,1,2026-05-16 08:35:46
1185,1744,4,2026-03-25 18:05:54
1186,1744,1,2026-03-24 05:54:21
1187,1745,3,2026-04-18 03:38:37
1188,1745,5,2026-04-18 22:23:13
1189,1746,5,2026-03-24 07:36:38
1190,1749,4,2026-02-22 01:03:45
1191,1749,1,2026-02-22 23:40:25
1192,1750,1,2026-05-04 20:04:00
1193,1752,5,2026-04-28 10:50:01
1194,1752,4,2026-04-26 15:04:02
1195,1753,2,2026-05-10 23:43:24
1196,1755,4,2026-04-15 19:40:38
1197,1758,4,2026-02-17 10:17:32
1198,1760,1,2026-04-29 08:02:38
1199,1760,3,2026-04-28 20:25:17
1200,1763,4,2026-05-01 19:02:14
1201,1765,1,2026-03-18 02:04:34
1202,1765,4,2026-03-20 16:23:50
1203,1766,1,2026-03-29 00:58:03
1204,1766,5,2026-03-30 09:03:21
1205,1769,2,2026-04-26 21:39:47
1206,1770,1,2026-03-07 12:33:44
1207,1771,2,2026-03-16 10:39:22
1208,1771,4,2026-03-13 03:15:37
1209,1772,4,2026-04-09 08:09:08
1210,1773,3,2026-04-29 15:50:24
1211,1773,1,2026-04-30 21:07:38
1212,1776,1,2026-04-23 13:47:43
1213,1776,5,2026-04-23 18:06:54
1214,1779,3,2026-05-01 23:18:56
1215,1779,2,2026-05-04 03:02:55
1216,1783,1,2026-02-28 22:34:41
1217,1785,3,2026-03-09 14:48:41
1218,1785,1,2026-03-07 02:07:49
1219,1786,4,2026-03-29 12:52:35
1220,1786,3,2026-03-30 14:38:01
1221,1787,5,2026-04-25 15:24:14
1222,1787,2,2026-04-26 21:19:25
1223,1788,1,2026-03-23 01:37:42
1224,1788,4,2026-03-22 00:53:00
1225,1789,2,2026-04-24 08:55:25
1226,1789,1,2026-04-23 09:12:02
1227,1790,2,2026-04-01 05:57:58
1228,1792,5,2026-05-26 20:49:09
1229,1792,3,2026-05-25 22:10:12
1230,1793,3,2026-03-23 05:19:28
1231,1797,2,2026-04-01 18:28:23
1232,1797,1,2026-04-02 15:50:02
1233,1798,3,2026-03-31 13:16:39
1234,1800,4,2026-05-04 02:59:56
1235,1800,2,2026-05-01 05:52:14
1236,1802,1,2026-05-29 08:07:56
1237,1802,3,2026-05-28 08:52:20
1238,1803,1,2026-03-11 18:39:20
1239,1804,5,2026-05-31 21:01:54
1240,1806,5,2026-05-31 06:02:17
1241,1806,1,2026-05-28 08:21:23
1242,1811,2,2026-04-29 23:30:10
1243,1813,3,2026-04-29 19:20:42
1244,1814,5,2026-02-18 12:30:48
1245,1814,2,2026-02-21 03:14:05
1246,1816,2,2026-05-16 01:40:16
1247,1817,5,2026-03-31 23:23:16
1248,1818,2,2026-05-18 06:14:24
1249,1818,5,2026-05-16 20:37:40
1250,1821,3,2026-03-27 17:33:09
1251,1822,5,2026-04-16 13:07:44
1252,1823,4,2026-02-25 17:52:59
1253,1823,2,2026-02-25 16:17:46
1254,1825,2,2026-05-04 00:19:22
1255,1825,3,2026-05-02 22:35:47
1256,1827,3,2026-03-17 05:09:40
1257,1829,2,2026-05-12 20:36:38
1258,1829,5,2026-05-15 03:02:29
1259,1830,3,2026-03-10 17:53:52
1260,1830,2,2026-03-12 04:17:47
1261,1833,2,2026-03-20 06:01:43
1262,1833,1,2026-03-19 22:26:38
1263,1836,2,2026-04-05 17:48:26
1264,1836,5,2026-04-06 01:55:10
1265,1838,4,2026-05-01 09:12:52
1266,1838,2,2026-04-30 20:41:36
1267,1840,4,2026-05-26 03:41:18
1268,1840,2,2026-05-26 11:44:04
1269,1842,5,2026-04-17 13:13:41
1270,1842,3,2026-04-17 12:16:52
1271,1843,1,2026-04-28 04:42:29
1272,1843,3,2026-05-01 12:51:48
1273,1845,2,2026-05-21 06:37:42
1274,1845,1,2026-05-21 06:04:04
1275,1847,2,2026-03-05 23:20:08
1276,1848,1,2026-04-30 19:11:21
1277,1848,4,2026-05-01 08:29:30
1278,1849,2,2026-04-05 20:28:27
1279,1849,1,2026-04-03 16:17:59
1280,1850,4,2026-03-28 16:25:58
1281,1851,1,2026-03-09 21:06:49
1282,1853,5,2026-04-09 20:31:10
1283,1853,4,2026-04-10 11:18:27
1284,1858,1,2026-02-24 19:17:46
1285,1858,2,2026-02-26 21:23:51
1286,1863,2,2026-05-10 15:25:59
1287,1867,5,2026-02-17 15:08:48
1288,1868,2,2026-03-06 01:56:34
1289,1868,4,2026-03-07 18:32:06
1290,1873,3,2026-04-17 07:56:09
1291,1874,3,2026-05-22 23:00:37
1292,1876,5,2026-03-30 15:23:04
1293,1876,3,2026-03-29 06:56:32
1294,1877,5,2026-05-25 17:47:36
1295,1880,1,2026-04-25 16:13:19
1296,1881,3,2026-05-29 10:41:37
1297,1884,2,2026-02-18 16:25:29
1298,1890,1,2026-03-11 10:48:07
1299,1890,4,2026-03-11 08:33:13
1300,1892,2,2026-05-04 22:16:04
1301,1892,1,2026-05-05 12:57:44
1302,1894,5,2026-05-10 14:48:03
1303,1894,1,2026-05-11 01:30:27
1304,1895,2,2026-03-29 03:22:34
1305,1897,1,2026-05-25 13:00:40
1306,1897,2,2026-05-25 00:22:40
1307,1900,5,2026-02-20 18:58:03
1308,1901,4,2026-04-10 20:24:02
1309,1904,2,2026-05-12 00:56:25
1310,1904,3,2026-05-11 15:41:37
1311,1905,1,2026-04-19 13:21:53
1312,1905,5,2026-04-20 00:28:08
1313,1906,2,2026-04-22 03:16:15
1314,1908,2,2026-02-18 02:02:45
1315,1912,5,2026-05-22 11:59:15
1316,1918,3,2026-03-29 19:14:43
1317,1921,5,2026-05-01 15:40:46
1318,1921,4,2026-05-02 16:28:11
1319,1922,4,2026-04-12 02:56:10
1320,1923,2,2026-05-25 19:03:23
1321,1924,4,2026-04-07 23:19:09
1322,1924,1,2026-04-08 05:36:40
1323,1926,2,2026-05-05 19:36:37
1324,1929,5,2026-04-17 13:24:47
1325,1929,3,2026-04-16 11:32:37
1326,1930,2,2026-04-02 15:44:05
1327,1931,1,2026-02-25 00:22:41
1328,1931,2,2026-02-25 13:04:23
1329,1934,3,2026-02-20 15:08:18
1330,1934,2,2026-02-19 00:31:16
1331,1935,5,2026-04-02 04:12:29
1332,1935,3,2026-04-03 15:48:56
1333,1940,1,2026-02-14 18:32:56
1334,1940,5,2026-02-15 06:43:25
1335,1942,3,2026-04-16 03:43:09
1336,1946,2,2026-05-22 12:54:25
1337,1946,4,2026-05-25 09:52:45
1338,1949,2,2026-05-04 10:21:28
1339,1949,5,2026-05-05 22:38:13
1340,1950,5,2026-02-26 17:04:44
1341,1952,3,2026-04-24 23:39:20
1342,1953,4,2026-04-05 13:46:10
1343,1954,2,2026-03-22 13:46:18
1344,1954,3,2026-03-23 21:47:35
1345,1955,3,2026-03-17 01:00:10
1346,1955,4,2026-03-19 06:06:23
1347,1956,4,2026-05-17 06:02:43
1348,1956,3,2026-05-17 17:11:39
1349,1958,2,2026-05-14 09:23:50
1350,1959,5,2026-03-20 19:54:33
1351,1960,5,2026-05-02 19:29:33
1352,1963,5,2026-03-19 01:05:16
1353,1963,3,2026-03-17 03:07:41
1354,1964,2,2026-04-17 09:16:03
1355,1966,5,2026-02-19 19:57:20
1356,1966,1,2026-02-20 22:51:16
1357,1968,3,2026-04-07 00:12:49
1358,1973,4,2026-05-30 23:19:47
1359,1973,1,2026-05-31 03:02:35
1360,1974,1,2026-04-30 11:54:27
1361,1974,4,2026-04-30 18:06:40
1362,1977,3,2026-05-12 14:00:04
1363,1979,5,2026-05-25 05:59:49
1364,1980,1,2026-05-18 14:46:22
1365,1980,4,2026-05-16 23:14:24
1366,1982,1,2026-05-16 23:30:33
1367,1982,5,2026-05-15 11:41:19
1368,1983,1,2026-02-24 07:42:20
1369,1983,5,2026-02-25 12:16:15
1370,1986,4,2026-03-30 05:56:28
1371,1986,3,2026-03-27 20:58:11
1372,1987,5,2026-04-21 06:05:45
1373,1988,5,2026-05-09 18:19:43
1374,1990,4,2026-02-27 09:57:06
1375,1992,4,2026-05-05 16:37:50
1376,1992,5,2026-05-05 09:12:38
1377,1993,5,2026-04-03 12:29:22
1378,1994,4,2026-03-06 23:21:24
1379,1994,5,2026-03-04 16:56:53
1380,1995,2,2026-04-12 12:00:24
1381,1996,2,2026-04-17 21:42:06
1382,1996,1,2026-04-17 10:52:56
1383,1997,3,2026-03-19 06:33:04
1384,1998,4,2026-05-18 09:09:21
1385,1998,5,2026-05-18 03:20:45
1386,2002,4,2026-05-04 00:37:41
1387,2002,3,2026-05-06 05:59:35
1388,2004,1,2026-04-15 11:15:03
1389,2005,2,2026-02-17 21:56:00
1390,2006,5,2026-05-04 05:53:40
1391,2007,5,2026-05-29 15:07:18
1392,2010,4,2026-03-15 06:20:55
1393,2015,1,2026-03-28 04:22:18
1394,2015,2,2026-03-25 18:30:55
1395,2017,2,2026-03-12 19:59:57
1396,2018,2,2026-05-10 17:26:25
1397,2021,2,2026-04-29 13:32:42
1398,2021,3,2026-04-29 20:12:38
1399,2023,2,2026-03-06 07:34:02
1400,2025,1,2026-04-23 14:52:53
1401,2025,3,2026-04-24 23:24:54
1402,2026,1,2026-03-19 19:48:47
1403,2029,4,2026-04-18 15:31:44
1404,2031,1,2026-04-10 07:51:38
1405,2032,3,2026-02-27 21:08:17
1406,2032,2,2026-02-28 23:08:52
1407,2040,4,2026-04-10 08:45:39
1408,2040,3,2026-04-10 07:38:39
1409,2041,3,2026-03-02 03:33:24
1410,2043,5,2026-03-16 18:40:08
1411,2044,2,2026-03-04 23:23:41
1412,2044,1,2026-03-05 14:47:17
1413,2045,5,2026-05-02 19:34:47
1414,2046,5,2026-05-19 17:05:02
1415,2046,2,2026-05-17 21:17:19
1416,2054,1,2026-05-18 05:17:47
1417,2056,3,2026-03-03 00:28:58
1418,2057,3,2026-02-27 04:21:44
1419,2063,1,2026-02-23 20:43:31
1420,2063,3,2026-02-26 19:15:18
1421,2064,1,2026-05-27 11:55:36
1422,2071,3,2026-02-21 18:46:45
1423,2073,1,2026-03-31 07:08:45
1424,2073,4,2026-04-03 00:27:36
1425,2074,3,2026-03-05 00:55:27
1426,2076,2,2026-04-18 22:38:09
1427,2076,4,2026-04-19 06:07:34
1428,2077,3,2026-03-05 03:43:09
1429,2077,4,2026-03-03 01:36:59
1430,2079,5,2026-04-23 12:57:02
1431,2084,2,2026-04-03 22:02:52
1432,2085,3,2026-05-22 11:57:35
1433,2085,2,2026-05-22 05:27:57
1434,2087,4,2026-03-18 18:43:50
1435,2088,4,2026-03-31 03:56:30
1436,2089,2,2026-04-27 03:06:28
1437,2093,1,2026-03-04 12:20:07
1438,2095,3,2026-04-21 04:59:50
1439,2096,1,2026-02-27 19:09:55
1440,2096,5,2026-02-27 12:54:07
1441,2098,4,2026-05-02 02:41:12
1442,2101,5,2026-03-02 19:38:30
1443,2102,5,2026-04-18 05:41:57
1444,2105,4,2026-04-07 19:28:18
1445,2106,4,2026-03-04 16:10:06
1446,2106,1,2026-03-05 11:59:22
1447,2110,4,2026-04-02 19:39:11
1448,2110,2,2026-04-04 09:42:38
1449,2113,3,2026-02-20 03:28:30
1450,2115,1,2026-04-20 10:48:58
1451,2115,5,2026-04-21 05:54:48
1452,2117,3,2026-03-31 06:31:17
1453,2123,2,2026-02-17 15:27:22
1454,2125,1,2026-03-19 05:00:34
1455,2126,1,2026-04-25 12:00:04
1456,2126,5,2026-04-23 18:57:38
1457,2127,4,2026-04-13 08:11:37
1458,2127,3,2026-04-13 05:25:59
1459,2132,5,2026-04-29 13:32:41
1460,2132,2,2026-04-28 07:07:43
1461,2135,3,2026-03-27 12:00:51
1462,2135,2,2026-03-25 13:53:16
1463,2136,2,2026-02-28 19:56:02
1464,2140,5,2026-03-06 16:27:40
1465,2146,5,2026-04-05 00:46:08
1466,2146,2,2026-04-04 23:34:11
1467,2149,3,2026-04-14 09:11:27
1468,2149,5,2026-04-13 23:04:44
1469,2150,1,2026-05-27 16:23:43
1470,2157,4,2026-03-25 20:06:33
1471,2161,4,2026-04-03 03:47:03
1472,2161,1,2026-04-03 13:24:43
1473,2162,2,2026-04-12 14:48:47
1474,2163,4,2026-05-26 08:48:39
1475,2163,1,2026-05-26 19:26:10
1476,2174,4,2026-05-10 15:20:29
1477,2174,3,2026-05-07 11:10:02
1478,2180,2,2026-05-30 06:50:39
1479,2180,3,2026-05-29 16:53:06
1480,2181,2,2026-05-26 03:03:17
1481,2181,3,2026-05-25 21:51:07
1482,2182,2,2026-03-15 23:27:55
1483,2182,5,2026-03-15 00:18:29
1484,2183,5,2026-03-04 21:24:41
1485,2184,4,2026-03-23 17:20:17
1486,2184,3,2026-03-26 12:37:17
1487,2186,2,2026-04-22 23:17:23
1488,2186,1,2026-04-23 17:57:55
1489,2187,1,2026-02-26 20:24:37
1490,2187,4,2026-02-25 17:41:28
1491,2191,3,2026-05-16 06:07:17
1492,2191,4,2026-05-15 15:13:38
1493,2193,3,2026-05-09 10:00:07
1494,2193,4,2026-05-09 13:23:40
1495,2194,3,2026-04-23 03:44:46
1496,2195,1,2026-04-03 19:47:01
1497,2195,3,2026-04-07 11:27:49
1498,2198,4,2026-04-10 23:33:43
1499,2198,3,2026-04-12 13:25:10
1500,2203,5,2026-02-22 06:03:09
1501,2206,5,2026-03-06 04:00:13
1502,2207,4,2026-03-30 19:48:54
1503,2207,5,2026-03-31 05:25:16
1504,2210,2,2026-02-15 18:12:25
1505,2213,4,2026-04-12 11:10:16
1506,2219,5,2026-02-22 15:35:03
1507,2220,1,2026-03-02 22:58:58
1508,2223,2,2026-05-29 17:44:55
1509,2223,5,2026-06-01 03:30:15
1510,2228,2,2026-05-05 15:27:09
1511,2231,4,2026-03-08 06:52:34
1512,2231,2,2026-03-05 13:48:15
1513,2232,2,2026-05-18 09:02:47
1514,2233,1,2026-03-31 07:08:46
1515,2233,2,2026-03-31 10:09:43
1516,2235,5,2026-02-20 21:47:08
1517,2236,3,2026-04-08 22:06:10
1518,2238,3,2026-03-16 10:03:05
1519,2240,5,2026-04-23 19:00:03
1520,2240,2,2026-04-26 11:58:43
1521,2243,2,2026-03-06 19:10:50
1522,2243,5,2026-03-05 18:11:11
1523,2245,4,2026-05-26 14:23:11
1524,2245,3,2026-05-28 05:53:58
1525,2246,3,2026-06-01 02:30:34
1526,2246,5,2026-05-31 05:30:33
1527,2251,5,2026-04-01 04:45:22
1528,2252,4,2026-03-06 18:14:57
1529,2254,3,2026-04-26 19:33:46
1530,2254,1,2026-04-25 14:55:32
1531,2256,4,2026-03-01 03:30:02
1532,2260,5,2026-03-15 19:35:21
1533,2260,4,2026-03-15 09:42:32
1534,2261,5,2026-05-02 02:50:19
1535,2261,3,2026-05-02 10:03:26
1536,2262,5,2026-03-10 19:10:53
1537,2262,1,2026-03-08 18:51:41
1538,2263,5,2026-05-07 21:42:59
1539,2263,1,2026-05-10 01:45:54
1540,2266,3,2026-03-13 12:10:04
1541,2266,5,2026-03-11 19:15:49
1542,2270,1,2026-03-29 01:29:19
1543,2272,5,2026-04-25 01:09:35
1544,2272,1,2026-04-25 00:51:26
1545,2273,1,2026-02-28 04:09:53
1546,2273,4,2026-02-26 23:55:38
1547,2275,1,2026-05-04 07:29:19
1548,2276,4,2026-05-20 09:25:33
1549,2277,1,2026-04-24 23:54:31
1550,2279,2,2026-04-26 14:31:22
1551,2280,5,2026-02-17 09:37:36
1552,2281,4,2026-03-07 09:05:02
1553,2283,2,2026-05-15 12:58:07
1554,2283,3,2026-05-16 05:04:32
1555,2284,3,2026-05-13 19:52:30
1556,2284,5,2026-05-17 08:08:34
1557,2287,5,2026-03-22 12:36:23
1558,2287,3,2026-03-20 02:41:39
1559,2290,4,2026-03-14 01:35:36
1560,2290,2,2026-03-13 21:39:14
1561,2292,4,2026-05-16 12:28:04
1562,2292,3,2026-05-18 15:01:46
1563,2296,4,2026-04-06 04:46:17
1564,2296,2,2026-04-05 11:56:55
1565,2298,5,2026-05-24 20:29:45
1566,2298,1,2026-05-26 05:26:56
1567,2300,3,2026-05-14 21:35:51
1568,2301,5,2026-04-19 09:09:47
1569,2301,4,2026-04-17 00:13:32
1570,2302,2,2026-02-21 20:25:18
1571,2302,4,2026-02-19 10:22:02
1572,2303,1,2026-05-19 11:52:51
1573,2304,5,2026-02-23 20:43:58
1574,2305,2,2026-05-06 06:54:46
1575,2305,1,2026-05-04 19:30:46
1576,2307,2,2026-03-05 15:33:41
1577,2307,4,2026-03-08 13:26:25
1578,2308,4,2026-03-26 18:08:13
1579,2309,1,2026-05-26 16:33:28
1580,2309,2,2026-05-27 23:47:44
1581,2311,2,2026-03-28 05:52:25
1582,2315,5,2026-02-20 15:51:07
1583,2315,3,2026-02-17 14:07:22
1584,2317,4,2026-03-07 16:57:53
1585,2319,5,2026-05-14 11:38:13
1586,2319,3,2026-05-13 15:07:49
1587,2327,4,2026-02-20 20:57:22
1588,2331,4,2026-05-31 15:16:53
1589,2337,5,2026-04-10 03:49:06
1590,2338,1,2026-05-05 00:40:57
1591,2338,2,2026-05-04 21:33:58
1592,2340,4,2026-04-26 09:08:05
1593,2340,3,2026-04-26 06:17:44
1594,2342,5,2026-03-06 10:21:31
1595,2343,1,2026-02-28 20:11:26
1596,2343,3,2026-03-02 17:28:57
1597,2345,3,2026-03-08 07:39:36
1598,2348,1,2026-03-20 16:14:03
1599,2349,3,2026-05-22 05:54:20
1600,2349,5,2026-05-21 15:29:29
1601,2351,5,2026-03-25 07:46:13
1602,2352,2,2026-04-18 16:02:53
1603,2353,4,2026-05-14 04:07:19
1604,2353,5,2026-05-17 10:17:38
1605,2354,3,2026-04-03 20:46:38
1606,2357,3,2026-05-30 01:15:51
1607,2357,1,2026-05-29 14:26:36
1608,2358,4,2026-02-23 05:14:49
1609,2359,1,2026-04-24 12:40:48
1610,2359,4,2026-04-25 08:49:17
1611,2360,5,2026-04-11 00:18:31
1612,2360,2,2026-04-13 04:13:29
1613,2361,1,2026-03-12 13:09:15
1614,2362,3,2026-02-26 17:41:12
1615,2362,4,2026-02-24 09:07:14
1616,2365,3,2026-05-03 08:33:57
1617,2365,2,2026-05-04 09:46:08
1618,2366,4,2026-02-24 17:38:03
1619,2370,5,2026-03-20 11:58:46
1620,2370,4,2026-03-20 00:45:38
1621,2371,1,2026-05-14 18:34:42
1622,2371,5,2026-05-15 11:18:08
1623,2374,1,2026-02-16 18:53:27
1624,2374,2,2026-02-17 15:17:43
1625,2378,4,2026-02-19 15:21:56
1626,2379,2,2026-03-06 07:14:30
1627,2380,3,2026-03-24 20:46:29
1628,2381,2,2026-03-08 04:38:24
1629,2381,4,2026-03-06 06:53:27
1630,2382,3,2026-02-17 03:06:07
1631,2382,1,2026-02-17 23:48:30
1632,2384,4,2026-02-21 16:50:58
1633,2384,3,2026-02-25 13:00:53
1634,2388,4,2026-03-17 13:51:14
1635,2389,5,2026-02-25 01:25:13
1636,2389,1,2026-02-22 03:20:01
1637,2395,3,2026-04-24 18:28:42
1638,2396,4,2026-05-14 14:03:47
1639,2397,2,2026-02-22 19:15:30
1640,2398,3,2026-04-27 05:30:08
1641,2398,4,2026-04-27 12:40:50
1642,2401,2,2026-02-22 18:55:18
1643,2402,3,2026-03-30 18:34:10
1644,2403,3,2026-03-05 02:54:24
1645,2404,4,2026-05-09 10:33:40
1646,2404,1,2026-05-07 18:57:31
1647,2409,5,2026-05-30 10:08:11
1648,2409,2,2026-05-31 09:29:47
1649,2413,4,2026-05-10 20:12:34
1650,2413,3,2026-05-07 20:39:34
1651,2415,4,2026-02-24 10:54:49
1652,2415,3,2026-02-24 19:16:19
1653,2420,2,2026-04-26 07:08:19
1654,2421,1,2026-05-08 01:35:02
1655,2421,4,2026-05-09 10:30:03
1656,2423,2,2026-03-19 00:18:23
1657,2434,5,2026-05-01 05:56:06
1658,2434,1,2026-05-01 19:54:17
1659,2435,2,2026-02-26 21:13:04
1660,2435,3,2026-02-27 05:40:01
1661,2436,3,2026-03-10 14:30:17
1662,2436,5,2026-03-08 07:34:04
1663,2438,2,2026-05-14 18:27:54
1664,2438,1,2026-05-17 04:10:15
1665,2446,3,2026-03-14 09:12:16
1666,2450,2,2026-03-23 08:44:57
1667,2450,1,2026-03-25 19:13:58
1668,2453,5,2026-02-25 16:10:15
1669,2453,2,2026-02-26 01:42:20
1670,2455,3,2026-04-06 15:07:05
1671,2455,1,2026-04-05 01:02:04
1672,2456,3,2026-02-23 05:00:39
1673,2458,1,2026-02-27 13:38:32
1674,2459,3,2026-03-29 12:21:18
1675,2459,4,2026-03-30 15:15:24
1676,2461,3,2026-03-21 17:43:24
1677,2462,3,2026-02-25 06:33:28
1678,2462,1,2026-02-24 23:22:06
1679,2464,1,2026-05-27 15:28:04
1680,2464,3,2026-05-25 06:37:02
1681,2465,3,2026-02-18 18:03:08
1682,2465,5,2026-02-16 00:07:08
1683,2466,4,2026-05-12 03:02:16
1684,2466,1,2026-05-13 05:19:15
1685,2472,2,2026-04-08 08:37:43
1686,2472,1,2026-04-07 06:55:39
1687,2473,4,2026-05-01 17:14:34
1688,2473,1,2026-05-03 03:53:11
1689,2476,3,2026-03-24 17:40:32
1690,2476,2,2026-03-25 11:27:22
1691,2477,1,2026-05-03 08:56:12
1692,2478,5,2026-05-16 18:16:44
1693,2479,3,2026-03-20 22:25:32
1694,2481,2,2026-02-21 20:35:19
1695,2481,4,2026-02-22 01:33:09
1696,2482,1,2026-03-30 03:18:36
1697,2483,2,2026-04-06 07:23:59
1698,2483,3,2026-04-03 19:53:55
1699,2485,1,2026-05-31 14:37:38
1700,2485,5,2026-05-28 19:53:19
1701,2487,4,2026-03-15 19:16:47
1702,2493,1,2026-03-16 22:27:07
1703,2493,3,2026-03-17 07:10:43
1704,2496,4,2026-04-11 02:10:41
1705,2501,4,2026-03-23 22:21:40
1706,2501,5,2026-03-26 03:59:08
1707,2504,3,2026-04-22 02:37:55
1708,2506,5,2026-03-16 18:36:04
1709,2508,1,2026-04-11 07:56:26
1710,2508,2,2026-04-12 06:30:52
1711,2514,3,2026-04-22 05:59:44
1712,2518,3,2026-05-22 11:16:38
1713,2518,1,2026-05-21 00:23:08
1714,2519,3,2026-04-03 10:16:30
1715,2519,4,2026-04-02 23:34:35
1716,2521,4,2026-02-25 11:08:13
1717,2521,3,2026-02-25 06:00:08
1718,2522,3,2026-04-08 08:58:18
1719,2523,2,2026-03-27 03:38:55
1720,2525,3,2026-03-13 10:47:48
1721,2527,5,2026-05-26 07:12:38
1722,2527,3,2026-05-25 16:53:36
1723,2528,1,2026-03-04 17:25:36
1724,2528,2,2026-03-07 22:32:50
1725,2534,3,2026-04-28 12:16:25
1726,2534,4,2026-04-30 08:37:48
1727,2536,1,2026-02-21 08:35:38
1728,2537,2,2026-02-27 17:27:07
1729,2538,2,2026-03-02 10:26:26
1730,2538,3,2026-03-02 17:52:16
1731,2541,2,2026-04-15 17:14:32
1732,2541,5,2026-04-14 06:23:31
1733,2542,1,2026-05-22 21:37:22
1734,2543,5,2026-02-19 17:56:41
1735,2543,4,2026-02-21 23:11:55
1736,2544,2,2026-05-01 04:48:18
1737,2547,3,2026-03-24 06:31:14
1738,2549,3,2026-02-21 23:13:02
1739,2549,2,2026-02-23 02:40:21
1740,2550,5,2026-05-19 03:42:48
1741,2551,4,2026-03-31 08:44:54
1742,2555,5,2026-05-25 07:34:48
1743,2556,3,2026-03-17 13:22:31
1744,2558,1,2026-03-29 04:06:09
1745,2558,4,2026-03-29 10:21:44
1746,2559,1,2026-05-03 18:15:02
1747,2560,3,2026-03-25 11:26:42
1748,2560,5,2026-03-28 14:57:24
1749,2561,1,2026-04-09 22:06:58
1750,2562,4,2026-06-01 21:41:40
1751,2562,3,2026-05-31 07:19:03
1752,2564,4,2026-04-14 12:05:53
1753,2567,4,2026-05-13 00:23:58
1754,2568,3,2026-03-10 12:42:35
1755,2571,2,2026-03-10 05:25:17
1756,2571,4,2026-03-11 13:49:19
1757,2574,2,2026-03-18 06:44:56
1758,2575,1,2026-04-24 03:03:40
1759,2576,5,2026-05-22 06:28:46
1760,2577,1,2026-03-21 21:46:09
1761,2577,2,2026-03-19 19:28:52
1762,2580,3,2026-04-01 23:10:40
1763,2583,4,2026-05-19 06:56:20
1764,2583,1,2026-05-20 05:20:37
1765,2584,3,2026-05-11 01:05:52
1766,2585,5,2026-03-07 15:12:22
1767,2585,2,2026-03-07 11:42:54
1768,2589,2,2026-03-27 23:31:31
1769,2591,3,2026-04-14 00:40:17
1770,2591,4,2026-04-13 19:24:45
1771,2592,5,2026-05-19 15:55:48
1772,2592,4,2026-05-16 19:02:52
1773,2593,5,2026-03-15 01:08:33
1774,2593,3,2026-03-14 02:58:01
1775,2597,5,2026-03-15 08:51:12
1776,2598,2,2026-04-20 05:35:21
1777,2598,4,2026-04-17 16:15:57
1778,2599,4,2026-04-29 09:06:19
1779,2601,1,2026-04-19 05:06:27
1780,2603,2,2026-02-26 16:53:38
1781,2604,5,2026-03-13 05:13:42
1782,2604,2,2026-03-13 17:43:31
1783,2605,5,2026-02-24 22:18:52
1784,2605,3,2026-02-23 17:19:08
1785,2606,3,2026-03-08 12:13:59
1786,2606,5,2026-03-07 10:41:36
1787,2608,4,2026-03-11 01:09:32
1788,2609,2,2026-04-21 00:54:37
1789,2610,5,2026-02-20 04:12:43
1790,2614,4,2026-03-27 08:32:09
1791,2618,1,2026-03-26 11:33:58
1792,2618,5,2026-03-26 01:07:27
1793,2622,2,2026-03-15 23:31:31
1794,2622,5,2026-03-15 09:28:59
1795,2624,4,2026-05-13 21:46:17
1796,2624,5,2026-05-15 20:00:01
1797,2626,1,2026-03-20 07:50:02
1798,2633,1,2026-02-21 08:02:30
1799,2633,2,2026-02-21 05:29:20
1800,2645,2,2026-04-17 17:25:33
1801,2645,1,2026-04-20 05:58:05
1802,2648,1,2026-05-04 11:43:23
1803,2652,5,2026-04-05 01:13:46
1804,2652,4,2026-04-03 10:56:51
1805,2655,3,2026-05-02 20:28:56
1806,2655,1,2026-05-02 23:46:46
1807,2656,3,2026-04-03 17:42:50
1808,2656,1,2026-04-04 12:18:47
1809,2658,5,2026-05-17 03:37:43
1810,2660,5,2026-04-19 05:03:06
1811,2661,3,2026-04-04 02:34:23
1812,2662,1,2026-04-16 07:11:21
1813,2664,2,2026-03-19 02:03:41
1814,2664,4,2026-03-17 14:16:09
1815,2665,2,2026-05-14 05:56:23
1816,2670,2,2026-04-09 08:40:10
1817,2670,4,2026-04-07 05:22:16
1818,2671,4,2026-03-23 16:53:09
1819,2672,2,2026-04-16 13:36:50
1820,2672,5,2026-04-17 14:25:07
1821,2673,4,2026-03-18 00:34:46
1822,2676,4,2026-03-05 13:58:28
1823,2677,4,2026-03-25 14:24:49
1824,2680,5,2026-03-28 10:24:33
1825,2683,5,2026-03-16 03:43:14
1826,2683,3,2026-03-14 21:05:18
1827,2685,2,2026-03-06 16:50:48
1828,2685,5,2026-03-07 00:40:56
1829,2686,4,2026-03-20 07:11:08
1830,2691,5,2026-02-17 04:03:38
1831,2693,1,2026-03-21 13:46:22
1832,2694,5,2026-02-26 04:39:57
1833,2695,2,2026-04-30 02:56:07
1834,2696,1,2026-03-22 21:56:50
1835,2696,2,2026-03-23 15:45:49
1836,2697,5,2026-02-21 15:44:25
1837,2697,2,2026-02-23 01:41:22
1838,2698,3,2026-04-11 06:39:03
1839,2698,2,2026-04-10 12:13:14
1840,2699,4,2026-04-14 01:31:23
1841,2699,3,2026-04-16 05:12:21
1842,2712,4,2026-04-30 21:58:03
1843,2712,3,2026-04-30 18:29:45
1844,2714,5,2026-03-12 16:33:52
1845,2714,1,2026-03-15 14:35:48
1846,2717,2,2026-03-21 18:10:02
1847,2717,1,2026-03-24 22:13:49
1848,2720,3,2026-04-15 17:34:58
1849,2721,1,2026-05-22 18:54:25
1850,2722,2,2026-04-27 05:14:33
1851,2723,3,2026-05-17 17:38:45
1852,2724,5,2026-03-27 11:41:55
1853,2724,3,2026-03-27 05:35:06
1854,2726,4,2026-03-12 19:06:42
1855,2726,2,2026-03-14 07:26:13
1856,2727,5,2026-05-24 00:59:00
1857,2727,1,2026-05-20 23:54:04
1858,2728,4,2026-03-06 08:30:28
1859,2728,2,2026-03-08 11:43:42
1860,2729,3,2026-05-30 17:28:34
1861,2729,1,2026-05-29 22:22:46
1862,2730,4,2026-02-16 00:25:20
1863,2731,4,2026-03-23 16:27:49
1864,2731,5,2026-03-25 17:18:39
1865,2739,4,2026-02-18 23:28:16
1866,2739,2,2026-02-20 05:21:14
1867,2740,2,2026-04-30 10:12:11
1868,2740,4,2026-04-30 18:40:05
1869,2741,1,2026-02-16 05:52:10
1870,2741,2,2026-02-15 16:52:58
1871,2743,3,2026-04-26 08:16:26
1872,2743,1,2026-04-27 19:50:27
1873,2746,5,2026-04-20 11:09:14
1874,2748,1,2026-05-03 12:27:04
1875,2748,3,2026-04-30 09:14:05
1876,2751,3,2026-04-27 03:05:24
1877,2753,2,2026-04-26 02:41:37
1878,2755,3,2026-04-30 22:37:31
1879,2755,5,2026-04-29 16:19:42
1880,2757,4,2026-02-22 03:28:55
1881,2758,5,2026-05-31 05:56:52
1882,2758,4,2026-05-28 17:21:11
1883,2760,4,2026-04-30 08:10:55
1884,2762,2,2026-04-20 01:26:40
1885,2763,4,2026-04-06 11:57:30
1886,2763,5,2026-04-05 03:36:09
1887,2764,1,2026-02-28 04:01:10
1888,2766,1,2026-05-09 22:37:34
1889,2769,4,2026-06-01 09:37:59
1890,2773,2,2026-04-05 06:12:00
1891,2774,3,2026-05-30 12:42:08
1892,2775,1,2026-05-07 09:09:17
1893,2775,5,2026-05-04 20:58:24
1894,2776,5,2026-05-30 18:44:14
1895,2776,1,2026-05-30 21:15:19
1896,2779,5,2026-04-20 10:16:33
1897,2779,4,2026-04-22 02:16:07
1898,2780,2,2026-05-30 03:44:18
1899,2780,5,2026-05-29 17:57:10
1900,2781,4,2026-04-13 03:53:29
1901,2781,3,2026-04-12 16:29:02
1902,2782,4,2026-03-16 09:54:55
1903,2782,5,2026-03-16 13:01:50
1904,2783,4,2026-05-16 00:41:12
1905,2783,5,2026-05-17 13:22:49
1906,2784,3,2026-04-22 22:52:15
1907,2785,3,2026-05-26 04:33:26
1908,2788,3,2026-04-01 22:09:16
1909,2789,5,2026-04-17 13:30:05
1910,2789,1,2026-04-18 11:41:04
1911,2790,2,2026-02-19 09:47:02
1912,2791,4,2026-03-24 09:43:21
1913,2791,2,2026-03-27 00:10:32
1914,2793,4,2026-05-27 14:52:01
1915,2793,5,2026-05-27 14:10:22
1916,2796,4,2026-04-09 01:34:54
1917,2796,1,2026-04-08 03:22:38
1918,2798,3,2026-05-21 13:54:18
1919,2798,1,2026-05-20 16:31:50
1920,2799,5,2026-03-20 05:58:39
1921,2799,4,2026-03-22 16:25:50
1922,2801,1,2026-05-26 17:19:19
1923,2801,2,2026-05-26 23:39:07
1924,2803,5,2026-04-19 21:37:48
1925,2808,2,2026-04-29 19:02:37
1926,2809,2,2026-04-26 15:13:09
1927,2809,1,2026-04-25 18:29:07
1928,2810,5,2026-05-02 03:48:46
1929,2812,4,2026-05-08 01:23:29
1930,2812,5,2026-05-05 09:24:29
1931,2813,5,2026-03-04 16:18:12
1932,2813,1,2026-03-06 22:10:26
1933,2815,3,2026-04-21 13:02:09
1934,2817,1,2026-02-20 15:58:36
1935,2817,2,2026-02-21 12:05:54
1936,2818,4,2026-05-18 02:21:37
1937,2820,4,2026-03-21 01:07:48
1938,2820,2,2026-03-24 09:14:39
1939,2826,2,2026-03-06 20:40:15
1940,2827,3,2026-03-24 13:53:13
1941,2834,1,2026-03-25 12:05:45
1942,2835,2,2026-02-25 06:58:51
1943,2835,1,2026-02-26 14:22:51
1944,2837,1,2026-05-06 00:50:13
1945,2837,3,2026-05-04 07:30:57
1946,2839,5,2026-03-31 02:06:23
1947,2839,2,2026-03-30 05:57:41
1948,2841,2,2026-03-28 17:20:19
1949,2842,4,2026-03-17 18:32:47
1950,2842,3,2026-03-18 01:50:56
1951,2844,5,2026-04-25 09:21:36
1952,2844,2,2026-04-24 14:06:57
1953,2847,1,2026-05-31 23:02:42
1954,2847,5,2026-05-29 12:25:39
1955,2849,1,2026-04-01 03:22:22
1956,2849,5,2026-04-01 09:46:51
1957,2850,2,2026-02-17 21:06:14
1958,2852,5,2026-03-14 03:01:39
1959,2852,2,2026-03-16 09:33:31
1960,2853,3,2026-05-26 22:50:51
1961,2854,5,2026-04-22 23:35:02
1962,2855,1,2026-03-03 00:21:39
1963,2859,4,2026-03-04 13:27:19
1964,2864,4,2026-05-17 03:46:15
1965,2864,1,2026-05-16 14:34:39
1966,2868,3,2026-03-23 23:43:29
1967,2868,2,2026-03-25 15:57:41
1968,2873,1,2026-05-17 20:44:55
1969,2874,3,2026-03-05 08:41:54
1970,2874,5,2026-03-07 15:07:44
1971,2876,3,2026-04-27 03:16:27
1972,2883,3,2026-05-18 00:42:49
1973,2883,1,2026-05-16 05:21:49
1974,2884,1,2026-03-01 16:23:25
1975,2884,3,2026-03-01 10:41:33
1976,2891,5,2026-03-11 10:21:49
1977,2891,2,2026-03-11 00:02:57
1978,2892,2,2026-04-14 08:11:01
1979,2893,2,2026-04-06 19:15:15
1980,2897,4,2026-05-04 16:38:00
1981,2901,3,2026-04-05 23:32:05
1982,2901,2,2026-04-06 06:18:30
1983,2903,4,2026-05-28 01:01:31
1984,2904,5,2026-03-18 11:33:32
1985,2905,3,2026-04-17 06:43:29
1986,2906,1,2026-05-01 18:21:38
1987,2906,4,2026-05-03 16:58:28
1988,2910,4,2026-05-26 17:30:59
1989,2911,5,2026-02-14 18:06:35
1990,2911,3,2026-02-16 16:04:40
1991,2913,5,2026-05-13 00:03:38
1992,2913,4,2026-05-13 20:54:30
1993,2918,5,2026-04-15 11:20:15
1994,2918,3,2026-04-16 09:35:51
1995,2920,1,2026-03-23 09:53:29
1996,2920,5,2026-03-23 03:58:06
1997,2923,1,2026-02-18 20:28:06
1998,2923,4,2026-02-17 01:54:55
1999,2924,4,2026-03-23 16:26:10
2000,2926,5,2026-05-27 04:45:53
2001,2926,4,2026-05-28 11:33:58
2002,2927,4,2026-05-21 19:27:28
2003,2928,4,2026-04-10 21:38:09
2004,2929,4,2026-04-30 04:45:59
2005,2929,5,2026-04-29 16:00:31
2006,2930,3,2026-04-27 07:02:05
2007,2931,5,2026-03-28 06:16:18
2008,2931,3,2026-03-28 06:58:58
2009,2932,3,2026-05-19 13:25:49
2010,2932,5,2026-05-18 20:18:39
2011,2934,3,2026-04-20 16:15:00
2012,2934,4,2026-04-20 02:50:31
2013,2938,2,2026-05-21 01:57:38
2014,2938,4,2026-05-22 16:02:12
2015,2943,5,2026-03-06 06:49:55
2016,2943,4,2026-03-07 21:21:46
2017,2944,3,2026-05-25 21:30:23
2018,2944,5,2026-05-29 00:08:27
2019,2945,1,2026-03-28 20:41:38
2020,2945,4,2026-03-27 01:09:29
2021,2946,2,2026-06-01 02:50:05
2022,2946,5,2026-05-30 06:33:42
2023,2949,3,2026-04-22 02:58:04
2024,2949,5,2026-04-21 08:13:10
2025,2952,1,2026-03-26 19:10:02
2026,2952,2,2026-03-28 14:34:29
2027,2953,4,2026-04-27 14:35:53
2028,2953,5,2026-04-25 23:31:02
2029,2955,3,2026-04-11 19:54:36
2030,2956,5,2026-03-10 02:32:36
2031,2956,1,2026-03-11 10:12:12
2032,2958,4,2026-05-08 15:33:43
2033,2958,2,2026-05-10 11:31:51
2034,2959,1,2026-05-30 06:08:21
2035,2959,3,2026-05-30 20:41:54
2036,2961,2,2026-05-22 09:05:02
2037,2961,3,2026-05-24 00:19:20
2038,2962,5,2026-04-09 10:47:58
2039,2966,1,2026-04-04 23:40:05
2040,2966,2,2026-04-07 00:30:38
2041,2967,3,2026-02-20 21:50:30
2042,2968,4,2026-03-22 11:55:49
2043,2971,4,2026-03-28 16:28:12
2044,2974,4,2026-03-01 01:32:07
2045,2974,3,2026-02-28 01:54:28
2046,2976,1,2026-03-09 07:20:59
2047,2979,1,2026-03-02 19:17:44
2048,2981,2,2026-05-29 04:45:59
2049,2982,3,2026-04-12 18:07:44
2050,2986,5,2026-05-11 11:33:20
2051,2986,3,2026-05-12 05:33:12
2052,2989,5,2026-03-15 18:19:36
2053,2989,3,2026-03-15 12:29:59
2054,2992,3,2026-03-10 15:54:32
2055,2993,5,2026-05-27 07:23:44
2056,2993,4,2026-05-26 18:05:19
2057,2994,2,2026-05-16 17:42:27
2058,2994,1,2026-05-17 10:03:16
2059,2996,4,2026-05-13 09:10:49
2060,3000,2,2026-04-02 03:21:06
