id,crm_customer_id,tier,points_balance,enrolled_at
1,1,gold,1126,2024-09-10 23:17:10
2,2,gold,93948,2025-04-20 01:17:10
3,3,platinum,1855,2026-03-21 05:17:10
4,4,bronze,58,2025-04-12 01:17:10
5,5,gold,265,2024-09-12 02:17:10
6,7,platinum,1461,2025-01-02 06:17:10
7,9,bronze,846,2024-06-20 01:17:10
8,11,bronze,4180,2025-12-26 02:17:10
9,12,gold,2130,2025-02-24 23:17:10
10,13,gold,170,2025-06-20 13:17:10
11,14,silver,2651,2024-08-18 05:17:10
12,15,gold,4229,2025-06-27 04:17:10
13,16,gold,4302,2024-12-25 09:17:10
14,17,silver,3217,2024-09-30 06:17:10
15,18,gold,352,2025-09-19 12:17:10
16,19,platinum,4431,2024-07-28 20:17:10
17,20,platinum,1894,2026-05-03 13:17:10
18,21,platinum,2803,2025-10-14 07:17:10
19,23,bronze,2385,2024-07-22 01:17:10
20,24,bronze,1760,2025-04-29 00:17:10
21,25,platinum,3424,2025-08-30 20:17:10
22,26,silver,3330,2025-08-15 01:17:10
23,27,gold,4048,2025-07-19 08:17:10
24,28,bronze,3831,2025-02-06 15:17:10
25,29,silver,1253,2026-04-15 06:17:10
26,31,gold,2083,2026-03-19 10:17:10
27,32,bronze,1586,2025-09-20 11:17:10
28,34,silver,3860,2024-07-08 12:17:10
29,35,platinum,3616,2025-01-08 02:17:10
30,36,bronze,1136,2026-02-13 20:17:10
31,37,gold,1672,2026-05-02 00:17:10
32,38,platinum,2059,2024-12-16 20:17:10
33,39,bronze,847,2026-04-11 12:17:10
34,40,silver,2494,2025-02-26 14:17:10
35,41,silver,1104,2024-07-05 02:17:10
36,42,bronze,173,2024-12-27 07:17:10
37,43,gold,596,2024-11-18 23:17:10
38,46,platinum,1882,2024-06-25 22:17:10
39,48,gold,426,2025-03-22 15:17:10
40,49,bronze,2656,2025-03-03 19:17:10
41,50,platinum,1237,2024-08-26 05:17:10
42,51,gold,2449,2025-10-13 13:17:10
43,52,platinum,3546,2025-09-07 18:17:10
44,54,bronze,3029,2024-09-12 08:17:10
45,55,bronze,1471,2026-04-20 06:17:10
46,56,platinum,2865,2025-07-28 00:17:10
47,57,gold,2779,2025-10-28 21:17:10
48,58,gold,3137,2025-09-11 19:17:10
49,60,gold,3030,2025-08-18 18:17:10
50,63,silver,1842,2026-03-13 20:17:10
51,64,platinum,1822,2024-07-06 07:17:10
52,65,platinum,4493,2025-12-20 00:17:10
53,66,bronze,1278,2024-08-12 11:17:10
54,70,gold,2692,2025-08-10 10:17:10
55,73,bronze,4047,2025-05-07 08:17:10
56,75,silver,2104,2025-08-04 15:17:10
57,76,gold,3966,2025-09-23 09:17:10
58,78,platinum,2649,2026-02-09 10:17:10
59,79,silver,4069,2025-03-17 00:17:10
60,80,silver,1269,2025-05-09 01:17:10
61,82,platinum,398,2025-04-02 03:17:10
62,84,gold,409894,2025-02-20 14:17:10
63,85,gold,3487,2024-09-14 19:17:10
64,86,bronze,621,2026-05-03 03:17:10
65,87,bronze,2520,2025-11-10 08:17:10
66,88,bronze,1126,2025-02-18 11:17:10
67,89,bronze,3952,2025-11-03 14:17:10
68,90,platinum,3381,2024-11-03 06:17:10
69,92,gold,4460,2026-01-30 11:17:10
70,93,platinum,1275,2026-01-18 07:17:10
71,94,silver,4349,2024-07-04 13:17:10
72,95,bronze,2715,2024-10-27 19:17:10
73,97,silver,591,2024-10-07 02:17:10
74,98,bronze,2745,2025-12-06 09:17:10
75,100,platinum,1281,2024-08-13 13:17:10
76,101,platinum,2065,2024-07-10 21:17:10
77,103,platinum,550,2025-09-07 04:17:10
78,104,gold,3090,2024-11-16 18:17:10
79,107,platinum,2163,2026-01-09 22:17:10
80,108,bronze,3904,2024-07-19 07:17:10
81,110,silver,1587,2024-08-30 04:17:10
82,111,bronze,958,2024-08-15 19:17:10
83,112,gold,634790,2024-10-24 03:17:10
84,113,gold,1566,2025-02-03 03:17:10
85,114,platinum,361,2025-11-27 11:17:10
86,115,platinum,1974,2025-09-02 23:17:10
87,116,gold,275,2024-08-01 22:17:10
88,117,gold,4064,2025-02-05 05:17:10
89,118,bronze,3179,2024-08-24 01:17:10
90,119,silver,3151,2025-01-12 17:17:10
91,120,gold,437631,2025-02-11 19:17:10
92,122,silver,3256,2025-11-25 04:17:10
93,123,bronze,2179,2025-08-21 19:17:10
94,124,gold,1341,2024-10-10 04:17:10
95,125,platinum,3184,2026-01-28 04:17:10
96,126,platinum,3223,2025-10-24 20:17:10
97,127,silver,2705,2024-12-05 11:17:10
98,129,platinum,1634,2025-06-07 21:17:10
99,130,gold,2746,2026-03-30 09:17:10
100,131,bronze,4293,2026-03-19 14:17:10
101,134,gold,1736,2025-06-06 19:17:10
102,137,platinum,1172,2024-10-18 01:17:10
103,138,silver,224,2026-01-04 00:17:10
104,140,gold,2214,2025-03-02 14:17:10
105,141,platinum,1517,2024-09-15 00:17:10
106,142,gold,1225,2026-01-09 15:17:10
107,143,silver,3658,2025-07-25 11:17:10
108,145,bronze,1615,2024-07-25 23:17:10
109,146,bronze,1769,2024-06-15 21:17:10
110,149,gold,3922,2025-02-22 11:17:10
111,151,gold,2997,2026-01-19 11:17:10
112,153,gold,2783,2025-12-08 19:17:10
113,154,bronze,3753,2025-04-13 03:17:10
114,155,bronze,1576,2024-09-13 08:17:10
115,156,platinum,2836,2024-12-02 23:17:10
116,158,platinum,2388,2024-11-20 12:17:10
117,159,platinum,4351,2024-11-16 07:17:10
118,160,platinum,3525,2025-11-27 10:17:10
119,162,gold,1416,2024-09-20 01:17:10
120,164,gold,3343,2025-07-28 15:17:10
121,165,gold,2509,2026-04-04 02:17:10
122,166,bronze,3169,2024-08-15 21:17:10
123,167,bronze,3869,2024-10-24 11:17:10
124,168,gold,2012,2026-03-10 06:17:10
125,170,bronze,4441,2024-10-07 09:17:10
126,171,bronze,1813,2024-11-24 03:17:10
127,172,platinum,3995,2025-02-17 13:17:10
128,174,platinum,2049,2024-11-12 23:17:10
129,175,bronze,743,2025-04-20 02:17:10
130,177,platinum,3871,2026-03-13 03:17:10
131,178,bronze,3529,2025-06-06 13:17:10
132,181,bronze,3890,2025-12-21 10:17:10
133,182,bronze,2,2025-12-26 08:17:10
134,185,platinum,3448,2024-09-01 04:17:10
135,187,silver,1089,2025-10-20 09:17:10
136,188,gold,150,2025-12-04 06:17:10
137,189,platinum,273823,2025-06-24 16:17:10
138,190,bronze,3088,2026-01-28 23:17:10
139,191,platinum,3075,2026-04-11 19:17:10
140,193,platinum,642,2025-05-08 01:17:10
141,196,bronze,3276,2025-01-29 12:17:10
142,197,bronze,370,2025-10-16 00:17:10
143,198,platinum,3728,2026-03-29 17:17:10
144,199,platinum,4189,2024-11-13 09:17:10
145,201,gold,4428,2025-02-10 04:17:10
146,202,bronze,1597,2025-08-19 21:17:10
147,204,gold,1326,2025-11-18 17:17:10
148,206,bronze,3786,2024-08-20 23:17:10
149,208,silver,647,2026-04-03 00:17:10
150,210,platinum,1055,2025-01-27 10:17:10
151,212,gold,1686,2026-04-05 07:17:10
152,213,silver,691,2025-02-15 02:17:10
153,214,bronze,4155,2024-07-20 18:17:10
154,215,platinum,376,2024-12-28 17:17:10
155,216,gold,1152,2026-02-19 23:17:10
156,219,gold,72,2026-05-08 21:17:10
157,220,bronze,2697,2025-08-08 01:17:10
158,221,silver,559,2025-12-17 17:17:10
159,222,platinum,2292,2026-04-27 08:17:10
160,224,bronze,2969,2024-09-30 04:17:10
161,225,silver,2185,2026-02-28 21:17:10
162,228,silver,3352,2024-11-16 10:17:10
163,229,bronze,1396,2025-03-26 18:17:10
164,230,gold,4437,2024-09-27 10:17:10
165,231,gold,578,2026-01-01 07:17:10
166,232,silver,4205,2025-07-26 15:17:10
167,234,platinum,117,2026-02-13 15:17:10
168,235,silver,4437,2025-09-24 13:17:10
169,236,silver,730,2025-06-21 23:17:10
170,239,platinum,385,2024-11-26 13:17:10
171,240,platinum,620,2026-02-17 08:17:10
172,241,gold,111499,2025-02-10 09:17:10
173,242,bronze,760,2024-10-19 18:17:10
174,243,bronze,4030,2025-10-22 12:17:10
175,245,gold,1839,2024-11-02 13:17:10
176,246,bronze,3252,2024-11-23 20:17:10
177,247,silver,2923,2026-02-24 09:17:10
178,248,platinum,1352,2024-06-24 08:17:10
179,250,platinum,149054,2024-06-25 12:17:10
180,254,bronze,3769,2025-06-14 02:17:10
181,255,silver,4017,2025-10-17 19:17:10
182,256,platinum,1636,2025-11-22 20:17:10
183,257,gold,996,2025-10-11 17:17:10
184,258,bronze,1863,2025-02-03 20:17:10
185,259,gold,2608,2024-09-16 00:17:10
186,260,silver,12,2026-03-03 17:17:10
187,262,silver,1142,2024-06-16 06:17:10
188,264,silver,1173,2025-05-20 12:17:10
189,265,silver,909,2025-03-02 11:17:10
190,267,gold,3942,2025-11-24 11:17:10
191,268,silver,2390,2025-04-22 11:17:10
192,269,bronze,1390,2025-04-13 11:17:10
193,270,bronze,971,2024-08-03 12:17:10
194,272,bronze,3263,2025-10-28 06:17:10
195,273,bronze,2445,2026-03-18 17:17:10
196,274,platinum,3565,2026-05-03 04:17:10
197,275,platinum,4200,2025-10-31 17:17:10
198,276,platinum,1862,2026-04-04 12:17:10
199,278,silver,3962,2024-07-21 23:17:10
200,279,platinum,2950,2025-06-20 18:17:10
201,280,platinum,4022,2025-01-25 01:17:10
202,281,silver,2628,2025-12-21 19:17:10
203,282,gold,3082,2025-11-27 19:17:10
204,284,silver,2839,2025-02-03 14:17:10
205,286,platinum,311,2024-09-02 18:17:10
206,287,silver,1076,2025-09-18 07:17:10
207,292,bronze,2016,2024-09-19 05:17:10
208,294,platinum,2602,2024-10-20 07:17:10
209,296,silver,4060,2024-09-20 23:17:10
210,298,gold,3685,2025-06-05 08:17:10
211,299,bronze,868,2025-09-06 14:17:10
212,300,gold,2069,2024-06-20 13:17:10
213,301,bronze,2047,2024-10-31 10:17:10
214,302,bronze,1523,2025-11-06 19:17:10
215,303,platinum,1900,2025-04-26 14:17:10
216,304,platinum,2471,2025-11-04 12:17:10
217,307,platinum,1289,2026-04-29 00:17:10
218,308,bronze,820,2026-04-04 13:17:10
219,310,silver,2978,2026-03-07 20:17:10
220,312,bronze,3077,2024-09-26 06:17:10
221,313,bronze,2028,2024-07-24 01:17:10
222,315,gold,3072,2024-08-19 18:17:10
223,319,bronze,618,2024-12-25 08:17:10
224,320,platinum,76,2025-04-05 03:17:10
225,321,bronze,1744,2024-06-15 19:17:10
226,322,platinum,311,2025-01-19 23:17:10
227,323,platinum,3206,2025-09-12 21:17:10
228,328,silver,1552,2025-09-10 02:17:10
229,331,bronze,4135,2026-04-17 18:17:10
230,335,gold,1364,2024-11-25 12:17:10
231,336,gold,2301,2026-03-29 20:17:10
232,337,gold,1569,2024-12-19 17:17:10
233,338,platinum,1588,2026-03-18 01:17:10
234,339,gold,3000,2024-07-09 16:17:10
235,340,silver,4332,2025-06-18 05:17:10
236,341,platinum,2089,2026-02-14 18:17:10
237,342,gold,2046,2025-05-05 10:17:10
238,343,bronze,3701,2025-05-10 15:17:10
239,344,silver,1403,2024-08-07 21:17:10
240,345,gold,500870,2025-02-13 17:17:10
241,349,gold,3019,2024-10-28 22:17:10
242,350,gold,1627,2025-02-03 13:17:10
243,352,platinum,280,2025-05-06 22:17:10
244,353,bronze,3276,2024-08-21 17:17:10
245,354,platinum,1733,2024-07-01 15:17:10
246,355,bronze,4412,2025-12-27 04:17:10
247,356,bronze,2069,2024-08-04 08:17:10
248,357,platinum,179,2025-04-08 18:17:10
249,358,bronze,3844,2024-10-05 11:17:10
250,359,silver,4361,2026-02-08 17:17:10
251,360,silver,2581,2026-04-17 16:17:10
252,361,bronze,2920,2024-09-21 05:17:10
253,362,silver,2525,2024-09-21 14:17:10
254,364,platinum,2658,2026-04-17 21:17:10
255,366,silver,3774,2024-06-21 01:17:10
256,372,bronze,1560,2025-07-04 19:17:10
257,374,platinum,3585,2025-08-10 03:17:10
258,378,bronze,3681,2024-12-03 06:17:10
259,380,silver,2845,2025-09-14 14:17:10
260,381,bronze,1473,2025-01-31 03:17:10
261,383,gold,1287,2025-09-17 21:17:10
262,386,bronze,1119,2024-11-28 21:17:10
263,390,silver,341,2025-08-13 02:17:10
264,394,platinum,710,2026-02-15 21:17:10
265,397,silver,3703,2024-10-30 13:17:10
266,398,silver,2136,2026-04-28 16:17:10
267,400,bronze,3793,2026-03-02 22:17:10
268,401,gold,134,2026-02-15 17:17:10
269,402,silver,1967,2025-11-23 13:17:10
270,403,bronze,2532,2026-03-20 16:17:10
271,404,platinum,2902,2025-12-23 03:17:10
272,405,bronze,3667,2025-09-20 23:17:10
273,406,gold,608,2025-03-27 18:17:10
274,409,bronze,89,2024-06-15 08:17:10
275,410,bronze,3862,2025-09-26 15:17:10
276,412,bronze,2696,2025-03-24 06:17:10
277,416,bronze,886,2025-09-13 11:17:10
278,417,silver,9,2026-01-15 19:17:10
279,418,silver,1609,2025-11-17 12:17:10
280,420,gold,3067,2025-04-28 10:17:10
281,421,bronze,3178,2024-09-24 23:17:10
282,422,gold,1575,2025-08-18 04:17:10
283,423,bronze,283,2025-01-28 01:17:10
284,424,platinum,1706,2025-10-15 05:17:10
285,425,bronze,1929,2026-04-28 17:17:10
286,426,platinum,4437,2024-07-08 16:17:10
287,427,silver,4074,2025-08-12 16:17:10
288,428,silver,1559,2026-03-04 09:17:10
289,430,gold,3848,2025-11-22 03:17:10
290,432,platinum,3978,2025-01-26 15:17:10
291,433,bronze,3846,2026-04-16 21:17:10
292,434,platinum,2687,2025-03-25 18:17:10
293,435,bronze,14,2024-11-11 10:17:10
294,436,silver,2913,2026-02-10 16:17:10
295,437,bronze,754,2025-12-22 14:17:10
296,439,platinum,3811,2025-02-27 00:17:10
297,440,bronze,2960,2026-01-27 10:17:10
298,441,silver,4163,2025-03-28 05:17:10
299,442,platinum,2575,2024-07-16 04:17:10
300,443,platinum,2664,2025-02-25 16:17:10
301,444,bronze,2697,2024-07-02 15:17:10
302,446,bronze,1433,2024-07-02 00:17:10
303,449,gold,2638,2026-02-19 11:17:10
304,454,bronze,1463,2024-07-04 04:17:10
305,456,platinum,2482,2025-09-22 11:17:10
306,457,gold,3997,2026-01-30 10:17:10
307,458,bronze,4038,2024-10-21 01:17:10
308,459,bronze,2665,2024-08-05 23:17:10
309,461,bronze,3097,2025-05-03 09:17:10
310,462,silver,1885,2025-12-23 06:17:10
311,464,platinum,2191,2024-07-06 10:17:10
312,467,bronze,1899,2025-08-26 01:17:10
313,469,platinum,448,2025-08-07 21:17:10
314,470,silver,580,2025-01-09 16:17:10
315,472,silver,2464,2025-10-28 00:17:10
316,474,silver,1576,2025-10-23 22:17:10
317,475,silver,140,2025-11-04 10:17:10
318,476,bronze,1601,2024-09-15 02:17:10
319,480,platinum,3754,2024-07-12 03:17:10
320,481,silver,3588,2024-12-04 21:17:10
321,482,gold,1019,2024-12-23 13:17:10
322,483,gold,778,2024-12-04 17:17:10
323,484,silver,3311,2024-12-23 05:17:10
324,485,platinum,60,2026-03-27 15:17:10
325,487,platinum,2005,2025-05-08 08:17:10
326,489,bronze,3156,2026-02-20 22:17:10
327,490,platinum,3534,2026-05-11 14:17:10
328,491,platinum,1411,2026-02-17 00:17:10
329,492,bronze,1061,2024-08-08 07:17:10
330,495,gold,1679,2025-05-01 04:17:10
331,496,gold,910,2026-02-23 19:17:10
332,497,gold,2809,2025-11-29 08:17:10
333,498,platinum,2357,2026-04-24 11:17:10
334,500,gold,74,2024-08-14 20:17:10
335,501,silver,395,2025-09-26 20:17:10
336,505,gold,474308,2025-10-30 20:17:10
337,507,gold,4370,2025-05-12 19:17:10
338,509,platinum,242,2026-01-06 07:17:10
339,511,bronze,2077,2025-10-25 01:17:10
340,514,platinum,860,2025-08-24 19:17:10
341,515,platinum,136135,2024-09-28 22:17:10
342,517,silver,3002,2025-02-21 20:17:10
343,521,gold,4336,2025-05-14 16:17:10
344,522,bronze,281,2024-12-08 04:17:10
345,523,bronze,3549,2025-09-22 03:17:10
346,524,bronze,1667,2025-09-27 12:17:10
347,527,bronze,1594,2025-04-18 15:17:10
348,529,silver,594,2024-12-22 14:17:10
349,532,gold,1183,2024-07-12 15:17:10
350,534,gold,3817,2025-05-08 16:17:10
351,535,silver,2100,2025-11-08 19:17:10
352,536,silver,3413,2025-09-07 06:17:10
353,538,bronze,1377,2025-05-17 09:17:10
354,539,silver,3798,2024-12-27 03:17:10
355,541,gold,3475,2025-10-12 22:17:10
356,542,gold,2959,2025-08-24 22:17:10
357,543,bronze,1165,2024-07-05 11:17:10
358,544,silver,1053,2025-07-25 18:17:10
359,548,silver,1697,2025-10-29 09:17:10
360,549,platinum,1678,2025-05-07 22:17:10
361,550,gold,1050,2025-12-10 04:17:10
362,551,gold,3597,2024-09-23 22:17:10
363,552,platinum,2396,2025-01-08 13:17:10
364,554,bronze,795,2025-03-24 04:17:10
365,556,silver,1847,2026-04-16 11:17:10
366,558,silver,1556,2024-08-25 22:17:10
367,559,silver,3283,2025-07-19 12:17:10
368,560,platinum,617041,2025-01-20 04:17:10
369,561,platinum,2311,2025-09-06 00:17:10
370,562,bronze,3074,2024-09-27 15:17:10
371,566,platinum,176,2025-03-24 02:17:10
372,567,bronze,1580,2026-02-10 08:17:10
373,568,platinum,1903,2026-02-01 20:17:10
374,570,platinum,262,2024-08-13 14:17:10
375,572,platinum,996,2025-01-08 19:17:10
376,573,silver,4400,2024-09-26 19:17:10
377,575,platinum,699,2024-10-19 04:17:10
378,576,gold,2936,2024-08-10 04:17:10
379,577,silver,3026,2026-03-02 00:17:10
380,578,gold,52,2025-09-26 14:17:10
381,579,bronze,3811,2026-02-25 21:17:10
382,580,platinum,414,2025-05-15 04:17:10
383,581,silver,1010,2025-09-03 07:17:10
384,582,bronze,4422,2024-12-30 03:17:10
385,584,gold,2633,2024-12-27 13:17:10
386,585,silver,97,2025-08-19 17:17:10
387,586,silver,4049,2025-10-01 08:17:10
388,588,gold,2619,2026-02-04 18:17:10
389,589,bronze,2141,2026-02-13 02:17:10
390,590,platinum,3889,2026-02-19 20:17:10
391,591,bronze,1539,2024-11-02 20:17:10
392,592,silver,110,2026-02-12 08:17:10
393,593,silver,1047,2026-05-11 22:17:10
394,594,bronze,4283,2026-02-19 13:17:10
395,595,bronze,43,2025-10-20 20:17:10
396,596,bronze,2030,2025-05-30 00:17:10
397,597,platinum,92901,2024-12-20 03:17:10
398,598,bronze,4265,2025-02-13 16:17:10
399,599,gold,3047,2025-03-03 09:17:10
400,601,platinum,1965,2025-05-12 18:17:10
401,602,platinum,2430,2025-03-24 01:17:10
402,604,bronze,4062,2025-05-09 07:17:10
403,609,silver,858,2026-02-24 11:17:10
404,610,platinum,459,2025-11-11 00:17:10
405,611,platinum,2337,2026-02-20 06:17:10
406,613,platinum,3509,2025-07-11 05:17:10
407,614,bronze,2647,2026-01-02 05:17:10
408,615,bronze,3523,2025-10-15 14:17:10
409,616,gold,1670,2025-03-24 21:17:10
410,617,silver,3006,2025-03-21 09:17:10
411,618,bronze,1902,2024-09-11 14:17:10
412,620,silver,3393,2025-03-17 03:17:10
413,621,platinum,977,2026-04-25 19:17:10
414,622,silver,1181,2024-12-16 18:17:10
415,623,bronze,4421,2025-09-20 21:17:10
416,624,gold,3789,2024-08-18 05:17:10
417,625,bronze,2075,2024-12-11 23:17:10
418,627,silver,770,2025-02-21 02:17:10
419,629,platinum,534,2025-08-07 16:17:10
420,630,silver,1867,2024-12-24 07:17:10
421,632,silver,1294,2025-08-14 05:17:10
422,633,platinum,675,2025-10-07 16:17:10
423,634,silver,239,2025-12-24 19:17:10
424,637,silver,990,2024-12-11 16:17:10
425,638,platinum,233007,2024-07-22 07:17:10
426,639,silver,1712,2026-04-04 22:17:10
427,644,gold,4293,2024-12-13 10:17:10
428,645,silver,1925,2024-08-27 09:17:10
429,647,platinum,2905,2025-10-31 14:17:10
430,648,bronze,2600,2025-09-19 10:17:10
431,650,silver,2530,2025-06-14 08:17:10
432,652,bronze,2444,2025-06-12 17:17:10
433,653,gold,2854,2025-09-01 15:17:10
434,657,platinum,3624,2025-06-14 03:17:10
435,658,gold,62,2026-04-27 03:17:10
436,659,bronze,3028,2025-03-29 06:17:10
437,660,platinum,616,2025-12-31 19:17:10
438,662,bronze,1242,2024-06-13 17:17:10
439,664,silver,3628,2025-04-19 17:17:10
440,666,gold,1553,2026-02-26 18:17:10
441,667,platinum,343,2025-10-25 10:17:10
442,668,silver,3581,2026-02-22 01:17:10
443,669,silver,1755,2026-01-27 12:17:10
444,670,platinum,4099,2024-09-26 13:17:10
445,671,bronze,1006,2025-02-27 07:17:10
446,672,platinum,1552,2026-04-20 19:17:10
447,673,platinum,2068,2026-02-21 00:17:10
448,676,silver,2106,2025-07-29 21:17:10
449,679,platinum,649662,2026-02-12 17:17:10
450,680,bronze,2185,2025-08-22 02:17:10
451,681,platinum,4453,2025-03-22 04:17:10
452,682,platinum,2976,2026-02-04 12:17:10
453,683,bronze,1871,2026-02-13 17:17:10
454,684,gold,556,2025-04-28 15:17:10
455,685,gold,4264,2025-05-24 16:17:10
456,686,gold,3520,2024-07-05 15:17:10
457,687,platinum,1056,2026-01-25 01:17:10
458,689,bronze,32,2024-12-31 07:17:10
459,690,silver,453,2026-03-17 10:17:10
460,697,platinum,811,2025-07-15 02:17:10
461,699,platinum,288049,2025-07-11 14:17:10
462,700,silver,121,2026-03-04 06:17:10
463,702,platinum,2132,2025-11-21 17:17:10
464,703,platinum,3502,2026-04-23 16:17:10
465,704,gold,2596,2024-07-18 09:17:10
466,705,bronze,1792,2025-08-08 05:17:10
467,706,silver,1706,2025-10-16 13:17:10
468,707,gold,1329,2025-08-31 07:17:10
469,708,silver,2796,2025-06-01 08:17:10
470,710,silver,1208,2024-06-14 08:17:10
471,711,gold,4228,2024-08-08 05:17:10
472,712,bronze,1416,2025-12-30 12:17:10
473,715,gold,863,2025-03-14 10:17:10
474,716,silver,16,2026-01-08 20:17:10
475,717,platinum,98,2025-06-16 10:17:10
476,722,silver,2412,2025-08-06 14:17:10
477,723,bronze,778,2025-09-25 10:17:10
478,724,gold,235759,2024-10-06 00:17:10
479,725,silver,3615,2025-01-23 19:17:10
480,730,platinum,3702,2025-10-21 06:17:10
481,733,gold,513,2025-01-01 01:17:10
482,737,gold,732299,2026-04-06 22:17:10
483,738,bronze,1524,2026-03-15 15:17:10
484,739,platinum,1338,2024-06-19 09:17:10
485,741,bronze,1102,2025-09-05 09:17:10
486,742,platinum,3638,2025-07-10 10:17:10
487,743,gold,440,2025-09-11 12:17:10
488,749,gold,563929,2025-10-11 18:17:10
489,750,bronze,406,2024-12-30 18:17:10
490,751,bronze,1235,2025-04-06 16:17:10
491,752,bronze,1125,2025-10-12 04:17:10
492,753,gold,2784,2026-02-25 04:17:10
493,754,platinum,2948,2024-11-03 11:17:10
494,755,gold,3020,2026-02-19 14:17:10
495,756,platinum,246687,2024-11-04 17:17:10
496,757,platinum,360,2026-01-17 18:17:10
497,758,gold,50,2024-09-07 17:17:10
498,760,platinum,2873,2025-05-26 21:17:10
499,761,gold,3621,2024-07-06 14:17:10
500,762,gold,640831,2026-04-15 03:17:10
501,763,bronze,3920,2026-01-13 06:17:10
502,764,silver,2415,2024-07-31 17:17:10
503,766,platinum,2264,2024-08-19 19:17:10
504,767,platinum,4493,2024-07-09 21:17:10
505,769,gold,1491,2026-02-23 02:17:10
506,770,silver,27,2025-06-13 23:17:10
507,771,silver,2151,2024-07-22 09:17:10
508,774,platinum,4409,2026-01-21 10:17:10
509,775,platinum,4272,2026-01-29 11:17:10
510,776,silver,1399,2024-11-04 11:17:10
511,777,silver,4172,2025-09-01 16:17:10
512,778,silver,456,2026-01-23 01:17:10
513,783,gold,2788,2024-10-16 12:17:10
514,784,gold,2519,2025-05-15 06:17:10
515,788,silver,4281,2025-07-16 05:17:10
516,789,gold,2217,2025-10-13 20:17:10
517,791,silver,3811,2025-08-04 02:17:10
518,796,gold,2371,2025-01-18 23:17:10
519,798,silver,4150,2026-04-18 00:17:10
520,799,platinum,4041,2025-08-06 16:17:10
521,800,gold,834,2024-06-14 15:17:10
522,803,bronze,4080,2026-04-23 06:17:10
523,804,silver,666,2025-01-27 16:17:10
524,805,platinum,2850,2025-01-20 03:17:10
525,806,gold,1805,2025-06-21 21:17:10
526,807,bronze,3753,2025-07-05 01:17:10
527,810,silver,1975,2026-02-22 02:17:10
528,811,bronze,965,2024-07-20 05:17:10
529,812,silver,3910,2024-08-31 04:17:10
530,814,silver,4016,2025-04-06 18:17:10
531,816,platinum,2021,2026-02-14 18:17:10
532,817,bronze,1163,2026-03-22 02:17:10
533,818,silver,3934,2025-08-07 02:17:10
534,819,silver,834,2025-04-25 15:17:10
535,821,gold,348,2026-04-12 01:17:10
536,823,gold,480,2024-09-01 00:17:10
537,828,platinum,1030,2024-11-03 17:17:10
538,829,silver,1017,2025-11-06 13:17:10
539,830,platinum,1023,2026-01-27 21:17:10
540,833,bronze,437,2026-01-14 22:17:10
541,834,gold,3772,2025-06-14 09:17:10
542,835,platinum,3182,2025-11-06 08:17:10
543,836,platinum,254,2025-12-07 07:17:10
544,837,platinum,152,2025-09-02 18:17:10
545,841,silver,3223,2026-01-23 18:17:10
546,842,silver,177,2024-12-10 12:17:10
547,846,silver,3513,2024-07-22 03:17:10
548,847,silver,434,2025-06-07 06:17:10
549,849,platinum,4065,2026-02-11 19:17:10
550,850,silver,4474,2025-08-17 23:17:10
551,851,silver,2793,2024-12-19 02:17:10
552,853,silver,4217,2024-12-15 03:17:10
553,854,bronze,3222,2024-07-31 10:17:10
554,855,silver,1141,2025-10-14 06:17:10
555,857,silver,1702,2025-07-27 21:17:10
556,858,platinum,4248,2025-05-10 04:17:10
557,859,bronze,4411,2025-12-01 18:17:10
558,860,silver,1984,2025-02-04 14:17:10
559,862,bronze,2964,2024-10-21 23:17:10
560,864,gold,1138,2025-09-28 12:17:10
561,865,bronze,2095,2025-05-03 12:17:10
562,866,bronze,441,2025-12-11 10:17:10
563,867,gold,579,2025-04-22 02:17:10
564,868,silver,1334,2026-01-04 13:17:10
565,869,platinum,141574,2025-12-15 10:17:10
566,870,gold,195,2025-08-29 15:17:10
567,871,silver,2867,2025-11-28 13:17:10
568,873,platinum,598,2025-11-05 08:17:10
569,876,platinum,3871,2025-05-01 20:17:10
570,877,gold,2278,2026-04-10 12:17:10
571,878,bronze,456,2025-05-20 03:17:10
572,879,bronze,1284,2024-08-28 07:17:10
573,880,platinum,778,2026-01-23 19:17:10
574,881,silver,863,2024-12-23 06:17:10
575,883,platinum,3714,2025-11-01 23:17:10
576,885,gold,2716,2024-10-22 23:17:10
577,886,silver,2510,2024-12-16 04:17:10
578,887,silver,836,2025-05-11 10:17:10
579,888,gold,3511,2024-08-09 04:17:10
580,889,bronze,3578,2025-02-28 02:17:10
581,890,platinum,167,2025-05-03 21:17:10
582,895,platinum,3793,2024-12-14 00:17:10
583,896,silver,3362,2026-01-29 20:17:10
584,899,bronze,1637,2024-06-22 21:17:10
585,900,platinum,414,2026-03-24 14:17:10
586,901,gold,2692,2025-03-03 18:17:10
587,902,gold,3832,2025-02-28 12:17:10
588,903,bronze,819,2026-01-24 10:17:10
589,905,silver,433,2025-03-15 21:17:10
590,906,bronze,9,2025-10-31 11:17:10
591,908,platinum,3142,2025-08-31 10:17:10
592,909,bronze,2962,2024-07-12 17:17:10
593,915,platinum,3410,2025-09-21 13:17:10
594,916,platinum,4345,2025-06-16 11:17:10
595,919,gold,189,2025-03-20 07:17:10
596,920,platinum,3983,2024-06-29 02:17:10
597,921,bronze,1951,2025-03-11 15:17:10
598,922,platinum,2690,2026-04-06 19:17:10
599,925,silver,1877,2025-01-12 16:17:10
600,926,bronze,1532,2025-07-24 23:17:10
601,927,platinum,2121,2025-05-31 00:17:10
602,929,silver,2031,2024-09-08 13:17:10
603,930,silver,813,2024-06-29 02:17:10
604,932,silver,3710,2024-09-28 00:17:10
605,933,bronze,2756,2025-05-23 18:17:10
606,935,silver,1242,2024-12-29 16:17:10
607,936,platinum,3492,2024-07-30 14:17:10
608,940,gold,1237,2025-04-30 05:17:10
609,942,gold,2016,2026-02-12 16:17:10
610,943,gold,270,2024-10-16 01:17:10
611,948,bronze,172,2025-02-04 13:17:10
612,949,gold,270,2025-02-26 13:17:10
613,950,platinum,1619,2026-01-12 23:17:10
614,951,silver,3673,2025-12-16 00:17:10
615,952,gold,3792,2025-01-10 23:17:10
616,953,gold,435827,2024-12-07 04:17:10
617,954,gold,3024,2025-07-04 21:17:10
618,955,silver,4074,2024-10-12 20:17:10
619,957,silver,4386,2026-01-04 09:17:10
620,958,bronze,865,2026-04-28 16:17:10
621,960,platinum,4027,2026-04-04 13:17:10
622,962,gold,392,2025-01-07 09:17:10
623,963,platinum,4126,2024-06-16 16:17:10
624,964,bronze,2956,2024-06-29 21:17:10
625,965,platinum,2207,2025-01-19 15:17:10
626,966,bronze,2553,2025-08-28 03:17:10
627,967,bronze,3104,2026-04-02 14:17:10
628,970,platinum,238268,2025-05-15 03:17:10
629,975,gold,1825,2025-06-21 20:17:10
630,976,bronze,3753,2025-02-13 12:17:10
631,977,bronze,4372,2025-04-11 07:17:10
632,978,platinum,763,2025-01-24 04:17:10
633,982,platinum,4412,2025-04-17 07:17:10
634,983,bronze,1782,2025-10-21 06:17:10
635,985,platinum,4310,2026-01-21 01:17:10
636,988,bronze,3472,2025-04-03 14:17:10
637,990,platinum,1628,2024-12-10 04:17:10
638,991,platinum,1512,2026-01-26 02:17:10
639,992,gold,1888,2025-05-26 11:17:10
640,993,bronze,1428,2025-06-24 19:17:10
641,994,gold,181,2024-06-16 13:17:10
642,998,gold,2041,2026-04-16 07:17:10
643,999,silver,1041,2026-03-21 06:17:10
644,1000,platinum,3731,2026-03-20 03:17:10
645,1003,platinum,3558,2026-01-19 16:17:10
646,1005,silver,1812,2024-12-14 02:17:10
647,1006,gold,2566,2025-06-23 05:17:10
648,1008,bronze,515,2025-12-13 05:17:10
649,1010,bronze,637,2024-07-02 07:17:10
650,1011,gold,2508,2025-05-29 13:17:10
651,1013,gold,3452,2025-07-24 23:17:10
652,1014,silver,3055,2024-08-03 06:17:10
653,1015,silver,1266,2024-11-29 03:17:10
654,1016,platinum,3575,2024-11-05 08:17:10
655,1017,silver,2331,2025-08-29 19:17:10
656,1018,gold,1466,2025-07-25 20:17:10
657,1019,platinum,258009,2024-07-20 19:17:10
658,1021,silver,636,2025-11-05 01:17:10
659,1023,platinum,2544,2025-05-07 20:17:10
660,1024,platinum,352,2024-10-29 11:17:10
661,1025,bronze,4137,2025-01-27 14:17:10
662,1026,bronze,3743,2024-09-28 04:17:10
663,1027,bronze,1914,2024-12-12 02:17:10
664,1028,silver,452,2026-02-04 15:17:10
665,1031,silver,4132,2026-05-04 14:17:10
666,1032,platinum,4089,2026-05-11 05:17:10
667,1033,silver,709,2024-12-05 20:17:10
668,1034,gold,196846,2026-01-24 06:17:10
669,1035,silver,3915,2025-04-08 00:17:10
670,1036,platinum,3056,2024-11-05 05:17:10
671,1039,silver,851,2024-12-13 14:17:10
672,1040,gold,829,2025-05-31 15:17:10
673,1041,platinum,3101,2025-08-27 19:17:10
674,1042,gold,2127,2025-06-27 10:17:10
675,1044,silver,2306,2024-09-26 22:17:10
676,1046,bronze,1419,2025-04-10 20:17:10
677,1048,platinum,2407,2024-08-02 07:17:10
678,1049,platinum,3959,2026-01-21 15:17:10
679,1053,bronze,102,2025-01-08 11:17:10
680,1055,bronze,3835,2024-10-01 04:17:10
681,1057,silver,3615,2025-06-09 01:17:10
682,1058,silver,3026,2025-02-23 15:17:10
683,1060,gold,1853,2024-08-03 10:17:10
684,1061,bronze,1913,2025-08-13 13:17:10
685,1064,gold,4139,2025-07-16 23:17:10
686,1065,platinum,319,2024-07-23 22:17:10
687,1067,silver,2562,2024-10-01 06:17:10
688,1068,gold,4158,2024-11-19 21:17:10
689,1069,bronze,4061,2025-08-28 08:17:10
690,1070,silver,1440,2025-11-23 03:17:10
691,1072,gold,4045,2024-12-28 13:17:10
692,1074,gold,1795,2025-12-02 12:17:10
693,1077,silver,4078,2024-06-25 14:17:10
694,1078,bronze,1863,2025-05-19 03:17:10
695,1079,bronze,3159,2025-03-11 10:17:10
696,1080,platinum,4007,2025-11-11 22:17:10
697,1081,bronze,3057,2024-12-05 09:17:10
698,1082,gold,3758,2025-04-20 22:17:10
699,1083,platinum,3109,2024-06-19 19:17:10
700,1085,bronze,1862,2025-02-11 04:17:10
701,1086,silver,444,2025-11-20 23:17:10
702,1089,bronze,3689,2026-04-08 12:17:10
703,1091,silver,768,2024-09-19 15:17:10
704,1092,platinum,2441,2026-03-16 19:17:10
705,1093,gold,146,2025-01-23 04:17:10
706,1095,platinum,4203,2025-04-21 00:17:10
707,1096,platinum,3046,2024-12-28 06:17:10
708,1098,platinum,2671,2024-12-08 07:17:10
709,1099,platinum,2337,2025-09-30 06:17:10
710,1101,bronze,2438,2024-08-16 11:17:10
711,1102,platinum,3920,2024-10-23 13:17:10
712,1103,silver,4081,2025-01-02 17:17:10
713,1104,platinum,1371,2026-04-05 12:17:10
714,1105,silver,2182,2026-02-28 21:17:10
715,1107,silver,3357,2024-06-29 06:17:10
716,1109,silver,2572,2025-04-16 06:17:10
717,1110,gold,1054,2025-08-31 03:17:10
718,1112,silver,2446,2025-03-16 18:17:10
719,1113,gold,4385,2025-07-08 12:17:10
720,1115,platinum,1293,2026-01-21 23:17:10
721,1117,platinum,2577,2025-05-20 17:17:10
722,1119,silver,2431,2025-01-28 20:17:10
723,1120,platinum,3816,2025-12-30 08:17:10
724,1121,gold,427,2024-07-23 14:17:10
725,1123,silver,2259,2026-02-26 05:17:10
726,1124,platinum,3615,2024-06-17 02:17:10
727,1125,gold,625,2025-03-09 22:17:10
728,1128,bronze,2939,2026-02-03 08:17:10
729,1129,bronze,2691,2025-07-07 23:17:10
730,1131,platinum,4442,2024-10-01 14:17:10
731,1132,gold,3705,2024-11-30 09:17:10
732,1133,platinum,295,2026-04-15 07:17:10
733,1134,gold,1006,2025-02-13 22:17:10
734,1136,platinum,3734,2025-04-03 20:17:10
735,1137,gold,3119,2025-04-11 06:17:10
736,1140,platinum,1773,2024-11-14 03:17:10
737,1141,gold,66,2024-07-18 12:17:10
738,1142,gold,1954,2025-11-25 21:17:10
739,1143,platinum,515,2025-08-08 20:17:10
740,1144,platinum,617889,2025-09-03 19:17:10
741,1145,gold,3860,2025-04-23 06:17:10
742,1146,platinum,4153,2025-04-01 02:17:10
743,1148,bronze,1548,2025-05-09 21:17:10
744,1149,platinum,104,2025-06-19 03:17:10
745,1150,bronze,1367,2024-11-15 09:17:10
746,1151,bronze,4057,2024-07-04 09:17:10
747,1154,silver,2653,2025-11-21 01:17:10
748,1155,silver,945,2024-07-22 03:17:10
749,1156,bronze,1670,2025-12-21 10:17:10
750,1157,platinum,1558,2024-10-22 05:17:10
751,1158,bronze,2270,2025-02-28 20:17:10
752,1159,bronze,3224,2024-10-01 19:17:10
753,1161,bronze,2043,2025-10-15 03:17:10
754,1162,silver,2234,2026-01-30 08:17:10
755,1164,silver,2622,2025-03-23 05:17:10
756,1165,silver,2473,2025-08-06 02:17:10
757,1167,bronze,4070,2025-04-28 03:17:10
758,1170,platinum,4148,2025-11-06 17:17:10
759,1171,gold,3914,2024-08-21 22:17:10
760,1172,gold,3725,2025-06-29 14:17:10
761,1173,gold,145,2025-08-13 01:17:10
762,1174,platinum,4410,2024-11-11 13:17:10
763,1178,gold,1456,2025-03-05 23:17:10
764,1179,bronze,2923,2026-05-14 09:17:10
765,1182,bronze,447,2024-10-16 09:17:10
766,1185,gold,2497,2025-06-21 03:17:10
767,1186,silver,3712,2025-10-21 00:17:10
768,1187,silver,1177,2026-01-04 20:17:10
769,1188,platinum,3627,2024-07-25 06:17:10
770,1189,gold,1808,2025-07-01 22:17:10
771,1190,platinum,307,2026-05-04 07:17:10
772,1191,platinum,229,2025-08-04 05:17:10
773,1192,bronze,2308,2024-10-14 02:17:10
774,1195,gold,2211,2024-09-27 11:17:10
775,1198,platinum,2845,2024-12-03 10:17:10
776,1199,platinum,848,2025-07-04 02:17:10
777,1200,bronze,2752,2025-04-26 03:17:10
778,1201,platinum,1794,2025-11-10 21:17:10
779,1204,gold,2016,2025-01-05 04:17:10
780,1205,platinum,793,2024-06-26 16:17:10
781,1206,gold,1996,2025-08-13 02:17:10
782,1208,silver,4262,2025-12-01 14:17:10
783,1209,silver,3162,2025-07-13 16:17:10
784,1213,gold,371,2024-07-10 20:17:10
785,1215,gold,3878,2025-07-10 04:17:10
786,1217,bronze,2006,2024-07-07 15:17:10
787,1218,platinum,2826,2024-10-17 22:17:10
788,1219,gold,3030,2026-03-11 04:17:10
789,1220,bronze,3354,2026-02-16 13:17:10
790,1221,silver,521,2025-02-23 17:17:10
791,1222,platinum,2388,2025-10-28 01:17:10
792,1223,platinum,2664,2026-01-22 07:17:10
793,1225,silver,4103,2026-03-02 04:17:10
794,1227,platinum,718266,2026-01-29 07:17:10
795,1228,gold,3600,2024-11-16 14:17:10
796,1230,gold,241701,2024-08-05 01:17:10
797,1231,silver,2671,2026-04-26 11:17:10
798,1232,silver,1903,2025-03-06 01:17:10
799,1233,silver,3725,2024-08-28 17:17:10
800,1234,bronze,3250,2025-06-08 09:17:10
801,1235,silver,844,2025-07-22 21:17:10
802,1237,platinum,494300,2025-03-26 05:17:10
803,1239,gold,2702,2024-09-13 05:17:10
804,1241,gold,495,2025-03-26 16:17:10
805,1242,gold,495,2026-03-09 21:17:10
806,1243,silver,81,2025-10-31 03:17:10
807,1244,silver,1308,2026-02-15 15:17:10
808,1245,silver,3145,2025-11-22 00:17:10
809,1246,gold,892,2025-07-29 14:17:10
810,1247,silver,3109,2026-03-05 21:17:10
811,1248,platinum,715,2025-09-18 15:17:10
812,1249,gold,3964,2024-10-01 18:17:10
813,1250,bronze,375,2024-10-03 06:17:10
814,1251,bronze,35,2025-01-19 14:17:10
815,1252,silver,3101,2025-05-25 17:17:10
816,1254,bronze,1491,2025-09-07 15:17:10
817,1255,gold,2415,2024-07-26 10:17:10
818,1256,platinum,2464,2025-06-27 13:17:10
819,1257,silver,1299,2025-03-03 22:17:10
820,1258,platinum,1849,2026-02-20 06:17:10
821,1261,bronze,758,2025-08-06 02:17:10
822,1268,bronze,4387,2025-01-14 15:17:10
823,1269,platinum,166329,2025-06-13 02:17:10
824,1271,silver,4274,2024-08-22 04:17:10
825,1272,silver,957,2025-04-17 18:17:10
826,1273,platinum,1393,2024-08-27 23:17:10
827,1274,silver,451,2025-05-19 02:17:10
828,1276,platinum,3848,2024-09-26 19:17:10
829,1277,platinum,1774,2025-09-22 15:17:10
830,1278,silver,2947,2024-09-29 03:17:10
831,1279,silver,3038,2025-06-30 12:17:10
832,1280,bronze,105,2025-06-14 09:17:10
833,1281,gold,661,2024-12-23 20:17:10
834,1282,gold,135,2025-05-30 15:17:10
835,1283,silver,1358,2025-01-02 14:17:10
836,1284,bronze,3538,2025-08-09 12:17:10
837,1288,gold,326,2024-08-27 11:17:10
838,1289,platinum,3544,2025-06-22 08:17:10
839,1290,platinum,124,2025-03-17 04:17:10
840,1291,bronze,4111,2026-05-03 00:17:10
841,1292,bronze,2725,2025-06-25 17:17:10
842,1293,silver,3917,2025-11-11 11:17:10
843,1294,gold,3855,2025-04-20 00:17:10
844,1295,bronze,238,2025-04-10 20:17:10
845,1296,bronze,1206,2026-04-03 10:17:10
846,1297,silver,3464,2025-09-21 22:17:10
847,1298,platinum,384930,2024-07-17 07:17:10
848,1299,gold,4111,2024-08-26 21:17:10
849,1300,bronze,1491,2025-06-15 04:17:10
850,1303,platinum,1032,2025-11-26 01:17:10
851,1304,platinum,3000,2026-02-22 22:17:10
852,1305,bronze,1752,2026-01-11 14:17:10
853,1306,bronze,2626,2025-12-24 02:17:10
854,1307,gold,31,2024-12-20 19:17:10
855,1311,platinum,189273,2025-08-31 01:17:10
856,1312,bronze,4096,2024-07-08 22:17:10
857,1314,bronze,3129,2025-11-18 10:17:10
858,1315,silver,1802,2024-09-01 18:17:10
859,1316,gold,382,2025-08-30 23:17:10
860,1317,bronze,2321,2026-04-04 17:17:10
861,1318,bronze,3656,2026-02-11 01:17:10
862,1319,gold,227,2024-10-29 20:17:10
863,1321,silver,3904,2025-08-03 15:17:10
864,1323,bronze,2800,2024-08-05 09:17:10
865,1325,silver,330,2024-11-15 21:17:10
866,1327,bronze,1839,2025-12-22 10:17:10
867,1328,platinum,759,2024-06-16 05:17:10
868,1330,gold,3541,2024-06-17 20:17:10
869,1331,bronze,1782,2026-05-05 07:17:10
870,1332,silver,4217,2025-04-23 22:17:10
871,1338,gold,624554,2026-05-08 06:17:10
872,1339,platinum,762,2024-10-21 05:17:10
873,1340,gold,4159,2025-07-11 10:17:10
874,1341,gold,3150,2025-11-13 15:17:10
875,1343,bronze,4327,2024-09-16 20:17:10
876,1346,gold,1223,2025-01-21 17:17:10
877,1347,bronze,4183,2025-06-09 14:17:10
878,1354,bronze,1267,2025-10-28 21:17:10
879,1355,bronze,1318,2024-08-20 00:17:10
880,1357,silver,3245,2024-11-29 04:17:10
881,1359,platinum,351,2025-11-10 13:17:10
882,1360,gold,838,2025-10-10 00:17:10
883,1362,bronze,3693,2026-01-21 07:17:10
884,1363,silver,230,2025-03-04 17:17:10
885,1365,platinum,3815,2024-07-04 06:17:10
886,1366,platinum,2303,2024-10-08 00:17:10
887,1368,gold,3085,2026-04-10 18:17:10
888,1369,platinum,3252,2025-07-31 22:17:10
889,1370,silver,188,2025-10-11 03:17:10
890,1372,silver,3394,2024-07-24 18:17:10
891,1375,gold,2672,2025-06-11 18:17:10
892,1376,bronze,555,2025-07-26 21:17:10
893,1377,platinum,3106,2025-02-04 05:17:10
894,1378,bronze,1757,2024-11-05 22:17:10
895,1381,platinum,3130,2025-07-15 01:17:10
896,1382,gold,3415,2025-02-21 17:17:10
897,1384,silver,4476,2025-07-28 07:17:10
898,1387,gold,2267,2025-02-21 07:17:10
899,1388,silver,301,2025-02-17 23:17:10
900,1390,platinum,1166,2025-06-21 16:17:10
901,1391,gold,1056,2025-11-29 12:17:10
902,1392,silver,808,2025-12-27 01:17:10
903,1394,silver,3641,2024-10-20 20:17:10
904,1395,bronze,2109,2025-10-10 21:17:10
905,1396,bronze,4066,2024-07-16 01:17:10
906,1397,bronze,1038,2025-03-04 10:17:10
907,1398,gold,1810,2025-01-22 05:17:10
908,1404,bronze,3613,2025-10-16 06:17:10
909,1405,silver,385,2026-04-25 12:17:10
910,1406,gold,2989,2024-06-16 06:17:10
911,1407,bronze,4230,2025-08-12 03:17:10
912,1409,platinum,134802,2026-05-11 02:17:10
913,1411,silver,2478,2025-06-14 20:17:10
914,1412,silver,3089,2024-08-31 21:17:10
915,1414,platinum,2186,2026-02-16 09:17:10
916,1415,platinum,1685,2026-03-27 02:17:10
917,1416,silver,4110,2024-10-19 15:17:10
918,1417,gold,2341,2024-11-26 16:17:10
919,1420,platinum,1157,2025-01-31 07:17:10
920,1421,bronze,2279,2024-12-27 04:17:10
921,1422,silver,899,2025-03-25 13:17:10
922,1423,gold,1270,2025-05-09 06:17:10
923,1424,gold,3593,2025-11-01 05:17:10
924,1426,bronze,591,2025-01-17 13:17:10
925,1428,bronze,634,2025-01-13 16:17:10
926,1430,silver,3556,2024-10-14 23:17:10
927,1431,gold,3361,2025-03-17 02:17:10
928,1432,gold,3360,2025-05-27 20:17:10
929,1434,platinum,3667,2025-01-19 15:17:10
930,1436,silver,1659,2026-03-06 11:17:10
931,1437,bronze,4365,2025-05-24 23:17:10
932,1438,gold,7,2025-04-23 22:17:10
933,1442,platinum,1803,2026-03-02 04:17:10
934,1443,gold,3363,2024-07-10 07:17:10
935,1446,gold,3325,2025-04-03 10:17:10
936,1448,platinum,3671,2024-07-02 03:17:10
937,1449,platinum,2713,2024-06-17 17:17:10
938,1453,silver,420,2026-02-06 13:17:10
939,1455,bronze,4432,2026-01-28 03:17:10
940,1458,gold,3128,2026-03-23 15:17:10
941,1460,platinum,2791,2025-02-17 18:17:10
942,1461,gold,2589,2024-12-28 06:17:10
943,1462,gold,3892,2025-05-27 15:17:10
944,1463,platinum,3702,2025-11-26 03:17:10
945,1464,silver,1242,2024-07-02 08:17:10
946,1465,gold,532725,2024-12-04 22:17:10
947,1466,gold,3875,2025-03-05 10:17:10
948,1467,bronze,706,2026-02-13 11:17:10
949,1470,gold,86,2024-11-19 11:17:10
950,1471,bronze,2758,2025-12-16 07:17:10
951,1472,platinum,2406,2025-06-09 08:17:10
952,1474,silver,4191,2025-01-23 04:17:10
953,1475,silver,1334,2025-12-11 21:17:10
954,1476,silver,2436,2024-09-05 17:17:10
955,1478,gold,3215,2025-02-10 04:17:10
956,1479,silver,417,2026-04-13 08:17:10
957,1480,platinum,1221,2025-02-11 16:17:10
958,1484,gold,3574,2025-12-27 11:17:10
959,1486,platinum,3628,2024-11-23 18:17:10
960,1487,gold,393,2025-06-09 11:17:10
961,1488,silver,2289,2025-10-12 02:17:10
962,1489,silver,3254,2025-02-26 07:17:10
963,1490,silver,2563,2024-11-06 21:17:10
964,1491,gold,776,2026-03-20 01:17:10
965,1492,bronze,1481,2025-05-25 06:17:10
966,1493,silver,1962,2025-04-05 18:17:10
967,1494,platinum,4362,2025-12-25 10:17:10
968,1496,bronze,174,2025-06-01 20:17:10
969,1497,gold,750,2024-06-29 21:17:10
970,1498,bronze,528,2026-03-19 16:17:10
971,1501,bronze,2498,2026-02-26 10:17:10
972,1502,gold,2083,2025-10-24 19:17:10
973,1507,silver,3224,2026-04-02 04:17:10
974,1510,gold,3577,2025-04-14 13:17:10
975,1512,bronze,2114,2026-03-11 21:17:10
976,1513,platinum,4236,2025-10-12 16:17:10
977,1515,gold,3345,2025-05-28 10:17:10
978,1516,platinum,3372,2026-01-23 17:17:10
979,1517,gold,3308,2024-10-05 07:17:10
980,1518,silver,4256,2025-11-20 11:17:10
981,1519,bronze,1059,2026-01-02 14:17:10
982,1520,platinum,3366,2026-05-05 17:17:10
983,1521,bronze,1508,2026-04-11 10:17:10
984,1523,silver,2874,2025-10-12 21:17:10
985,1525,bronze,4351,2025-11-08 14:17:10
986,1526,gold,4097,2025-11-22 19:17:10
987,1527,platinum,2218,2025-12-30 14:17:10
988,1528,silver,4337,2025-02-14 09:17:10
989,1531,silver,2074,2025-02-17 06:17:10
990,1532,gold,4478,2025-06-14 04:17:10
991,1533,bronze,3031,2025-10-12 15:17:10
992,1534,bronze,3409,2024-12-19 23:17:10
993,1536,gold,3996,2025-12-21 17:17:10
994,1537,bronze,590,2024-09-11 06:17:10
995,1539,bronze,2213,2025-09-09 16:17:10
996,1540,gold,3784,2026-03-11 18:17:10
997,1541,gold,3091,2026-02-02 15:17:10
998,1542,gold,3167,2024-11-08 10:17:10
999,1543,silver,3209,2025-05-25 03:17:10
1000,1544,bronze,3839,2025-12-30 20:17:10
1001,1548,bronze,814,2025-10-12 09:17:10
1002,1549,silver,2887,2024-12-31 19:17:10
1003,1550,silver,1569,2026-05-04 08:17:10
1004,1552,platinum,3835,2026-01-19 11:17:10
1005,1553,bronze,3012,2025-07-20 00:17:10
1006,1555,silver,3214,2026-02-26 03:17:10
1007,1557,platinum,2866,2026-01-04 04:17:10
1008,1558,gold,34,2025-04-25 20:17:10
1009,1559,silver,433,2024-10-27 04:17:10
1010,1560,gold,377130,2026-02-18 04:17:10
1011,1561,platinum,3981,2025-11-30 14:17:10
1012,1564,silver,22,2024-07-08 15:17:10
1013,1567,gold,3029,2024-07-30 12:17:10
1014,1568,gold,1225,2025-08-13 13:17:10
1015,1570,bronze,2171,2026-05-06 04:17:10
1016,1571,silver,4463,2026-02-13 14:17:10
1017,1572,gold,2161,2025-09-14 17:17:10
1018,1573,bronze,3229,2025-04-17 04:17:10
1019,1575,silver,162,2025-08-01 02:17:10
1020,1577,platinum,1519,2024-07-30 16:17:10
1021,1578,bronze,629,2024-11-24 21:17:10
1022,1579,silver,369,2025-11-24 21:17:10
1023,1580,bronze,918,2026-03-28 23:17:10
1024,1581,platinum,2838,2026-02-14 03:17:10
1025,1582,silver,1479,2024-11-06 11:17:10
1026,1583,gold,4403,2025-04-21 12:17:10
1027,1585,platinum,3694,2024-10-12 11:17:10
1028,1586,silver,2191,2024-07-24 22:17:10
1029,1587,silver,1262,2026-02-12 22:17:10
1030,1588,gold,3719,2025-05-17 15:17:10
1031,1589,silver,3586,2024-10-26 12:17:10
1032,1596,platinum,1384,2025-01-04 01:17:10
1033,1599,silver,3520,2024-06-18 04:17:10
1034,1601,platinum,899,2025-04-04 20:17:10
1035,1603,gold,3886,2025-08-31 21:17:10
1036,1604,silver,4125,2026-03-27 22:17:10
1037,1606,platinum,545,2025-05-05 19:17:10
1038,1607,gold,3263,2024-07-01 14:17:10
1039,1610,silver,1616,2026-04-23 16:17:10
1040,1611,silver,4222,2024-08-09 07:17:10
1041,1612,platinum,1599,2025-05-12 11:17:10
1042,1614,bronze,4313,2025-07-20 18:17:10
1043,1617,platinum,2158,2025-08-26 04:17:10
1044,1618,platinum,2684,2024-11-20 14:17:10
1045,1620,gold,414,2025-04-28 10:17:10
1046,1622,gold,4369,2026-01-20 02:17:10
1047,1624,gold,3237,2024-09-04 15:17:10
1048,1625,bronze,1029,2024-09-02 06:17:10
1049,1626,gold,3549,2025-07-14 03:17:10
1050,1629,bronze,1083,2024-07-22 10:17:10
1051,1630,gold,3273,2025-08-29 04:17:10
1052,1631,bronze,4482,2025-08-23 22:17:10
1053,1636,bronze,1847,2024-06-15 16:17:10
1054,1637,platinum,4307,2024-09-26 05:17:10
1055,1639,platinum,212,2025-07-01 07:17:10
1056,1640,gold,3843,2024-09-07 08:17:10
1057,1641,gold,1708,2024-11-24 03:17:10
1058,1642,silver,638,2024-12-23 13:17:10
1059,1644,silver,153,2025-07-13 20:17:10
1060,1648,gold,220884,2025-10-13 12:17:10
1061,1649,bronze,2757,2024-09-10 18:17:10
1062,1650,bronze,3149,2025-01-22 23:17:10
1063,1653,silver,225,2025-10-01 19:17:10
1064,1655,silver,776,2025-06-13 06:17:10
1065,1657,bronze,1627,2024-11-01 07:17:10
1066,1658,platinum,3504,2024-10-07 02:17:10
1067,1660,bronze,1964,2025-07-20 11:17:10
1068,1661,bronze,3666,2025-11-04 13:17:10
1069,1663,gold,4074,2024-09-26 14:17:10
1070,1664,bronze,31,2024-08-31 17:17:10
1071,1665,silver,66,2025-10-21 15:17:10
1072,1666,silver,4267,2026-04-07 16:17:10
1073,1667,gold,2190,2025-01-10 18:17:10
1074,1668,gold,2368,2026-04-15 10:17:10
1075,1669,platinum,2089,2026-02-14 04:17:10
1076,1670,silver,1177,2025-12-11 22:17:10
1077,1671,gold,4065,2024-11-06 09:17:10
1078,1672,bronze,3465,2024-10-07 04:17:10
1079,1673,platinum,555,2024-07-16 23:17:10
1080,1674,bronze,3492,2024-10-03 01:17:10
1081,1676,bronze,607,2025-07-26 11:17:10
1082,1677,bronze,4365,2026-04-05 16:17:10
1083,1678,silver,2622,2026-03-11 02:17:10
1084,1679,gold,4045,2024-09-07 15:17:10
1085,1680,silver,13,2025-12-20 00:17:10
1086,1681,bronze,3964,2024-10-02 06:17:10
1087,1682,gold,4410,2026-03-15 20:17:10
1088,1683,gold,1596,2026-03-22 16:17:10
1089,1684,bronze,1499,2026-02-24 22:17:10
1090,1685,platinum,2378,2024-11-27 21:17:10
1091,1686,bronze,4173,2024-09-12 08:17:10
1092,1687,bronze,2355,2025-06-28 15:17:10
1093,1691,platinum,1426,2025-01-25 18:17:10
1094,1692,silver,3654,2026-04-16 17:17:10
1095,1693,bronze,2444,2024-09-17 16:17:10
1096,1694,gold,807,2025-12-14 14:17:10
1097,1695,gold,1692,2026-01-27 05:17:10
1098,1697,platinum,2790,2026-03-04 19:17:10
1099,1699,gold,472,2025-04-02 14:17:10
1100,1700,platinum,1569,2025-09-16 08:17:10
1101,1701,platinum,3790,2025-10-22 07:17:10
1102,1702,bronze,3152,2025-11-06 17:17:10
1103,1703,bronze,175,2024-07-09 21:17:10
1104,1705,silver,3095,2025-08-23 05:17:10
1105,1707,bronze,3788,2025-04-21 14:17:10
1106,1708,silver,3581,2025-10-04 05:17:10
1107,1709,platinum,2643,2025-04-14 15:17:10
1108,1710,platinum,819,2024-12-08 10:17:10
1109,1712,bronze,2023,2025-01-08 11:17:10
1110,1714,silver,2890,2025-02-05 04:17:10
1111,1716,silver,4270,2025-12-10 17:17:10
1112,1718,platinum,4045,2025-11-01 14:17:10
1113,1719,bronze,3973,2025-05-15 23:17:10
1114,1720,platinum,2062,2025-01-26 15:17:10
1115,1721,gold,391,2025-12-03 00:17:10
1116,1722,gold,796,2026-03-12 20:17:10
1117,1724,silver,1607,2025-09-05 06:17:10
1118,1725,gold,3724,2025-06-05 08:17:10
1119,1726,silver,909,2026-04-17 09:17:10
1120,1729,platinum,1416,2026-03-28 10:17:10
1121,1730,bronze,1750,2025-09-01 20:17:10
1122,1731,platinum,596891,2025-11-27 05:17:10
1123,1733,bronze,2683,2025-11-12 12:17:10
1124,1734,platinum,1082,2025-08-12 20:17:10
1125,1738,silver,2913,2025-05-06 19:17:10
1126,1740,bronze,957,2025-06-23 13:17:10
1127,1741,gold,2780,2026-03-05 07:17:10
1128,1743,bronze,1968,2024-10-22 12:17:10
1129,1745,gold,387299,2026-01-19 19:17:10
1130,1746,silver,1389,2024-12-21 02:17:10
1131,1747,platinum,1438,2025-09-11 19:17:10
1132,1750,bronze,4270,2025-01-14 23:17:10
1133,1752,platinum,3880,2026-01-03 14:17:10
1134,1753,bronze,357,2024-11-22 21:17:10
1135,1754,platinum,2977,2025-04-18 11:17:10
1136,1757,bronze,2361,2025-12-30 23:17:10
1137,1758,platinum,2751,2026-01-12 06:17:10
1138,1760,gold,2592,2025-08-01 03:17:10
1139,1761,platinum,3935,2024-11-23 01:17:10
1140,1763,platinum,355,2026-02-03 21:17:10
1141,1765,gold,1148,2025-04-21 01:17:10
1142,1766,bronze,1397,2025-07-30 02:17:10
1143,1768,silver,2845,2024-09-19 16:17:10
1144,1769,gold,987,2024-11-01 20:17:10
1145,1770,platinum,2914,2024-09-09 10:17:10
1146,1771,bronze,3314,2026-03-09 14:17:10
1147,1772,bronze,3655,2024-06-19 11:17:10
1148,1773,gold,1324,2024-10-31 20:17:10
1149,1775,bronze,2736,2026-01-21 06:17:10
1150,1776,platinum,694076,2026-04-27 06:17:10
1151,1777,gold,2406,2026-01-02 09:17:10
1152,1778,bronze,2681,2024-12-01 20:17:10
1153,1780,gold,113,2025-01-03 17:17:10
1154,1782,gold,1161,2025-05-21 15:17:10
1155,1785,silver,4115,2026-03-01 18:17:10
1156,1786,bronze,3375,2024-09-10 23:17:10
1157,1787,bronze,1555,2026-02-24 22:17:10
1158,1790,platinum,1117,2025-12-27 17:17:10
1159,1791,gold,4321,2024-12-30 00:17:10
1160,1792,bronze,2505,2024-10-27 09:17:10
1161,1793,bronze,2716,2024-09-12 12:17:10
1162,1795,silver,830,2025-07-19 17:17:10
1163,1797,bronze,632,2025-10-12 09:17:10
1164,1798,bronze,4245,2025-06-18 01:17:10
1165,1800,bronze,417,2025-05-10 03:17:10
1166,1802,gold,691,2026-02-28 02:17:10
1167,1803,bronze,1443,2025-07-19 19:17:10
1168,1804,platinum,524,2024-09-13 02:17:10
1169,1805,silver,413,2025-06-29 16:17:10
1170,1807,platinum,4483,2024-08-08 14:17:10
1171,1809,silver,2023,2026-04-07 04:17:10
1172,1810,silver,2610,2024-11-19 06:17:10
1173,1814,bronze,1363,2025-02-26 06:17:10
1174,1815,silver,4339,2025-02-25 12:17:10
1175,1816,platinum,3360,2025-09-08 11:17:10
1176,1817,bronze,2357,2025-10-18 00:17:10
1177,1818,silver,2351,2025-12-05 22:17:10
1178,1820,silver,3491,2025-06-15 03:17:10
1179,1821,bronze,775,2025-11-19 09:17:10
1180,1822,silver,2836,2025-10-09 10:17:10
1181,1825,bronze,2544,2025-04-27 12:17:10
1182,1826,bronze,3829,2025-06-16 00:17:10
1183,1827,silver,1261,2026-04-07 06:17:10
1184,1830,platinum,3185,2026-04-17 18:17:10
1185,1833,silver,611,2025-08-01 01:17:10
1186,1834,bronze,2760,2025-07-08 19:17:10
1187,1835,bronze,1097,2024-06-28 06:17:10
1188,1836,silver,3946,2026-01-27 04:17:10
1189,1837,gold,1000,2025-11-18 04:17:10
1190,1838,silver,403,2026-02-28 11:17:10
1191,1844,gold,2695,2024-12-11 02:17:10
1192,1845,platinum,4396,2025-10-10 17:17:10
1193,1846,platinum,3008,2025-08-18 10:17:10
1194,1847,bronze,2245,2026-02-17 10:17:10
1195,1848,silver,2037,2025-01-31 16:17:10
1196,1850,platinum,1389,2025-07-28 01:17:10
1197,1851,gold,4244,2026-03-05 04:17:10
1198,1853,bronze,3128,2024-08-14 12:17:10
1199,1855,silver,3788,2026-02-06 18:17:10
1200,1856,gold,1747,2026-01-21 05:17:10
1201,1858,silver,3639,2024-10-22 20:17:10
1202,1859,silver,1039,2026-04-15 03:17:10
1203,1861,gold,3390,2026-02-14 20:17:10
1204,1863,silver,2208,2025-10-04 19:17:10
1205,1865,platinum,2019,2025-01-03 09:17:10
1206,1869,platinum,2850,2026-03-30 10:17:10
1207,1870,platinum,545,2025-03-30 14:17:10
1208,1871,platinum,3290,2025-03-12 23:17:10
1209,1872,gold,4062,2026-02-12 09:17:10
1210,1873,bronze,2789,2024-11-29 19:17:10
1211,1876,gold,1265,2024-11-15 02:17:10
1212,1877,bronze,1607,2025-05-30 13:17:10
1213,1878,bronze,1125,2025-01-17 19:17:10
1214,1879,silver,739,2024-10-07 16:17:10
1215,1880,bronze,805,2025-07-21 23:17:10
1216,1881,silver,359,2026-02-28 17:17:10
1217,1882,platinum,718328,2026-04-10 10:17:10
1218,1890,silver,2528,2025-05-13 14:17:10
1219,1892,silver,3985,2026-05-08 02:17:10
1220,1894,silver,1673,2024-10-19 12:17:10
1221,1895,gold,450413,2026-01-22 00:17:10
1222,1896,silver,2566,2024-07-16 16:17:10
1223,1897,bronze,1207,2026-03-07 23:17:10
1224,1898,gold,4498,2025-06-12 15:17:10
1225,1900,platinum,3025,2025-02-24 17:17:10
1226,1901,gold,913,2026-01-02 10:17:10
1227,1902,bronze,1323,2025-12-21 05:17:10
1228,1903,platinum,348,2024-11-09 23:17:10
1229,1907,silver,4409,2026-03-28 10:17:10
1230,1908,silver,2316,2026-01-01 19:17:10
1231,1909,bronze,1988,2025-12-03 23:17:10
1232,1910,gold,4009,2026-04-27 18:17:10
1233,1911,gold,893,2024-07-28 01:17:10
1234,1913,silver,1311,2025-01-26 12:17:10
1235,1914,silver,1050,2026-02-15 23:17:10
1236,1915,gold,3661,2024-08-19 07:17:10
1237,1916,silver,3467,2026-01-07 23:17:10
1238,1917,gold,727836,2024-10-11 11:17:10
1239,1919,gold,4484,2024-10-27 13:17:10
1240,1922,silver,3261,2025-09-17 15:17:10
1241,1923,bronze,1544,2025-08-06 16:17:10
1242,1924,silver,4308,2026-04-01 20:17:10
1243,1929,gold,945,2026-04-13 15:17:10
1244,1930,gold,506,2024-12-15 05:17:10
1245,1931,platinum,1169,2025-02-15 05:17:10
1246,1932,gold,1137,2026-04-12 23:17:10
1247,1933,platinum,3002,2025-03-07 21:17:10
1248,1935,bronze,4121,2026-01-26 07:17:10
1249,1938,platinum,1154,2025-01-23 05:17:10
1250,1939,platinum,820,2026-02-19 06:17:10
1251,1941,platinum,4359,2024-09-27 13:17:10
1252,1944,gold,3646,2025-02-28 09:17:10
1253,1945,bronze,2660,2025-02-03 11:17:10
1254,1946,platinum,3128,2025-04-03 00:17:10
1255,1947,gold,2738,2025-07-18 22:17:10
1256,1948,bronze,2845,2025-11-09 05:17:10
1257,1949,platinum,3075,2025-04-01 21:17:10
1258,1950,bronze,1625,2024-07-29 06:17:10
1259,1951,bronze,3992,2024-06-24 15:17:10
1260,1952,platinum,83,2024-07-15 17:17:10
1261,1955,bronze,252,2025-02-23 10:17:10
1262,1956,gold,2633,2025-03-30 05:17:10
1263,1958,bronze,273,2025-09-06 06:17:10
1264,1960,platinum,501,2024-10-06 19:17:10
1265,1961,platinum,3458,2025-07-16 00:17:10
1266,1964,gold,2026,2025-08-08 20:17:10
1267,1965,bronze,729,2024-12-12 12:17:10
1268,1966,platinum,583165,2025-07-27 11:17:10
1269,1967,silver,1625,2024-08-31 09:17:10
1270,1969,silver,380,2025-03-29 14:17:10
1271,1970,platinum,466,2024-09-15 10:17:10
1272,1971,platinum,887,2025-05-11 01:17:10
1273,1972,gold,3264,2024-10-08 20:17:10
1274,1974,bronze,2120,2025-05-14 17:17:10
1275,1977,gold,2390,2025-08-04 04:17:10
1276,1979,gold,2940,2024-10-15 18:17:10
1277,1980,gold,544477,2025-09-16 08:17:10
1278,1982,gold,3832,2025-02-16 12:17:10
1279,1983,silver,1000,2024-07-09 05:17:10
1280,1984,platinum,869,2025-06-06 03:17:10
1281,1985,silver,1161,2025-07-28 07:17:10
1282,1986,silver,907,2025-10-10 14:17:10
1283,1987,gold,4133,2024-12-03 03:17:10
1284,1989,silver,2293,2025-12-16 14:17:10
1285,1990,bronze,1289,2026-01-12 19:17:10
1286,1991,platinum,3533,2024-12-02 19:17:10
1287,1992,gold,223,2026-02-20 09:17:10
1288,1994,platinum,47,2025-02-14 00:17:10
1289,1995,gold,793,2025-08-19 01:17:10
1290,1997,gold,511,2025-08-04 03:17:10
1291,2000,platinum,1246,2026-03-01 16:17:10
1292,2001,bronze,3114,2025-09-11 21:17:10
1293,2002,silver,2371,2024-09-14 18:17:10
1294,2003,bronze,638,2025-05-21 05:17:10
1295,2005,silver,432,2026-01-18 21:17:10
1296,2006,platinum,2643,2025-04-21 19:17:10
1297,2007,silver,1951,2026-01-10 15:17:10
1298,2009,bronze,4183,2024-10-20 20:17:10
1299,2010,bronze,3996,2026-02-18 18:17:10
1300,2014,platinum,108,2025-04-21 01:17:10
1301,2016,bronze,3716,2025-06-14 18:17:10
1302,2017,silver,2841,2024-11-04 11:17:10
1303,2018,platinum,969,2024-08-28 09:17:10
1304,2019,platinum,562,2024-11-13 20:17:10
1305,2020,gold,427,2025-07-28 12:17:10
1306,2021,silver,4251,2024-09-06 04:17:10
1307,2024,gold,1961,2025-10-29 07:17:10
1308,2025,gold,1100,2026-01-29 08:17:10
1309,2026,silver,3012,2025-12-15 22:17:10
1310,2029,silver,1255,2024-12-01 09:17:10
1311,2031,gold,3578,2024-09-12 01:17:10
1312,2032,gold,2442,2026-02-05 21:17:10
1313,2033,gold,3845,2026-04-07 20:17:10
1314,2034,gold,1766,2026-01-18 10:17:10
1315,2035,platinum,2069,2024-12-12 22:17:10
1316,2036,bronze,3688,2024-12-12 06:17:10
1317,2037,silver,241,2024-06-25 10:17:10
1318,2040,gold,1219,2025-12-02 01:17:10
1319,2042,silver,3189,2025-05-29 17:17:10
1320,2043,platinum,676,2026-01-01 05:17:10
1321,2044,bronze,2405,2024-10-07 12:17:10
1322,2045,platinum,2173,2025-09-23 14:17:10
1323,2046,silver,4490,2025-02-20 10:17:10
1324,2048,platinum,586,2025-05-30 23:17:10
1325,2051,platinum,311645,2025-06-09 03:17:10
1326,2052,bronze,126,2025-05-09 00:17:10
1327,2053,gold,3171,2024-08-03 05:17:10
1328,2054,silver,3688,2024-08-15 16:17:10
1329,2057,silver,3290,2026-03-13 12:17:10
1330,2058,bronze,2711,2026-04-21 17:17:10
1331,2059,silver,874,2024-09-22 11:17:10
1332,2062,bronze,1874,2025-03-13 20:17:10
1333,2064,gold,629,2026-03-31 21:17:10
1334,2065,gold,1593,2024-07-17 12:17:10
1335,2067,gold,350,2025-07-18 08:17:10
1336,2068,gold,1473,2026-02-01 23:17:10
1337,2072,platinum,4286,2025-12-30 09:17:10
1338,2073,gold,3706,2024-11-20 09:17:10
1339,2074,silver,1654,2025-05-07 03:17:10
1340,2076,bronze,1653,2025-01-06 11:17:10
1341,2077,silver,3165,2025-07-23 07:17:10
1342,2078,platinum,2137,2024-08-31 07:17:10
1343,2079,silver,4101,2025-08-08 00:17:10
1344,2080,gold,3048,2025-09-29 20:17:10
1345,2081,bronze,667,2025-10-02 06:17:10
1346,2084,bronze,2881,2024-12-25 08:17:10
1347,2086,bronze,4122,2024-10-07 16:17:10
1348,2088,silver,4331,2025-09-05 03:17:10
1349,2090,platinum,3122,2025-04-10 20:17:10
1350,2091,bronze,3421,2025-06-14 01:17:10
1351,2092,bronze,2904,2024-09-09 00:17:10
1352,2095,gold,1396,2026-01-19 04:17:10
1353,2098,silver,4059,2025-03-09 15:17:10
1354,2100,silver,1857,2026-05-12 04:17:10
1355,2102,silver,2183,2026-03-16 11:17:10
1356,2103,silver,1903,2024-07-21 22:17:10
1357,2104,gold,1920,2025-04-23 00:17:10
1358,2105,silver,3715,2025-07-23 23:17:10
1359,2106,silver,755,2024-08-15 14:17:10
1360,2107,gold,2706,2025-10-17 01:17:10
1361,2109,platinum,3943,2024-11-11 23:17:10
1362,2110,platinum,2985,2025-08-13 16:17:10
1363,2111,bronze,2604,2024-07-22 05:17:10
1364,2114,silver,3461,2025-12-05 12:17:10
1365,2117,silver,3441,2024-11-29 01:17:10
1366,2120,platinum,1939,2026-02-20 22:17:10
1367,2122,silver,2061,2025-12-07 01:17:10
1368,2123,platinum,4331,2024-07-16 00:17:10
1369,2124,silver,1820,2025-05-12 21:17:10
1370,2126,gold,1205,2026-01-31 17:17:10
1371,2127,silver,959,2024-11-28 04:17:10
1372,2130,silver,2261,2025-06-01 14:17:10
1373,2131,gold,600,2024-08-05 06:17:10
1374,2132,gold,79,2024-07-14 03:17:10
1375,2133,bronze,3909,2025-12-01 09:17:10
1376,2136,gold,2626,2025-04-09 21:17:10
1377,2137,platinum,983,2024-07-26 00:17:10
1378,2139,platinum,1565,2024-10-09 06:17:10
1379,2142,gold,2644,2025-06-23 21:17:10
1380,2143,gold,4420,2026-04-23 17:17:10
1381,2145,silver,2014,2025-04-21 06:17:10
1382,2146,silver,2131,2024-11-30 17:17:10
1383,2148,platinum,1392,2025-10-16 01:17:10
1384,2149,silver,3057,2024-10-26 00:17:10
1385,2150,gold,3182,2026-05-12 22:17:10
1386,2151,silver,542,2024-07-25 08:17:10
1387,2152,bronze,2700,2024-09-28 10:17:10
1388,2153,platinum,3655,2025-05-21 15:17:10
1389,2154,platinum,667,2025-01-30 06:17:10
1390,2155,gold,1862,2025-09-06 09:17:10
1391,2157,silver,1011,2026-03-13 13:17:10
1392,2158,silver,1243,2025-10-01 21:17:10
1393,2159,silver,2433,2025-09-08 03:17:10
1394,2163,silver,457,2025-01-06 07:17:10
1395,2164,bronze,3608,2025-01-16 05:17:10
1396,2166,platinum,392997,2025-07-18 06:17:10
1397,2167,silver,2322,2025-02-19 11:17:10
1398,2168,silver,2490,2025-12-21 20:17:10
1399,2169,platinum,1290,2025-07-31 01:17:10
1400,2172,gold,165,2026-01-15 08:17:10
1401,2173,bronze,655,2025-03-28 04:17:10
1402,2175,silver,694,2024-08-16 14:17:10
1403,2176,gold,1331,2025-03-20 06:17:10
1404,2177,gold,3858,2024-12-11 15:17:10
1405,2179,silver,3603,2025-10-17 23:17:10
1406,2181,platinum,531,2025-03-05 18:17:10
1407,2184,bronze,80,2024-10-06 13:17:10
1408,2185,gold,2600,2025-06-15 03:17:10
1409,2186,silver,2713,2025-09-30 10:17:10
1410,2188,platinum,4493,2026-01-11 18:17:10
1411,2189,gold,954,2024-09-30 02:17:10
1412,2194,gold,3274,2024-08-08 17:17:10
1413,2195,gold,2186,2025-12-16 00:17:10
1414,2198,gold,3652,2025-07-17 21:17:10
1415,2199,bronze,2592,2025-11-12 13:17:10
1416,2201,gold,1289,2025-12-24 11:17:10
1417,2203,platinum,37,2026-02-27 01:17:10
1418,2204,gold,2634,2025-06-25 01:17:10
1419,2206,silver,2947,2025-03-07 12:17:10
1420,2207,silver,1105,2024-06-14 17:17:10
1421,2208,platinum,1342,2025-07-18 17:17:10
1422,2209,bronze,4082,2026-04-04 18:17:10
1423,2210,silver,3957,2025-07-23 00:17:10
1424,2211,silver,4254,2026-04-26 03:17:10
1425,2212,gold,1074,2025-04-12 23:17:10
1426,2215,bronze,1762,2024-11-05 05:17:10
1427,2216,silver,2741,2024-08-08 10:17:10
1428,2217,silver,2140,2025-07-23 05:17:10
1429,2218,bronze,984,2025-03-11 07:17:10
1430,2219,platinum,2585,2025-07-06 10:17:10
1431,2220,gold,2282,2025-09-07 17:17:10
1432,2221,bronze,3937,2025-12-01 06:17:10
1433,2222,silver,3737,2025-10-29 13:17:10
1434,2225,bronze,3962,2024-08-07 03:17:10
1435,2226,platinum,3424,2024-11-05 12:17:10
1436,2227,silver,561,2025-04-07 01:17:10
1437,2228,silver,3659,2026-01-10 02:17:10
1438,2230,bronze,1459,2025-09-18 21:17:10
1439,2231,bronze,1626,2025-06-09 11:17:10
1440,2233,silver,1118,2026-01-01 07:17:10
1441,2235,silver,2260,2025-11-03 14:17:10
1442,2236,platinum,2907,2025-08-31 18:17:10
1443,2237,platinum,4226,2025-12-15 03:17:10
1444,2240,platinum,1186,2025-01-19 12:17:10
1445,2241,bronze,4148,2025-12-14 21:17:10
1446,2242,gold,3382,2025-09-28 06:17:10
1447,2244,bronze,2937,2025-11-23 10:17:10
1448,2245,platinum,1711,2025-03-22 03:17:10
1449,2250,gold,1025,2025-02-25 08:17:10
1450,2251,silver,580,2026-01-13 03:17:10
1451,2252,gold,310,2026-02-23 21:17:10
1452,2255,bronze,2418,2024-11-24 14:17:10
1453,2256,bronze,2405,2024-09-06 18:17:10
1454,2257,bronze,1932,2025-10-28 01:17:10
1455,2258,silver,2519,2025-10-09 05:17:10
1456,2259,silver,218,2026-01-02 01:17:10
1457,2260,gold,1629,2025-03-20 20:17:10
1458,2262,silver,911,2026-04-07 00:17:10
1459,2265,platinum,2768,2026-01-05 04:17:10
1460,2266,gold,2877,2024-07-12 06:17:10
1461,2268,gold,574,2025-04-18 19:17:10
1462,2269,silver,2408,2025-10-20 23:17:10
1463,2270,silver,2690,2026-04-26 23:17:10
1464,2271,bronze,28,2025-10-17 18:17:10
1465,2272,platinum,725678,2024-07-21 10:17:10
1466,2273,silver,2468,2025-03-11 14:17:10
1467,2274,bronze,1595,2026-01-25 06:17:10
1468,2275,silver,3610,2025-08-21 23:17:10
1469,2276,platinum,4174,2025-08-13 12:17:10
1470,2277,bronze,2780,2026-04-30 06:17:10
1471,2278,gold,1300,2025-03-28 22:17:10
1472,2279,gold,1133,2024-10-08 12:17:10
1473,2281,bronze,4075,2025-06-13 09:17:10
1474,2282,platinum,3371,2025-10-29 22:17:10
1475,2285,gold,359,2024-11-23 11:17:10
1476,2287,platinum,2068,2024-10-26 19:17:10
1477,2289,platinum,3308,2024-08-01 20:17:10
1478,2291,bronze,3364,2024-07-17 02:17:10
1479,2292,bronze,1685,2025-12-11 12:17:10
1480,2293,platinum,679,2026-02-11 11:17:10
1481,2294,silver,2140,2024-12-16 09:17:10
1482,2295,bronze,828,2026-04-22 12:17:10
1483,2296,bronze,3174,2025-06-17 16:17:10
1484,2297,gold,2376,2024-07-17 21:17:10
1485,2298,platinum,1820,2024-07-24 16:17:10
1486,2300,platinum,2045,2025-04-09 06:17:10
1487,2301,gold,3520,2024-07-07 22:17:10
1488,2302,platinum,3019,2025-09-21 23:17:10
1489,2303,bronze,4163,2024-12-30 01:17:10
1490,2304,bronze,225,2025-02-25 19:17:10
1491,2305,gold,233413,2025-10-27 13:17:10
1492,2307,silver,3503,2026-01-28 00:17:10
1493,2308,gold,3755,2025-11-23 05:17:10
1494,2309,gold,1467,2024-08-11 05:17:10
1495,2312,gold,794,2024-10-17 12:17:10
1496,2313,bronze,786,2025-11-01 15:17:10
1497,2314,bronze,1885,2025-08-04 01:17:10
1498,2315,bronze,2794,2026-03-10 12:17:10
1499,2316,gold,2139,2024-07-23 09:17:10
1500,2317,platinum,2226,2024-10-25 14:17:10
1501,2321,bronze,2777,2025-04-27 06:17:10
1502,2322,platinum,4432,2025-09-05 12:17:10
1503,2329,platinum,3408,2025-05-20 23:17:10
1504,2330,gold,2090,2024-11-07 05:17:10
1505,2331,platinum,167,2025-11-27 15:17:10
1506,2332,gold,1869,2025-09-14 18:17:10
1507,2337,silver,2768,2026-02-23 16:17:10
1508,2338,platinum,434,2025-03-31 20:17:10
1509,2339,platinum,1562,2025-02-05 13:17:10
1510,2340,silver,644,2025-12-27 04:17:10
1511,2342,bronze,4495,2025-01-22 04:17:10
1512,2343,platinum,1603,2025-04-21 18:17:10
1513,2344,silver,901,2025-05-29 22:17:10
1514,2345,silver,793,2024-12-01 12:17:10
1515,2346,bronze,1216,2025-10-28 19:17:10
1516,2348,gold,3641,2025-06-01 14:17:10
1517,2349,gold,1054,2026-04-16 09:17:10
1518,2351,silver,3721,2025-08-31 03:17:10
1519,2352,silver,70,2025-12-15 04:17:10
1520,2356,silver,278,2025-12-20 04:17:10
1521,2358,silver,727,2026-04-25 08:17:10
1522,2359,gold,3149,2025-07-23 08:17:10
1523,2361,gold,618,2025-11-25 03:17:10
1524,2362,silver,2724,2025-12-14 03:17:10
1525,2363,silver,817,2024-07-26 05:17:10
1526,2366,bronze,1735,2024-08-28 19:17:10
1527,2367,silver,2614,2024-10-09 04:17:10
1528,2368,gold,2405,2025-10-03 22:17:10
1529,2369,gold,503,2025-11-06 20:17:10
1530,2370,bronze,1657,2024-11-03 22:17:10
1531,2372,gold,3004,2025-05-22 18:17:10
1532,2373,silver,978,2025-06-11 02:17:10
1533,2375,gold,1062,2024-11-15 04:17:10
1534,2377,gold,4165,2025-05-30 10:17:10
1535,2378,gold,2095,2025-10-02 13:17:10
1536,2379,platinum,891,2026-05-12 06:17:10
1537,2380,platinum,2231,2025-08-16 02:17:10
1538,2381,bronze,809,2025-02-10 03:17:10
1539,2382,bronze,813,2024-11-27 21:17:10
1540,2384,gold,3634,2025-04-09 19:17:10
1541,2385,silver,3776,2025-10-18 03:17:10
1542,2386,silver,1647,2025-06-07 16:17:10
1543,2387,bronze,4477,2026-04-26 06:17:10
1544,2388,platinum,398,2025-02-10 12:17:10
1545,2389,gold,529,2026-04-17 15:17:10
1546,2390,platinum,4452,2024-11-04 08:17:10
1547,2391,gold,2668,2026-01-05 03:17:10
1548,2392,silver,1,2024-11-21 05:17:10
1549,2393,silver,3257,2025-02-28 03:17:10
1550,2394,silver,2576,2024-10-22 11:17:10
1551,2395,gold,1589,2024-11-23 19:17:10
1552,2396,gold,1722,2026-03-23 01:17:10
1553,2399,silver,722,2024-11-09 04:17:10
1554,2400,platinum,1722,2026-01-20 00:17:10
1555,2401,bronze,4458,2025-11-01 14:17:10
1556,2403,platinum,2966,2025-05-04 12:17:10
1557,2404,silver,3024,2026-01-17 00:17:10
1558,2406,gold,3869,2025-10-05 18:17:10
1559,2407,platinum,1784,2024-07-02 12:17:10
1560,2408,bronze,1166,2024-08-23 19:17:10
1561,2409,silver,2433,2026-03-06 07:17:10
1562,2410,bronze,374,2024-10-27 00:17:10
1563,2411,gold,4194,2024-11-11 01:17:10
1564,2413,bronze,1228,2025-11-04 22:17:10
1565,2415,gold,2594,2026-01-11 01:17:10
1566,2416,platinum,1618,2025-07-23 18:17:10
1567,2417,gold,3341,2025-08-12 12:17:10
1568,2419,silver,1217,2026-01-14 10:17:10
1569,2422,bronze,3541,2025-09-27 01:17:10
1570,2423,silver,2542,2025-06-17 12:17:10
1571,2424,gold,2755,2024-07-10 09:17:10
1572,2425,platinum,3193,2025-04-21 05:17:10
1573,2426,gold,143,2024-07-08 07:17:10
1574,2427,silver,4455,2025-07-25 00:17:10
1575,2428,bronze,1447,2024-06-18 20:17:10
1576,2429,platinum,730,2025-08-12 21:17:10
1577,2430,bronze,3454,2026-02-17 07:17:10
1578,2432,bronze,846,2026-02-24 11:17:10
1579,2434,bronze,2648,2026-01-16 16:17:10
1580,2435,silver,1299,2025-09-01 02:17:10
1581,2436,platinum,2410,2026-05-04 18:17:10
1582,2438,gold,2318,2025-07-01 17:17:10
1583,2441,bronze,2222,2025-09-06 23:17:10
1584,2442,bronze,3116,2025-01-11 13:17:10
1585,2443,bronze,3646,2024-10-17 04:17:10
1586,2444,silver,4338,2024-12-18 21:17:10
1587,2445,bronze,1153,2025-03-26 03:17:10
1588,2447,platinum,280800,2026-04-12 00:17:10
1589,2448,platinum,3555,2025-10-28 00:17:10
1590,2449,silver,1406,2025-07-14 00:17:10
1591,2451,platinum,2995,2026-03-29 21:17:10
1592,2452,platinum,268902,2026-01-10 21:17:10
1593,2454,bronze,510,2025-08-24 14:17:10
1594,2457,platinum,4399,2026-04-25 04:17:10
1595,2459,bronze,1224,2026-01-27 11:17:10
1596,2460,silver,1034,2024-12-09 10:17:10
1597,2461,gold,1057,2025-08-21 19:17:10
1598,2462,platinum,129,2026-02-20 14:17:10
1599,2463,silver,3706,2024-12-04 00:17:10
1600,2464,platinum,3041,2025-01-26 21:17:10
1601,2468,gold,2256,2024-08-27 03:17:10
1602,2469,gold,3442,2025-05-20 13:17:10
1603,2470,gold,2713,2025-07-31 11:17:10
1604,2471,silver,2211,2025-04-04 15:17:10
1605,2477,gold,2582,2025-08-14 16:17:10
1606,2478,gold,636,2026-03-21 10:17:10
1607,2479,platinum,3151,2026-03-18 15:17:10
1608,2481,gold,3583,2024-07-26 16:17:10
1609,2482,gold,1880,2026-04-08 04:17:10
1610,2483,bronze,3042,2025-03-02 04:17:10
1611,2484,silver,2145,2024-12-14 02:17:10
1612,2485,bronze,562,2025-09-22 05:17:10
1613,2486,bronze,1006,2025-05-06 08:17:10
1614,2487,platinum,2361,2026-04-26 04:17:10
1615,2488,gold,2368,2025-04-17 12:17:10
1616,2489,gold,1491,2025-08-31 01:17:10
1617,2490,gold,2719,2024-10-15 10:17:10
1618,2492,platinum,42,2025-05-08 00:17:10
1619,2494,silver,2287,2025-11-18 19:17:10
1620,2497,bronze,1828,2025-02-28 04:17:10
1621,2498,bronze,3021,2025-11-04 18:17:10
1622,2500,platinum,3547,2026-02-27 06:17:10
1623,2501,gold,2112,2024-09-22 05:17:10
1624,2502,silver,4110,2026-05-01 23:17:10
1625,2503,platinum,4233,2025-02-10 19:17:10
1626,2504,gold,1792,2024-10-08 17:17:10
1627,2506,platinum,3817,2024-11-08 08:17:10
1628,2507,bronze,3138,2026-03-03 14:17:10
1629,2508,gold,3253,2024-06-24 16:17:10
1630,2509,gold,4371,2025-03-16 10:17:10
1631,2511,gold,2009,2024-07-26 05:17:10
1632,2513,bronze,2609,2024-10-18 07:17:10
1633,2515,bronze,2365,2025-02-05 18:17:10
1634,2516,gold,2218,2025-08-18 18:17:10
1635,2517,silver,229,2025-02-15 13:17:10
1636,2518,gold,4429,2024-09-28 02:17:10
1637,2519,platinum,3567,2026-01-07 14:17:10
1638,2520,gold,3224,2024-09-04 17:17:10
1639,2523,platinum,37,2024-07-23 09:17:10
1640,2525,silver,3501,2026-03-11 18:17:10
1641,2527,bronze,293,2025-03-07 09:17:10
1642,2529,gold,3329,2025-12-11 08:17:10
1643,2530,bronze,1714,2025-04-13 02:17:10
1644,2531,silver,4160,2025-10-10 18:17:10
1645,2532,platinum,3748,2025-06-28 07:17:10
1646,2534,bronze,2482,2025-01-03 04:17:10
1647,2535,silver,3292,2025-01-11 00:17:10
1648,2537,gold,624,2026-04-18 00:17:10
1649,2538,gold,1000,2025-09-24 03:17:10
1650,2539,bronze,3723,2026-03-31 01:17:10
1651,2540,gold,469,2025-02-04 14:17:10
1652,2541,silver,1868,2024-12-09 14:17:10
1653,2543,platinum,182482,2025-10-17 14:17:10
1654,2544,silver,2101,2025-11-06 11:17:10
1655,2545,gold,3109,2024-11-24 20:17:10
1656,2546,silver,1658,2026-04-18 14:17:10
1657,2548,bronze,3188,2025-01-28 10:17:10
1658,2549,gold,4403,2025-10-29 20:17:10
1659,2550,gold,1531,2024-07-15 04:17:10
1660,2551,gold,468,2025-05-17 22:17:10
1661,2552,gold,4446,2025-11-29 12:17:10
1662,2553,silver,1187,2025-08-28 16:17:10
1663,2555,platinum,2049,2025-04-16 11:17:10
1664,2556,silver,444,2025-02-02 02:17:10
1665,2557,bronze,3852,2025-02-09 06:17:10
1666,2560,platinum,2364,2026-02-23 12:17:10
1667,2562,platinum,47,2025-08-06 10:17:10
1668,2563,gold,4089,2025-04-18 13:17:10
1669,2564,gold,442,2026-04-19 00:17:10
1670,2566,silver,4071,2024-07-07 02:17:10
1671,2567,bronze,3938,2024-06-16 11:17:10
1672,2569,gold,988,2025-09-21 07:17:10
1673,2571,gold,910,2024-10-21 06:17:10
1674,2573,silver,3944,2024-12-21 06:17:10
1675,2574,silver,1830,2025-01-19 04:17:10
1676,2575,bronze,2628,2025-01-30 13:17:10
1677,2576,bronze,94,2024-07-26 20:17:10
1678,2577,silver,2531,2024-11-19 17:17:10
1679,2578,platinum,4187,2024-06-25 20:17:10
1680,2580,silver,2620,2024-12-28 13:17:10
1681,2581,silver,4012,2024-10-13 03:17:10
1682,2582,bronze,1879,2025-11-27 13:17:10
1683,2585,bronze,1449,2024-10-09 23:17:10
1684,2586,platinum,339395,2026-01-24 04:17:10
1685,2587,platinum,830,2025-06-09 01:17:10
1686,2588,bronze,116,2025-05-15 00:17:10
1687,2590,silver,946,2026-01-04 06:17:10
1688,2592,platinum,230381,2025-12-16 05:17:10
1689,2593,platinum,2185,2026-01-26 21:17:10
1690,2594,silver,1225,2025-08-15 00:17:10
1691,2595,platinum,2779,2025-03-16 09:17:10
1692,2596,platinum,3506,2025-07-08 02:17:10
1693,2597,platinum,3100,2025-06-16 00:17:10
1694,2598,silver,3211,2025-11-04 09:17:10
1695,2600,bronze,3603,2024-11-08 14:17:10
1696,2601,silver,2125,2024-12-31 07:17:10
1697,2603,platinum,3381,2025-09-09 16:17:10
1698,2604,silver,465,2025-07-23 19:17:10
1699,2606,platinum,1058,2024-11-16 20:17:10
1700,2608,silver,434,2025-03-02 17:17:10
1701,2609,bronze,2159,2024-12-10 23:17:10
1702,2611,bronze,2666,2024-09-27 17:17:10
1703,2613,platinum,124,2025-03-03 00:17:10
1704,2614,silver,4301,2025-01-03 10:17:10
1705,2615,silver,3435,2025-11-28 14:17:10
1706,2618,platinum,451,2024-12-13 03:17:10
1707,2621,gold,4011,2026-04-06 15:17:10
1708,2622,gold,3158,2025-12-11 23:17:10
1709,2623,bronze,4248,2025-05-21 22:17:10
1710,2624,platinum,3565,2024-12-03 21:17:10
1711,2626,silver,2463,2026-02-10 10:17:10
1712,2628,silver,983,2025-09-13 19:17:10
1713,2630,silver,2779,2024-11-06 02:17:10
1714,2631,silver,4046,2025-08-31 12:17:10
1715,2632,platinum,4117,2025-08-12 23:17:10
1716,2633,gold,721,2026-03-14 23:17:10
1717,2635,platinum,653,2024-12-21 04:17:10
1718,2636,silver,2031,2025-01-13 16:17:10
1719,2637,silver,2998,2025-03-19 23:17:10
1720,2638,gold,3242,2025-03-22 10:17:10
1721,2640,bronze,2868,2024-07-16 13:17:10
1722,2641,bronze,2564,2024-06-25 13:17:10
1723,2643,platinum,2658,2026-01-31 16:17:10
1724,2645,silver,748,2024-12-19 15:17:10
1725,2646,gold,883,2025-11-10 08:17:10
1726,2649,platinum,3048,2026-05-11 22:17:10
1727,2651,platinum,2964,2025-08-12 08:17:10
1728,2653,silver,2653,2026-01-26 18:17:10
1729,2654,bronze,834,2026-03-05 11:17:10
1730,2655,platinum,912,2025-06-29 19:17:10
1731,2656,silver,3614,2025-06-04 08:17:10
1732,2658,platinum,2898,2024-09-26 03:17:10
1733,2660,silver,3704,2025-02-28 11:17:10
1734,2661,silver,1603,2025-10-05 20:17:10
1735,2662,bronze,1158,2024-12-07 08:17:10
1736,2663,platinum,1047,2024-11-12 17:17:10
1737,2666,gold,2115,2025-03-18 05:17:10
1738,2667,bronze,3594,2024-07-24 10:17:10
1739,2668,gold,1067,2026-03-08 20:17:10
1740,2669,silver,2261,2024-09-06 20:17:10
1741,2670,silver,1939,2025-11-16 17:17:10
1742,2671,silver,3698,2025-12-26 13:17:10
1743,2672,platinum,4077,2025-03-02 11:17:10
1744,2673,silver,685,2025-11-01 02:17:10
1745,2674,bronze,2242,2024-08-10 04:17:10
1746,2675,gold,3507,2025-05-11 08:17:10
1747,2678,gold,1459,2024-08-23 11:17:10
1748,2679,platinum,2871,2025-03-21 05:17:10
1749,2680,gold,1408,2025-11-28 21:17:10
1750,2681,bronze,3163,2025-07-26 10:17:10
1751,2682,platinum,2154,2024-07-02 05:17:10
1752,2683,gold,629,2026-04-27 20:17:10
1753,2685,silver,4012,2025-01-12 00:17:10
1754,2686,gold,170833,2026-03-16 18:17:10
1755,2688,bronze,3392,2025-05-14 20:17:10
1756,2689,bronze,1693,2025-09-10 01:17:10
1757,2690,bronze,3001,2025-04-05 07:17:10
1758,2691,platinum,3820,2025-01-02 15:17:10
1759,2693,platinum,1984,2025-09-03 01:17:10
1760,2694,silver,4480,2025-12-20 10:17:10
1761,2695,silver,1887,2025-01-16 00:17:10
1762,2696,silver,1320,2025-09-17 18:17:10
1763,2697,bronze,4038,2025-03-28 23:17:10
1764,2699,silver,3426,2025-06-30 10:17:10
1765,2700,bronze,1045,2025-08-14 23:17:10
1766,2702,platinum,2038,2026-01-06 01:17:10
1767,2703,gold,1109,2025-11-21 23:17:10
1768,2704,platinum,593263,2025-02-12 01:17:10
1769,2705,silver,2988,2024-06-20 13:17:10
1770,2706,gold,4410,2024-12-30 02:17:10
1771,2707,platinum,2434,2025-12-24 22:17:10
1772,2709,bronze,3063,2024-11-15 08:17:10
1773,2712,gold,1565,2024-12-20 10:17:10
1774,2714,bronze,842,2025-02-19 07:17:10
1775,2716,silver,2477,2024-11-02 05:17:10
1776,2719,bronze,1857,2024-07-04 05:17:10
1777,2720,gold,820,2025-10-08 17:17:10
1778,2721,bronze,2327,2025-06-24 03:17:10
1779,2722,platinum,1998,2025-10-12 17:17:10
1780,2723,platinum,821,2025-04-24 03:17:10
1781,2724,gold,644,2024-09-24 20:17:10
1782,2725,silver,1543,2026-02-10 22:17:10
1783,2726,bronze,2271,2024-10-09 08:17:10
1784,2727,gold,3880,2025-07-15 05:17:10
1785,2728,platinum,86,2025-08-29 09:17:10
1786,2729,platinum,818,2025-09-01 10:17:10
1787,2730,gold,3762,2024-10-31 23:17:10
1788,2731,bronze,1393,2024-12-15 07:17:10
1789,2735,bronze,3789,2025-08-19 22:17:10
1790,2737,platinum,4220,2026-05-06 12:17:10
1791,2738,bronze,1663,2025-12-29 01:17:10
1792,2739,gold,468,2024-12-17 03:17:10
1793,2741,silver,1610,2025-08-11 01:17:10
1794,2743,platinum,3647,2025-07-19 00:17:10
1795,2744,platinum,1964,2026-04-09 04:17:10
1796,2746,platinum,2901,2024-08-02 10:17:10
1797,2748,bronze,3488,2025-12-01 11:17:10
1798,2751,bronze,4211,2025-12-25 10:17:10
1799,2754,bronze,4,2024-12-13 21:17:10
1800,2757,silver,189,2024-12-06 00:17:10
1801,2761,gold,2961,2024-12-05 09:17:10
1802,2763,platinum,642303,2026-03-07 15:17:10
1803,2764,gold,3091,2024-09-25 00:17:10
1804,2765,gold,699803,2025-04-04 06:17:10
1805,2766,gold,2748,2025-10-05 16:17:10
1806,2767,silver,1688,2025-08-31 05:17:10
1807,2768,silver,2381,2025-11-26 20:17:10
1808,2769,gold,1051,2024-08-03 03:17:10
1809,2770,gold,3029,2025-11-14 02:17:10
1810,2771,gold,4066,2024-12-15 09:17:10
1811,2772,silver,1423,2026-04-02 10:17:10
1812,2773,platinum,367,2026-01-22 00:17:10
1813,2776,gold,3180,2024-10-08 05:17:10
1814,2777,silver,3755,2025-12-22 01:17:10
1815,2778,gold,102,2025-01-11 14:17:10
1816,2779,gold,1704,2025-09-21 02:17:10
1817,2780,gold,3884,2024-12-05 07:17:10
1818,2781,platinum,3466,2024-09-07 12:17:10
1819,2784,bronze,1934,2025-07-06 12:17:10
1820,2785,bronze,1388,2025-02-22 13:17:10
1821,2786,platinum,3978,2025-01-19 16:17:10
1822,2787,gold,4273,2026-01-30 03:17:10
1823,2788,gold,3553,2026-01-04 03:17:10
1824,2790,platinum,2603,2026-02-03 13:17:10
1825,2792,gold,4178,2025-12-06 05:17:10
1826,2793,silver,2328,2025-05-21 08:17:10
1827,2794,silver,2584,2025-12-25 04:17:10
1828,2796,bronze,3097,2026-02-13 23:17:10
1829,2797,bronze,1433,2025-04-21 19:17:10
1830,2800,silver,1089,2025-02-19 07:17:10
1831,2801,platinum,2381,2025-05-19 10:17:10
1832,2803,silver,86,2025-07-21 12:17:10
1833,2808,bronze,4312,2026-02-20 03:17:10
1834,2809,gold,2586,2025-01-09 07:17:10
1835,2810,silver,3690,2024-12-04 16:17:10
1836,2812,platinum,3749,2025-06-03 20:17:10
1837,2813,platinum,1416,2025-06-09 22:17:10
1838,2815,platinum,550,2024-07-12 05:17:10
1839,2817,gold,492,2025-10-27 11:17:10
1840,2822,gold,2407,2026-05-02 02:17:10
1841,2824,gold,641,2026-02-13 14:17:10
1842,2825,gold,349,2025-11-29 14:17:10
1843,2827,gold,2263,2026-01-15 15:17:10
1844,2828,bronze,3453,2025-11-12 02:17:10
1845,2830,bronze,2977,2026-03-07 19:17:10
1846,2831,silver,3790,2025-10-26 10:17:10
1847,2832,bronze,1824,2026-04-14 02:17:10
1848,2835,gold,4357,2025-08-01 23:17:10
1849,2836,gold,2118,2025-07-07 17:17:10
1850,2837,bronze,1378,2026-03-17 02:17:10
1851,2839,platinum,572,2025-10-20 19:17:10
1852,2840,gold,3344,2025-11-06 13:17:10
1853,2841,platinum,957,2024-12-28 04:17:10
1854,2843,silver,296,2025-09-05 07:17:10
1855,2847,platinum,2008,2024-07-31 13:17:10
1856,2849,silver,897,2025-02-20 03:17:10
1857,2850,silver,353,2025-02-02 03:17:10
1858,2852,platinum,2696,2024-07-04 22:17:10
1859,2855,silver,1934,2024-09-14 22:17:10
1860,2856,gold,2596,2025-07-18 07:17:10
1861,2857,gold,2025,2026-01-31 14:17:10
1862,2860,gold,3312,2024-06-15 06:17:10
1863,2862,silver,4478,2025-07-25 19:17:10
1864,2864,platinum,1627,2025-11-21 13:17:10
1865,2865,bronze,359,2025-05-14 05:17:10
1866,2867,gold,1164,2024-09-21 19:17:10
1867,2868,silver,2989,2024-10-11 23:17:10
1868,2870,silver,415,2025-08-31 01:17:10
1869,2871,platinum,1127,2025-08-17 09:17:10
1870,2872,platinum,4472,2026-03-08 22:17:10
1871,2873,bronze,3008,2024-10-01 23:17:10
1872,2874,platinum,2049,2025-08-11 16:17:10
1873,2875,bronze,1718,2026-01-31 22:17:10
1874,2876,silver,3759,2025-09-05 21:17:10
1875,2878,bronze,3665,2026-05-03 18:17:10
1876,2879,gold,3607,2025-04-19 17:17:10
1877,2880,silver,395,2026-03-11 03:17:10
1878,2881,platinum,3616,2025-09-13 12:17:10
1879,2884,platinum,122,2025-02-05 16:17:10
1880,2885,platinum,1879,2026-02-27 01:17:10
1881,2886,bronze,464,2026-01-15 03:17:10
1882,2887,gold,60,2025-12-26 08:17:10
1883,2888,bronze,3362,2025-03-25 15:17:10
1884,2889,bronze,3553,2024-06-30 08:17:10
1885,2891,gold,38,2025-05-07 13:17:10
1886,2893,bronze,1598,2025-12-04 23:17:10
1887,2894,bronze,3590,2024-12-07 19:17:10
1888,2895,bronze,104,2024-12-15 10:17:10
1889,2896,silver,415,2025-04-09 05:17:10
1890,2897,silver,2823,2025-07-18 14:17:10
1891,2898,platinum,1052,2024-06-25 19:17:10
1892,2899,platinum,101421,2026-01-06 09:17:10
1893,2900,bronze,2749,2025-04-14 16:17:10
1894,2901,bronze,3064,2025-07-08 20:17:10
1895,2904,silver,1034,2026-05-11 08:17:10
1896,2905,bronze,1675,2025-06-03 02:17:10
1897,2906,silver,2968,2024-11-18 14:17:10
1898,2908,bronze,2154,2025-12-16 20:17:10
1899,2911,gold,1544,2025-12-30 11:17:10
1900,2914,gold,274,2026-05-02 01:17:10
1901,2916,bronze,3035,2025-07-23 17:17:10
1902,2917,silver,2976,2025-11-21 03:17:10
1903,2918,platinum,1412,2026-05-09 05:17:10
1904,2920,gold,1276,2024-07-26 06:17:10
1905,2922,platinum,1859,2025-03-02 02:17:10
1906,2924,platinum,1683,2025-09-02 18:17:10
1907,2926,bronze,1038,2024-09-30 09:17:10
1908,2927,bronze,2807,2025-11-16 02:17:10
1909,2928,bronze,1253,2025-01-04 11:17:10
1910,2929,platinum,316,2025-03-02 08:17:10
1911,2933,platinum,1087,2025-02-23 14:17:10
1912,2934,bronze,1833,2025-09-29 21:17:10
1913,2935,gold,3786,2026-03-21 14:17:10
1914,2936,bronze,1461,2024-06-12 20:17:10
1915,2937,platinum,2541,2025-09-04 09:17:10
1916,2944,silver,1567,2026-04-04 10:17:10
1917,2945,bronze,216,2026-03-22 00:17:10
1918,2946,bronze,3895,2026-04-04 08:17:10
1919,2948,bronze,1258,2025-11-17 17:17:10
1920,2949,platinum,2861,2026-03-31 19:17:10
1921,2951,silver,188,2025-03-22 20:17:10
1922,2952,bronze,834,2025-12-02 21:17:10
1923,2953,silver,906,2025-10-27 15:17:10
1924,2955,bronze,745,2025-09-12 01:17:10
1925,2956,bronze,4280,2025-02-05 23:17:10
1926,2957,platinum,1676,2026-01-14 18:17:10
1927,2959,platinum,2271,2025-04-06 20:17:10
1928,2961,gold,4434,2024-09-05 11:17:10
1929,2962,gold,410,2025-01-25 08:17:10
1930,2965,platinum,3982,2024-09-23 19:17:10
1931,2966,gold,948,2025-04-14 11:17:10
1932,2967,bronze,3872,2026-03-12 17:17:10
1933,2968,silver,1911,2024-08-09 22:17:10
1934,2969,silver,2866,2026-02-12 06:17:10
1935,2970,platinum,4430,2024-10-03 03:17:10
1936,2971,silver,4495,2026-04-12 03:17:10
1937,2973,bronze,788,2025-04-12 12:17:10
1938,2976,platinum,543,2024-11-15 22:17:10
1939,2977,platinum,720,2026-05-13 13:17:10
1940,2978,platinum,1598,2025-07-07 21:17:10
1941,2979,platinum,2615,2026-01-14 01:17:10
1942,2980,gold,143429,2025-12-24 17:17:10
1943,2982,silver,204,2025-03-10 00:17:10
1944,2985,gold,2409,2026-04-09 08:17:10
1945,2986,platinum,2506,2025-06-28 17:17:10
1946,2988,gold,1661,2025-04-27 07:17:10
1947,2989,silver,758,2025-09-06 04:17:10
1948,2991,platinum,2133,2025-02-09 20:17:10
1949,2992,bronze,3463,2025-03-03 14:17:10
1950,2994,silver,3439,2024-08-06 10:17:10
1951,2996,silver,3202,2025-01-21 05:17:10
1952,2997,bronze,4221,2026-04-19 12:17:10
1953,2999,platinum,44,2026-03-17 12:17:10
1954,3000,gold,3874,2024-09-23 15:17:10
