customer_id,program_id,current_points,lifetime_points
1,4,6128,6331
2,2,1029,1176
3,3,4129,4890
4,4,5981,6007
5,1,0,256
6,4,4560,5461
7,4,5756,5976
8,3,3741,4174
9,4,6208,6936
10,3,2787,3255
11,3,4704,4929
12,4,4719,5067
13,2,1368,1942
14,3,3814,4200
15,4,5741,5989
16,4,6576,6669
17,4,4990,5707
18,3,2734,3224
19,2,296,952
20,2,521,1056
21,3,3753,4601
22,2,0,813
23,2,1244,1722
24,2,612,1118
25,3,1928,2119
26,3,2812,3173
27,4,4167,5121
28,1,0,151
29,2,727,1200
30,2,711,737
31,4,6073,6640
32,3,4111,4848
33,4,4655,5164
34,2,734,991
35,3,1685,2099
36,3,4283,4603
37,4,6035,6943
38,4,5916,6279
39,4,6366,6456
40,2,521,1088
41,3,3683,3684
42,2,677,1185
43,3,1979,2252
44,3,2335,2560
45,3,3727,4142
46,3,3944,4492
47,2,1536,1836
48,3,2769,3767
49,2,0,617
50,2,678,1028
51,3,2423,3123
52,4,5227,5665
53,3,3064,3824
54,4,4757,5160
55,3,2808,2956
56,3,4199,4624
57,1,0,78
58,3,2289,2300
59,3,3312,3992
60,3,3301,3509
61,3,3701,4476
62,3,4238,4794
63,3,4274,4476
64,4,4970,5359
65,4,5432,6320
66,3,2246,3089
67,4,6240,6451
68,3,3514,4365
69,2,1827,1829
70,3,4085,4867
71,3,3850,4514
72,4,5500,5803
73,2,841,843
74,2,1163,1301
75,3,2487,3007
76,4,5295,5400
77,3,1845,2139
78,3,3374,3594
79,2,758,1401
80,1,0,175
81,2,0,638
82,3,3740,4385
83,3,1746,2465
84,3,1765,2694
85,3,1573,2268
86,4,5302,5925
87,3,2729,3106
88,2,666,1605
89,3,4178,4687
90,4,6532,6682
91,4,5478,6033
92,4,5985,6406
93,2,885,1095
94,2,367,912
95,2,640,774
96,4,5895,6195
97,2,1789,1791
98,3,2930,3251
99,3,3179,3304
100,3,4887,4946
101,3,3907,4173
102,3,3109,3463
103,3,2389,3211
104,3,3730,4065
105,3,2702,3148
106,1,0,49
107,3,3791,3943
108,2,241,1182
109,3,1851,2750
110,4,6316,6472
111,1,0,195
112,2,217,1033
113,4,6506,6583
114,2,68,884
115,3,2291,2817
116,3,4765,4860
117,3,3740,4423
118,2,494,657
119,2,123,850
120,4,5213,5666
121,3,4127,4176
122,4,6320,6952
123,2,432,793
124,3,4132,4754
125,4,4363,5152
126,4,5515,6502
127,3,3407,3481
128,3,3041,3845
129,4,5948,6774
130,4,5895,6496
131,3,3775,4459
132,3,3738,4237
133,2,218,782
134,4,5054,5214
135,2,883,1544
136,4,5820,5853
137,4,6269,6766
138,2,1473,1838
139,4,5246,5873
140,3,2783,3531
141,2,0,824
142,4,4491,5064
143,3,1227,2032
144,1,0,5
145,2,348,695
146,2,287,949
147,3,2575,2932
148,4,5649,5841
149,2,893,1150
150,4,5304,5892
151,2,789,1362
152,4,5067,5963
153,1,94,188
154,3,3253,4244
155,4,4747,5538
156,2,861,1789
157,2,967,1357
158,3,2942,2988
159,3,2107,2177
160,3,2334,3057
161,4,4421,5107
162,2,624,1082
163,1,0,445
164,3,3568,4418
165,4,5996,6674
166,3,3528,4382
167,4,5390,5934
168,3,3898,4441
169,4,6102,6889
170,3,1619,2187
171,2,1070,1463
172,3,2910,3605
173,2,961,1776
174,4,4867,5537
175,1,44,64
176,3,2902,2950
177,1,0,62
178,3,4823,4824
179,3,1970,2878
180,2,223,956
181,2,1376,1647
182,4,4665,5072
183,2,1694,1784
184,1,0,446
185,1,0,5
186,3,3659,4530
187,4,5016,5777
188,2,110,845
189,3,4016,4245
190,4,5828,6767
191,3,2047,2843
192,4,4565,5159
193,4,5454,6023
194,4,5208,5365
195,3,3292,3764
196,1,0,250
197,3,2524,2912
198,4,5195,5421
199,1,0,225
200,4,6560,6892
201,3,4102,4662
202,1,0,115
203,3,3628,4613
204,4,4348,5342
205,3,2939,3736
206,3,2616,2888
207,4,6184,6419
208,3,2271,2512
209,3,3788,4262
210,4,6100,6213
211,2,1069,1855
212,3,3996,4498
213,4,5780,6549
214,4,6189,6400
215,3,3309,4221
216,3,3096,3931
217,2,583,920
218,4,5528,6038
219,3,2032,2078
220,3,4625,4882
221,3,4441,4768
222,4,6245,6988
223,4,6064,6740
224,3,3710,4024
225,1,0,360
226,4,5838,6440
227,4,4447,5365
228,3,3386,4078
229,4,4646,5409
230,3,3807,4462
231,3,2847,3282
232,4,6312,6361
233,4,4929,5572
234,2,1361,1544
235,4,6359,6847
236,2,1239,1358
237,4,5400,6328
238,4,6280,6865
239,3,1787,2587
240,3,4130,4548
241,3,4792,4857
242,1,0,456
243,3,1714,2620
244,3,2035,2065
245,4,4671,5182
246,1,65,452
247,2,1292,1743
248,3,3181,3527
249,4,5106,5308
250,4,5934,6764
251,4,5805,5807
252,4,6354,6591
253,3,1738,2459
254,4,5557,5910
255,2,22,911
256,4,4629,5591
257,4,4422,5398
258,4,4476,5025
259,4,5385,6126
260,2,1816,1946
261,3,3467,3878
262,4,5690,6606
263,4,4639,5163
264,4,5641,5963
265,4,4860,5541
266,3,1962,2028
267,4,6442,6880
268,3,3877,4146
269,4,5348,5766
270,4,5367,5618
271,4,5961,6641
272,3,4222,4743
273,2,1100,1608
274,3,3192,4145
275,4,4689,5157
276,2,535,1375
277,2,575,915
278,2,0,785
279,4,5732,5919
280,4,5686,5770
281,2,663,1394
282,3,2979,3567
283,2,1142,1855
284,1,198,406
285,4,5263,5956
286,3,2724,3643
287,4,4902,5527
288,1,0,311
289,4,5025,5394
290,3,3801,3851
291,3,3849,3897
292,3,1450,2231
293,3,3717,4105
294,3,3848,4609
295,3,4047,4309
296,4,6491,6692
297,1,0,269
298,4,5446,5628
299,2,866,926
300,4,5105,5267
301,3,2243,2840
302,1,435,478
303,3,2958,2986
304,2,105,591
305,4,4528,5093
306,3,3665,4140
307,4,6326,6675
308,3,3681,4465
309,4,5878,6002
310,2,1223,1630
311,3,4190,4970
312,4,5206,6026
313,3,1892,2663
314,4,5584,5895
315,4,6130,6196
316,3,2187,3014
317,4,5730,6328
318,3,2659,3386
319,4,4679,5163
320,4,4911,5555
321,3,2448,2859
322,4,5168,5198
323,1,0,283
324,2,576,597
325,4,6536,6684
326,2,993,1598
327,3,3567,3575
328,4,6531,6694
329,4,4881,5403
330,4,6192,6863
331,3,3466,3726
332,3,1284,2002
333,2,430,849
334,4,5081,5986
335,3,3517,4226
336,3,2167,2947
337,4,5112,5140
338,2,161,641
339,3,2153,2355
340,3,1419,2004
341,1,0,123
342,3,1694,2112
343,4,5388,5467
344,4,5925,6478
345,4,4908,5085
346,2,1150,1586
347,4,5595,5672
348,4,6346,6498
349,3,2004,2310
350,4,5764,6411
351,3,1610,2325
352,4,5842,6062
353,1,0,154
354,3,2960,3657
355,4,6065,6855
356,4,4204,5119
357,2,317,746
358,3,1269,2094
359,3,1102,2001
360,3,1915,2583
361,3,2441,2547
362,3,3250,4071
363,3,1366,2317
364,3,2315,2379
365,3,4366,4743
366,3,3261,3387
367,3,2173,2803
368,2,557,758
369,4,6177,6211
370,4,4941,5243
371,2,333,1310
372,4,6326,6491
373,3,3405,3807
374,3,3456,3882
375,4,5886,6455
376,4,5734,6572
377,4,6535,6843
378,4,6420,6759
379,3,2315,3137
380,4,5115,5593
381,4,5952,6827
382,4,5677,5678
383,4,5963,6593
384,3,3803,4244
385,3,3317,3593
386,1,68,263
387,3,3020,3545
388,4,5360,5861
389,3,3036,3715
390,2,906,1874
391,3,3827,4292
392,4,4999,5519
393,4,6014,6019
394,4,6164,6716
395,3,2989,3637
396,3,2555,2592
397,4,5902,6646
398,2,556,631
399,4,6122,6212
400,2,676,1128
401,3,2873,3433
402,1,0,208
403,4,4756,5273
404,3,3284,3757
405,4,6231,6563
406,4,4757,5685
407,3,2389,3166
408,2,746,1666
409,4,5654,5809
410,3,2696,3315
411,2,441,992
412,2,0,534
413,3,2162,3027
414,2,1640,1720
415,3,4822,4901
416,4,5736,6603
417,3,3543,3652
418,4,4481,5148
419,3,3381,4045
420,3,2644,2854
421,2,846,1544
422,3,1422,2141
423,3,4777,4891
424,1,0,273
425,4,6109,6685
426,2,949,1776
427,4,6354,6547
428,4,5300,5654
429,4,6777,6865
430,1,0,44
431,4,6228,6931
432,3,2792,3490
433,3,4058,4298
434,3,3288,4096
435,3,2832,2843
436,1,0,390
437,3,2826,2904
438,2,587,833
439,3,2415,3101
440,4,6207,6761
441,4,5846,6576
442,3,3959,4422
443,4,6665,6902
444,4,5486,6164
445,4,6164,6699
446,3,2225,2884
447,3,4198,4643
448,3,2961,3827
449,3,2658,3383
450,4,4555,5334
451,4,6855,6914
452,1,0,327
453,3,3964,4122
454,1,0,308
455,3,3874,4847
456,3,3650,4276
457,2,829,865
458,2,478,1435
459,3,3448,4373
460,3,2786,3077
461,2,722,1616
462,3,2277,3038
463,3,3055,3793
464,2,1105,1613
465,3,2300,2551
466,3,2239,3091
467,3,2201,2320
468,3,4355,4398
469,3,2096,2200
470,4,4427,5342
471,3,4392,4402
472,2,1002,1161
473,3,4734,4749
474,3,1532,2049
475,3,3081,3863
476,2,142,667
477,4,5702,6691
478,3,3723,4541
479,3,2833,3641
480,3,3845,4048
481,2,983,997
482,2,456,1403
483,4,5863,6702
484,2,720,1479
485,4,6901,6915
486,2,586,925
487,3,3412,3712
488,2,942,1660
489,3,3961,4383
490,3,2157,2444
491,2,737,1086
492,3,4443,4875
493,1,0,434
494,2,1265,1557
495,3,2293,3198
496,4,4486,5319
497,3,3666,4512
498,3,2934,3747
499,3,2034,2701
500,4,6462,6744
501,3,3857,4025
502,3,3601,3753
503,4,5224,5740
504,1,0,337
505,1,0,347
506,3,1605,2369
507,2,0,559
508,3,2388,2828
509,3,1775,2311
510,4,4691,5635
511,3,2255,2942
512,3,4350,4496
513,3,1933,2149
514,4,5349,5996
515,2,1207,1451
516,4,5574,5923
517,2,1521,1682
518,3,4312,4737
519,4,6277,6637
520,3,3334,3904
521,3,1570,2314
522,2,572,617
523,4,4879,5849
524,4,5372,5689
525,3,2155,2798
526,3,2136,2338
527,3,4546,4965
528,3,2395,2930
529,2,992,1282
530,3,3759,4324
531,3,2135,2426
532,2,708,766
533,3,2492,3203
534,4,6050,6128
535,3,2739,2833
536,4,5499,6308
537,3,3900,4026
538,4,5609,5998
539,3,4805,4983
540,4,4953,5502
541,3,3286,4264
542,4,6667,6927
543,2,0,726
544,3,2107,2975
545,4,5645,5796
546,2,852,969
547,3,2505,3071
548,4,4667,5471
549,4,4946,5196
550,4,6957,6996
551,2,1156,1507
552,4,6228,6442
553,3,1478,2344
554,4,4602,5030
555,4,6020,6407
556,3,1871,2366
557,1,0,93
558,1,52,313
559,3,1744,2023
560,1,0,290
561,2,0,819
562,3,2273,2975
563,3,2081,2232
564,3,3095,3458
565,2,0,933
566,3,4141,4643
567,1,0,219
568,4,6701,6949
569,4,6623,6813
570,3,2059,2377
571,3,2962,3275
572,3,4019,4721
573,4,4619,5441
574,2,1030,1944
575,3,2550,3506
576,3,3529,3778
577,4,6219,6528
578,4,4857,5293
579,4,5926,6069
580,3,3549,4432
581,3,2543,2644
582,3,2648,2732
583,4,6401,6976
584,2,462,1241
585,2,1022,1336
586,2,561,758
587,3,3553,3908
588,4,5680,6197
589,3,3273,4163
590,3,1896,2635
591,1,0,204
592,2,737,1322
593,1,316,487
594,4,6461,6628
595,4,5600,5906
596,4,6198,6466
597,4,4821,5093
598,3,4076,4393
599,3,3957,4634
600,2,786,1777
601,4,4370,5335
602,4,5519,6177
603,2,1049,1076
604,2,990,1879
605,2,336,1282
606,3,3775,4673
607,3,4032,4466
608,4,5305,5600
609,2,574,1112
610,3,2826,3694
611,2,1843,1955
612,3,2129,2828
613,2,1049,1983
614,3,3523,4427
615,2,334,529
616,4,5844,6246
617,3,3797,4399
618,2,445,1377
619,1,0,147
620,3,2931,3640
621,3,4769,4999
622,4,4747,5140
623,4,4223,5187
624,3,2146,2441
625,4,5901,6001
626,1,0,107
627,3,4403,4969
628,2,1460,1737
629,3,3148,3641
630,3,1747,2511
631,3,4048,4202
632,3,3084,3493
633,2,609,813
634,4,4569,5095
635,1,0,108
636,3,3280,3473
637,3,1547,2207
638,1,0,122
639,4,5254,5392
640,3,2398,2731
641,2,1310,1814
642,4,5109,5751
643,3,2978,3596
644,1,0,476
645,3,1901,2300
646,3,3375,3596
647,3,3813,4389
648,4,5326,5613
649,3,3176,3635
650,3,4115,4336
651,3,3864,4214
652,3,2898,3494
653,2,1634,1755
654,3,2422,3176
655,1,0,306
656,2,0,546
657,3,3396,3784
658,4,5677,6619
659,3,1679,2579
660,4,5474,5827
661,3,4876,4990
662,3,3635,3917
663,3,3965,4584
664,3,3466,3927
665,3,1629,2284
666,1,158,291
667,3,3319,3826
668,3,1927,2151
669,4,5341,5914
670,2,1260,1301
671,2,494,1268
672,2,0,720
673,3,1292,2166
674,4,4191,5064
675,2,635,776
676,2,114,839
677,3,2502,2524
678,4,5742,6215
679,1,0,349
680,3,3518,4246
681,4,6486,6983
682,3,3447,3740
683,2,1591,1695
684,4,6832,6835
685,4,4564,5368
686,3,3779,4742
687,3,2193,2208
688,4,5511,5781
689,2,692,1388
690,3,3370,4338
691,3,3091,4055
692,2,1506,1925
693,4,4430,5371
694,2,727,1249
695,4,5423,5967
696,2,169,1087
697,3,3369,4312
698,2,1713,1793
699,2,96,719
700,1,0,246
701,3,4103,4564
702,1,0,321
703,4,5890,6417
704,3,1841,2704
705,2,1074,1971
706,4,5527,6435
707,2,881,1301
708,3,4149,4604
709,3,2050,2393
710,3,2806,2938
711,3,2515,2729
712,2,0,808
713,2,1384,1612
714,3,3482,3762
715,4,5122,5949
716,4,5652,6520
717,2,179,1102
718,2,472,1331
719,4,5598,5648
720,2,657,1458
721,4,5934,6037
722,3,1591,2572
723,3,2575,3161
724,2,552,914
725,2,0,883
726,3,2725,3053
727,4,5691,6225
728,3,3061,4048
729,3,3268,4126
730,4,4638,5372
731,3,2148,2740
732,2,643,1172
733,3,3780,4146
734,4,5452,6016
735,3,2063,2133
736,4,6240,6824
737,4,6219,6682
738,3,2010,3004
739,4,5515,5790
740,3,3832,4731
741,4,5508,5970
742,3,3929,3941
743,3,2593,3148
744,4,4132,5105
745,4,5699,5722
746,3,3271,4079
747,4,6325,6942
748,3,2890,3156
749,2,1248,1270
750,3,2225,2521
751,3,2778,3753
752,3,3491,4166
753,3,3523,3975
754,3,2607,3351
755,4,6799,6802
756,3,3096,4007
757,4,4901,5523
758,3,1465,2121
759,2,0,631
760,2,1140,1889
761,4,5077,5481
762,4,6065,6373
763,3,3146,3652
764,3,4102,4243
765,1,176,343
766,2,685,859
767,4,5966,6300
768,3,3462,4381
769,1,318,361
770,3,2463,3432
771,1,0,462
772,2,52,799
773,2,1426,1745
774,4,6517,6914
775,3,4602,4677
776,3,1819,2292
777,1,0,445
778,2,347,1172
779,4,5507,6017
780,4,6854,6982
781,3,1880,2426
782,4,5786,6575
783,4,4677,5633
784,3,4091,4308
785,3,2420,3086
786,4,6760,6953
787,4,5491,5766
788,3,3752,4517
789,4,4957,5820
790,3,2176,2717
791,4,4952,5540
792,3,2414,3021
793,1,0,16
794,4,6182,6488
795,4,6411,6426
796,2,1078,1157
797,4,4758,5592
798,3,2349,2460
799,3,2781,3422
800,4,5761,6381
801,1,0,302
802,3,3636,4168
803,1,0,325
804,3,1725,2075
805,3,2776,2909
806,2,332,950
807,3,1763,2638
808,3,1928,2780
809,3,2219,2578
810,3,4333,4876
811,4,4761,5265
812,3,2018,2745
813,3,2936,3871
814,3,2990,3586
815,4,5773,5978
816,3,3259,4111
817,3,4691,4752
818,4,5425,6131
819,3,2429,2968
820,2,1143,1806
821,3,3139,3610
822,4,6235,6949
823,2,888,1100
824,4,5064,5364
825,2,0,643
826,4,6020,6139
827,3,4827,4878
828,4,4141,5053
829,2,1431,1992
830,2,417,1393
831,1,0,247
832,3,3155,4007
833,4,5883,6606
834,3,3297,3875
835,2,1374,1471
836,3,1903,2696
837,3,3220,3367
838,3,4142,4697
839,2,479,1017
840,2,861,907
841,3,3311,3751
842,3,3002,3599
843,2,92,693
844,2,853,1222
845,3,2702,2886
846,4,6150,6159
847,3,1776,2014
848,3,3919,4091
849,4,5111,5931
850,2,0,898
851,1,256,308
852,3,2964,3458
853,3,2503,3021
854,2,353,1237
855,3,4205,4643
856,3,2698,2798
857,4,5610,6597
858,4,5876,6464
859,4,5546,6148
860,4,6716,6727
861,3,2185,2895
862,2,7,705
863,4,5173,5748
864,2,265,649
865,1,0,50
866,4,5558,6049
867,4,5722,6657
868,3,4561,4862
869,2,1539,1765
870,3,4615,4814
871,3,3509,3878
872,4,5079,5122
873,4,6952,6983
874,4,4682,5129
875,4,5701,6222
876,3,1452,2104
877,4,5692,5786
878,4,5293,5412
879,3,1695,2137
880,3,3215,4027
881,4,5232,5537
882,2,1635,1706
883,4,4940,5679
884,3,3235,4178
885,4,5424,5651
886,4,6078,6310
887,3,2622,3132
888,3,4030,4693
889,3,3002,3840
890,3,1579,2213
891,2,927,1183
892,2,1148,1930
893,4,5707,6181
894,2,154,1085
895,2,525,1219
896,1,0,51
897,4,6115,6178
898,1,0,366
899,4,5989,6782
900,4,5204,5848
901,2,1006,1553
902,2,1139,1356
903,2,276,1037
904,3,3130,3415
905,4,4595,5164
906,4,6404,6425
907,1,0,413
908,3,4168,4776
909,4,5438,5544
910,2,23,779
911,4,6111,6170
912,3,2269,2480
913,2,1635,1744
914,4,6018,6815
915,3,4362,4384
916,4,6443,6771
917,4,5090,5759
918,2,971,1197
919,4,4844,5463
920,3,3764,4417
921,3,1877,2467
922,4,4776,5076
923,3,3741,4055
924,2,656,1513
925,3,3032,3548
926,3,1392,2387
927,3,2720,2853
928,4,5471,6272
929,4,5765,6020
930,3,3270,3757
931,4,5159,5213
932,3,2645,3266
933,4,4964,5843
934,4,4213,5033
935,2,634,1082
936,3,2598,2938
937,2,933,1835
938,3,4169,4496
939,2,566,1405
940,4,6669,6956
941,1,0,116
942,3,3660,3830
943,4,4316,5082
944,3,2146,2171
945,4,5413,5511
946,4,5376,5944
947,4,4501,5235
948,2,1134,1360
949,3,3471,4038
950,2,970,1545
951,2,708,740
952,4,5283,6032
953,3,1604,2563
954,3,3955,4046
955,3,3852,3938
956,3,3769,4430
957,4,4754,5583
958,3,3475,4229
959,3,2270,2681
960,4,4782,5343
961,2,1088,1899
962,1,0,241
963,3,2073,2568
964,1,0,146
965,3,2023,2916
966,3,1752,2598
967,4,5717,5894
968,3,4474,4921
969,3,3885,4677
970,4,5701,5957
971,1,0,92
972,4,6242,6364
973,4,6018,6384
974,4,5137,5909
975,3,1907,2396
976,2,1701,1855
977,3,3536,4086
978,3,2430,2998
979,3,4265,4527
980,3,1908,2483
981,3,2991,3072
982,4,6017,6165
983,3,1905,2616
984,3,2996,3048
985,1,49,401
986,4,6411,6600
987,4,4314,5119
988,2,957,1710
989,3,2901,3161
990,2,241,940
991,1,0,378
992,3,3444,4011
993,2,1017,1607
994,3,3847,4729
995,2,406,667
996,2,992,1229
997,4,4488,5192
998,3,3788,4722
999,4,5719,6014
1000,1,0,377
1001,1,71,461
1002,4,5070,5339
1003,4,5942,6792
1004,3,2272,2329
1005,2,33,505
1006,3,3504,4306
1007,4,6373,6451
1008,3,4066,4688
1009,3,4512,4960
1010,4,5189,5502
1011,3,3138,3198
1012,3,3076,3964
1013,2,1059,1111
1014,4,6493,6787
1015,2,927,1274
1016,2,1041,1433
1017,4,5447,6384
1018,3,3677,3836
1019,2,293,752
1020,4,4794,5269
1021,3,1583,2330
1022,4,5312,6181
1023,3,3587,4486
1024,3,1211,2143
1025,1,0,209
1026,3,3026,3472
1027,3,4551,4916
1028,3,2519,2897
1029,3,1869,2395
1030,3,4548,4676
1031,1,0,219
1032,3,4355,4363
1033,3,4098,4867
1034,3,3981,4341
1035,4,5963,5968
1036,1,0,153
1037,1,0,440
1038,4,5550,6358
1039,1,0,369
1040,3,4026,4233
1041,4,5250,5473
1042,3,2844,2948
1043,3,3935,4243
1044,3,1804,2091
1045,4,5266,6110
1046,4,5324,5844
1047,3,3569,3628
1048,2,1015,1146
1049,1,335,373
1050,2,978,1717
1051,3,3951,4019
1052,3,3978,4423
1053,2,622,1410
1054,3,2249,2294
1055,2,98,1068
1056,4,4691,5010
1057,4,6568,6570
1058,3,1739,2434
1059,2,233,507
1060,3,1592,2095
1061,2,1203,1511
1062,4,5351,6093
1063,3,3305,3712
1064,2,1241,1974
1065,2,0,724
1066,1,0,58
1067,2,1540,1649
1068,3,1907,2392
1069,2,281,813
1070,3,3153,3832
1071,4,5759,6613
1072,3,1444,2262
1073,2,1192,1298
1074,3,3645,4327
1075,2,0,792
1076,2,0,534
1077,2,325,801
1078,3,3968,4124
1079,3,3384,3571
1080,3,3606,3817
1081,3,2366,2725
1082,2,1259,1853
1083,2,1108,1156
1084,4,4421,5087
1085,1,0,182
1086,4,6778,6981
1087,4,5587,5628
1088,3,4861,4993
1089,2,1411,1732
1090,2,698,1110
1091,3,4455,4530
1092,4,4607,5589
1093,3,3347,4340
1094,3,2814,3707
1095,1,0,402
1096,3,4317,4835
1097,2,1320,1503
1098,1,0,349
1099,3,2701,3540
1100,3,2552,2556
1101,2,639,1505
1102,4,5309,5544
1103,2,854,1359
1104,3,2020,2264
1105,4,6107,6654
1106,3,2195,2312
1107,4,5849,6237
1108,2,1376,1431
1109,3,3085,3201
1110,3,1795,2478
1111,4,5494,5563
1112,3,2997,3720
1113,4,6082,6220
1114,4,4636,5389
1115,4,4976,5293
1116,3,3698,3703
1117,3,2651,2962
1118,4,5035,5090
1119,2,1043,1811
1120,2,342,1007
1121,3,1918,2309
1122,4,5712,6052
1123,3,1596,2160
1124,1,0,282
1125,2,693,1195
1126,2,845,870
1127,3,3368,3806
1128,1,0,114
1129,3,1421,2104
1130,3,1449,2039
1131,4,5148,5709
1132,4,5732,6294
1133,3,3049,3875
1134,4,6391,6522
1135,4,5453,5597
1136,4,4670,5522
1137,3,2571,3039
1138,3,1522,2080
1139,2,794,870
1140,3,2823,3754
1141,3,2977,3733
1142,4,4772,5295
1143,2,765,1380
1144,4,5323,6194
1145,4,5759,6146
1146,2,935,1680
1147,4,4959,5083
1148,3,3914,4054
1149,3,1374,2306
1150,3,3548,4253
1151,4,4766,5198
1152,3,1763,2280
1153,2,513,1506
1154,3,2887,3215
1155,4,5539,5658
1156,2,519,1299
1157,1,0,304
1158,3,1854,2070
1159,3,2160,3096
1160,3,2076,2197
1161,2,658,832
1162,4,5813,6082
1163,2,1304,1639
1164,3,2245,2780
1165,3,3664,3750
1166,2,1341,1568
1167,3,2584,3068
1168,4,5647,6475
1169,3,3621,4559
1170,3,1757,2266
1171,3,2438,3410
1172,2,466,1261
1173,3,2228,3177
1174,4,6362,6954
1175,4,4988,5769
1176,2,902,1648
1177,2,775,803
1178,2,241,556
1179,4,5624,5992
1180,1,306,404
1181,4,5654,6111
1182,2,1074,1497
1183,1,52,380
1184,3,3832,4160
1185,4,5824,6695
1186,2,795,823
1187,4,6814,6967
1188,3,3368,3828
1189,3,2907,3470
1190,4,5192,5581
1191,4,5247,6232
1192,1,306,414
1193,4,6261,6434
1194,3,2144,2908
1195,2,1104,1530
1196,4,5408,5884
1197,3,3767,4173
1198,3,3801,3905
1199,3,2018,2660
1200,3,2591,3557
1201,3,4637,4735
1202,4,4696,5264
1203,3,1441,2200
1204,4,6430,6997
1205,2,944,1577
1206,3,3721,4383
1207,2,237,536
1208,4,4544,5475
1209,3,1732,2594
1210,4,6533,6764
1211,4,5583,6228
1212,2,403,931
1213,4,5536,6146
1214,4,5377,6014
1215,4,4829,5635
1216,2,1503,1805
1217,3,1568,2211
1218,3,1964,2066
1219,2,281,1087
1220,2,49,843
1221,3,4512,4809
1222,2,1897,1914
1223,2,148,763
1224,4,6277,6621
1225,4,6369,6909
1226,4,6496,6953
1227,2,727,749
1228,4,5001,5531
1229,2,577,923
1230,4,6170,6909
1231,4,5298,6067
1232,4,5719,5962
1233,4,4744,5482
1234,3,3669,3987
1235,3,3690,3996
1236,2,457,1213
1237,4,5064,5561
1238,2,1481,1961
1239,4,5767,6562
1240,3,3709,4487
1241,3,1784,2454
1242,2,581,1519
1243,3,2055,2690
1244,3,3584,4539
1245,3,1942,2079
1246,2,921,1284
1247,2,1337,1368
1248,2,425,768
1249,4,5592,6281
1250,4,5036,5093
1251,4,6628,6974
1252,4,4548,5068
1253,3,2003,2192
1254,3,1677,2353
1255,3,2119,2177
1256,3,3207,3942
1257,3,3383,4356
1258,3,2203,2838
1259,3,2331,2822
1260,4,5109,5469
1261,4,5898,6714
1262,4,5493,6455
1263,3,3751,4640
1264,4,5508,6209
1265,3,4218,4839
1266,2,51,671
1267,2,1203,1876
1268,3,3154,3376
1269,3,3989,4891
1270,1,0,432
1271,3,4017,4806
1272,3,2808,3477
1273,4,5326,5417
1274,4,4283,5107
1275,3,1205,2204
1276,3,2110,2586
1277,2,0,828
1278,1,0,192
1279,3,3192,3480
1280,2,622,1386
1281,2,773,1323
1282,2,1521,1587
1283,3,1825,2592
1284,3,3347,3810
1285,3,3113,3550
1286,3,2982,3856
1287,4,5375,6079
1288,4,4557,5313
1289,1,0,147
1290,2,552,1360
1291,4,5239,5947
1292,4,5107,5854
1293,3,3064,3493
1294,4,5480,5650
1295,3,4155,4717
1296,4,5792,6497
1297,4,6551,6791
1298,4,4426,5064
1299,4,4946,5699
1300,3,4271,4595
1301,4,5447,6366
1302,3,4232,4964
1303,3,2395,2535
1304,4,5089,5184
1305,3,3855,3963
1306,3,1167,2069
1307,3,2280,2549
1308,4,5370,5877
1309,3,2630,3220
1310,4,5459,6368
1311,2,1210,1971
1312,4,4828,5590
1313,3,1466,2304
1314,3,1838,2444
1315,2,1632,1907
1316,4,5704,6333
1317,2,989,997
1318,2,218,1035
1319,4,4458,5447
1320,2,582,1183
1321,3,4046,4927
1322,3,3064,3239
1323,3,3236,3540
1324,3,2636,2903
1325,4,5876,6034
1326,3,3866,3998
1327,2,438,1042
1328,2,0,524
1329,3,3290,3518
1330,2,1585,1971
1331,1,0,298
1332,3,1826,2605
1333,2,789,1062
1334,4,4649,5304
1335,1,0,203
1336,3,4406,4687
1337,3,3078,3831
1338,2,488,1247
1339,4,5048,5974
1340,4,5997,6207
1341,3,2588,3563
1342,2,1516,1593
1343,2,1428,1525
1344,4,4627,5290
1345,3,3771,4760
1346,4,5833,6197
1347,3,4206,4742
1348,3,1482,2350
1349,3,4462,4680
1350,4,5393,5403
1351,4,5050,5068
1352,3,3684,4257
1353,3,2496,3431
1354,4,4526,5192
1355,4,5411,5574
1356,3,4006,4664
1357,3,3957,4646
1358,2,358,886
1359,4,5350,6118
1360,3,4879,4891
1361,2,1117,1831
1362,4,6145,6673
1363,2,1612,1619
1364,2,1589,1801
1365,4,6494,6636
1366,4,5649,6231
1367,2,917,1527
1368,3,1568,2301
1369,3,3014,3170
1370,2,1525,1901
1371,4,6842,6959
1372,3,1918,2078
1373,3,2535,2779
1374,3,2742,3540
1375,4,5227,5336
1376,4,6169,6342
1377,3,3030,3301
1378,3,1341,2209
1379,2,231,837
1380,3,3125,3274
1381,2,1181,1887
1382,4,6322,6927
1383,2,1047,1051
1384,4,5637,5834
1385,3,2849,3395
1386,4,4461,5433
1387,3,2976,3187
1388,3,1796,2370
1389,3,3146,3541
1390,3,3136,3990
1391,3,2638,2947
1392,4,5875,6588
1393,3,2966,3806
1394,3,4681,4856
1395,2,423,776
1396,3,3082,3857
1397,2,1336,1412
1398,4,5799,6305
1399,2,80,862
1400,3,3719,4334
1401,3,2997,3265
1402,3,3386,3879
1403,4,6142,6378
1404,2,1269,1464
1405,3,2751,3047
1406,4,5852,6668
1407,3,2213,2842
1408,4,4159,5068
1409,2,268,530
1410,2,1404,1442
1411,3,3130,3980
1412,1,0,437
1413,2,1104,1753
1414,2,950,1216
1415,1,157,215
1416,3,3502,3907
1417,4,5371,6350
1418,3,1577,2402
1419,3,3617,4534
1420,4,4998,5760
1421,3,1661,2458
1422,4,5007,5234
1423,2,826,1826
1424,3,3473,3580
1425,4,4943,5452
1426,3,4471,4866
1427,4,6722,6732
1428,3,2001,2936
1429,2,804,1247
1430,3,4047,4216
1431,2,350,547
1432,4,5142,5991
1433,1,155,185
1434,3,3805,4679
1435,3,2271,2769
1436,4,5009,5393
1437,3,2138,3126
1438,3,4076,4907
1439,3,1815,2646
1440,3,2858,3078
1441,4,4307,5096
1442,3,1719,2478
1443,4,4595,5414
1444,4,4600,5093
1445,3,2156,2353
1446,3,2211,2952
1447,3,2924,3866
1448,4,4462,5157
1449,3,2861,3190
1450,3,4058,4953
1451,4,4738,5526
1452,4,5184,6068
1453,1,0,58
1454,1,246,344
1455,3,4694,4865
1456,3,2657,2865
1457,4,5213,5463
1458,2,753,1462
1459,4,4782,5230
1460,3,1662,2414
1461,4,6085,6434
1462,2,942,1884
1463,3,2484,2873
1464,3,3265,3278
1465,1,0,414
1466,4,5800,5894
1467,4,5053,5325
1468,2,1894,1994
1469,1,0,71
1470,3,3308,4145
1471,1,0,134
1472,4,5632,5987
1473,3,2839,3675
1474,2,1236,1360
1475,3,4353,4956
1476,4,6326,6732
1477,1,0,278
1478,2,1888,1927
1479,3,2236,2326
1480,1,0,35
1481,3,2192,2897
1482,2,590,1402
1483,3,4448,4757
1484,3,2936,3112
1485,4,4746,5440
1486,2,784,1407
1487,3,4417,4657
1488,3,1734,2314
1489,2,201,714
1490,2,778,1584
1491,2,1576,1642
1492,3,3679,4365
1493,3,1384,2159
1494,2,1051,1872
1495,4,4615,5153
1496,2,723,1159
1497,3,2047,2679
1498,3,3928,4092
1499,3,2285,2877
1500,3,3965,4276
1501,4,5321,5701
1502,3,1634,2466
1503,2,604,1387
1504,4,6480,6710
1505,2,406,618
1506,1,0,400
1507,2,537,1228
1508,3,2058,2433
1509,3,1539,2228
1510,4,5236,5511
1511,4,5335,5500
1512,3,2846,3110
1513,4,5796,6487
1514,4,4819,5049
1515,2,568,1193
1516,3,3798,3883
1517,4,6235,6453
1518,3,1404,2382
1519,3,2465,3158
1520,2,1277,1384
1521,4,4563,5086
1522,3,2145,2478
1523,3,3541,3919
1524,2,701,1082
1525,2,785,1773
1526,2,421,980
1527,3,2563,3187
1528,4,5587,6444
1529,3,2670,2946
1530,4,4914,5300
1531,4,5687,6552
1532,4,5259,5260
1533,3,3996,4270
1534,4,5048,5532
1535,2,866,1829
1536,3,4091,4660
1537,3,1819,2655
1538,2,317,1115
1539,4,5737,6485
1540,3,3780,4302
1541,4,4182,5110
1542,4,5592,5884
1543,3,3282,3716
1544,2,997,1057
1545,4,5162,6155
1546,4,4945,5060
1547,2,806,1797
1548,1,75,344
1549,2,949,1948
1550,4,6281,6911
1551,2,459,1132
1552,4,5102,5509
1553,3,2287,2665
1554,2,1693,1895
1555,2,226,515
1556,2,1177,1348
1557,4,5968,6060
1558,1,0,233
1559,2,582,889
1560,1,0,142
1561,3,1982,2860
1562,2,1214,1464
1563,2,1502,1950
1564,4,5873,6155
1565,3,3800,4403
1566,2,1289,1656
1567,2,1112,1961
1568,3,3846,4115
1569,4,5542,5570
1570,2,143,932
1571,2,979,1080
1572,3,2276,2730
1573,2,824,1627
1574,1,0,215
1575,4,5972,6497
1576,3,1232,2046
1577,3,3421,3848
1578,3,3464,3676
1579,4,4834,5107
1580,4,4708,5620
1581,2,1029,1488
1582,3,1975,2030
1583,3,3457,3878
1584,4,5775,5918
1585,4,5489,6106
1586,3,3315,4132
1587,4,6051,6907
1588,1,0,167
1589,3,2034,2421
1590,3,2309,3080
1591,4,5903,6261
1592,1,0,227
1593,4,5347,5586
1594,3,2719,3657
1595,4,5362,5694
1596,3,2711,3544
1597,3,2105,2508
1598,3,2610,3393
1599,2,932,1057
1600,4,5067,5279
1601,3,2566,3199
1602,4,5241,5930
1603,4,4595,5117
1604,3,2051,2951
1605,1,0,61
1606,4,4913,5008
1607,4,6779,6857
1608,4,5511,5718
1609,4,6707,6763
1610,4,6758,6997
1611,1,261,287
1612,2,1696,1761
1613,4,5416,5935
1614,4,5430,5720
1615,4,5153,5295
1616,3,2466,3401
1617,3,2470,3156
1618,3,3471,4287
1619,4,4783,5070
1620,4,5921,6640
1621,2,568,1337
1622,3,2830,2887
1623,4,4269,5050
1624,3,3697,3992
1625,3,2990,3572
1626,3,1979,2183
1627,3,3927,4498
1628,3,4412,4839
1629,2,532,807
1630,3,2236,2705
1631,4,6326,6335
1632,4,6585,6928
1633,2,1050,1232
1634,3,2255,2389
1635,4,6099,6767
1636,1,0,408
1637,4,4624,5222
1638,2,959,1666
1639,4,6088,6337
1640,3,4115,4761
1641,4,5997,6922
1642,3,3042,3616
1643,3,4073,4446
1644,3,1832,2590
1645,3,1603,2139
1646,3,3653,3711
1647,3,1710,2167
1648,2,640,1182
1649,2,1388,1569
1650,4,5465,6241
1651,3,3045,3938
1652,4,5781,6602
1653,4,5871,6309
1654,3,2944,3607
1655,2,81,1070
1656,3,4348,4876
1657,3,2015,2389
1658,4,5558,5917
1659,3,2872,3270
1660,4,5079,5840
1661,3,4227,4522
1662,4,5403,5905
1663,2,1117,1345
1664,3,2569,3219
1665,2,1139,1968
1666,1,68,212
1667,1,80,295
1668,3,3629,3845
1669,3,3989,4480
1670,4,5237,5323
1671,2,1123,1833
1672,2,536,1529
1673,1,0,252
1674,3,2540,2744
1675,3,3220,3572
1676,3,1943,2366
1677,3,2345,2683
1678,4,5869,6018
1679,3,4390,4924
1680,3,2024,2914
1681,3,3493,4153
1682,4,5041,5857
1683,2,386,794
1684,4,6126,6430
1685,3,4132,4820
1686,2,1054,1478
1687,3,1875,2808
1688,3,3813,4744
1689,2,1029,1510
1690,3,3602,4285
1691,3,3076,3913
1692,4,4566,5218
1693,4,5332,6026
1694,2,740,1065
1695,3,1762,2742
1696,3,2170,2499
1697,4,6473,6952
1698,4,6282,6902
1699,4,5657,6306
1700,3,3501,4438
1701,3,4777,4944
1702,3,2406,3015
1703,2,354,1076
1704,4,5452,6390
1705,3,3636,4160
1706,4,6181,6549
1707,3,3568,3718
1708,2,885,1851
1709,3,4029,4990
1710,3,2922,3522
1711,2,1268,1486
1712,3,3196,3877
1713,2,1022,1699
1714,4,6470,6628
1715,3,1683,2541
1716,3,3540,3734
1717,2,753,1311
1718,4,5384,5997
1719,1,169,471
1720,3,3178,3403
1721,3,1577,2012
1722,4,5254,5535
1723,4,5534,6073
1724,3,3940,4930
1725,3,2071,2519
1726,3,1594,2241
1727,3,2022,2935
1728,3,4836,4909
1729,2,1137,1338
1730,4,5858,6050
1731,1,0,253
1732,3,3527,4281
1733,4,6150,6922
1734,4,4505,5427
1735,3,3165,3541
1736,2,389,708
1737,3,2759,3448
1738,4,5869,6208
1739,4,4567,5519
1740,3,1909,2901
1741,4,5996,6829
1742,4,5237,6117
1743,2,567,850
1744,4,5025,5281
1745,3,2718,3683
1746,3,2185,2488
1747,3,3617,3690
1748,3,1680,2230
1749,2,0,605
1750,3,2458,2718
1751,3,2505,3449
1752,4,4633,5528
1753,3,4249,4675
1754,3,3848,4643
1755,1,0,303
1756,1,0,360
1757,4,5367,6173
1758,4,4750,5320
1759,3,2389,2925
1760,2,672,1484
1761,3,1721,2371
1762,1,0,456
1763,3,2132,2641
1764,3,1204,2169
1765,2,202,1151
1766,2,1520,1563
1767,3,3233,3860
1768,2,1113,1728
1769,3,1568,2142
1770,3,1986,2669
1771,2,570,604
1772,4,5449,5630
1773,4,4885,5360
1774,2,460,1281
1775,3,2464,2810
1776,4,6295,6479
1777,4,5287,6163
1778,3,3913,4657
1779,4,4879,5642
1780,4,5743,6053
1781,2,950,1465
1782,3,2408,3294
1783,2,811,1051
1784,2,438,794
1785,4,6201,6679
1786,3,3554,4198
1787,4,6048,6259
1788,2,1262,1479
1789,3,2387,2789
1790,3,3140,3597
1791,1,0,154
1792,1,0,73
1793,2,1444,1637
1794,2,489,678
1795,3,2202,3125
1796,2,531,1064
1797,3,3655,4123
1798,4,5437,5968
1799,4,6156,6903
1800,1,0,417
1801,2,846,1245
1802,3,3445,4198
1803,2,1250,1296
1804,3,4667,4760
1805,3,2721,2790
1806,2,964,1894
1807,3,4121,4807
1808,4,5818,6455
1809,4,4888,5479
1810,3,3215,3379
1811,3,3850,4266
1812,2,482,1136
1813,3,2356,3326
1814,3,1379,2108
1815,3,2073,2744
1816,3,2337,3017
1817,4,5166,5177
1818,2,836,1145
1819,2,865,1781
1820,4,6544,6823
1821,3,3790,4772
1822,3,2595,3454
1823,2,0,649
1824,1,0,221
1825,4,5659,5672
1826,4,6501,6871
1827,2,1404,1525
1828,3,3632,3808
1829,4,6803,6846
1830,3,4224,4768
1831,4,4726,5386
1832,2,3,538
1833,2,634,1566
1834,2,899,1875
1835,1,0,296
1836,2,0,736
1837,3,2344,2935
1838,4,5359,5899
1839,2,196,612
1840,1,63,493
1841,2,561,619
1842,4,6126,6845
1843,4,5919,6514
1844,4,5633,6342
1845,3,3125,3419
1846,4,5569,6519
1847,2,1135,1641
1848,4,4910,5721
1849,2,346,953
1850,2,859,1672
1851,3,3421,4132
1852,3,3578,4491
1853,1,0,304
1854,3,3491,4061
1855,3,2532,3445
1856,1,85,351
1857,3,3304,4060
1858,3,2073,2385
1859,3,1239,2237
1860,4,6008,6090
1861,2,626,711
1862,3,2472,2961
1863,2,315,855
1864,2,1318,1540
1865,1,0,160
1866,2,1752,1948
1867,3,4014,4311
1868,3,4020,4329
1869,4,4771,5689
1870,3,2216,2642
1871,2,560,1238
1872,4,5168,5896
1873,3,3113,3188
1874,4,6252,6905
1875,2,1846,1980
1876,4,6151,6770
1877,3,2931,3611
1878,1,0,198
1879,4,5698,6119
1880,3,3991,4559
1881,2,489,1441
1882,3,3347,3393
1883,3,1424,2091
1884,2,1131,1249
1885,3,2391,2736
1886,3,3234,4164
1887,4,4665,5238
1888,2,882,939
1889,3,2254,3231
1890,4,4892,5451
1891,3,3520,4517
1892,2,529,1156
1893,4,5974,6928
1894,3,4628,4901
1895,2,717,1097
1896,3,2855,3768
1897,1,0,34
1898,4,6607,6901
1899,4,5048,5052
1900,3,3823,4412
1901,2,1772,1810
1902,4,5058,5586
1903,3,1631,2177
1904,2,1386,1554
1905,3,4215,4978
1906,4,4595,5114
1907,2,1290,1977
1908,4,4857,5835
1909,2,1385,1519
1910,3,3632,4560
1911,3,3617,4161
1912,2,711,952
1913,4,5596,5800
1914,3,3773,4026
1915,3,3470,4287
1916,4,5864,6212
1917,2,550,586
1918,3,1492,2102
1919,4,4642,5132
1920,4,5343,5941
1921,4,5431,5928
1922,3,3016,3086
1923,4,4935,5460
1924,2,43,672
1925,4,4853,5801
1926,2,490,1138
1927,4,6151,6835
1928,4,5044,5442
1929,4,5307,5312
1930,3,2826,3245
1931,3,1931,2907
1932,2,1636,1823
1933,3,3878,3880
1934,3,4207,4210
1935,3,4455,4805
1936,2,137,1118
1937,2,165,863
1938,2,510,1089
1939,3,2424,2552
1940,3,2126,2890
1941,2,1261,1572
1942,2,206,577
1943,2,752,785
1944,4,5649,5734
1945,4,5991,6255
1946,4,6180,6349
1947,3,2166,2571
1948,2,1507,1562
1949,4,5318,5982
1950,4,5990,6262
1951,2,911,1858
1952,3,3396,4056
1953,4,6172,6746
1954,2,483,1081
1955,4,6277,6948
1956,3,3668,4225
1957,4,5839,6657
1958,4,6223,6247
1959,3,4169,4212
1960,3,2529,2946
1961,4,6195,6450
1962,4,5249,5958
1963,4,5025,5272
1964,3,3692,4389
1965,4,5764,6327
1966,3,4369,4377
1967,4,5905,6040
1968,4,5762,6053
1969,3,1747,2015
1970,3,3137,3414
1971,2,372,945
1972,3,2170,3111
1973,4,5601,6008
1974,4,6633,6977
1975,4,6163,6441
1976,3,1779,2425
1977,3,1265,2216
1978,4,5468,6046
1979,3,3484,3851
1980,3,2232,3100
1981,4,5018,5155
1982,3,3532,3874
1983,3,3831,4092
1984,3,1437,2350
1985,3,3664,4587
1986,3,3046,3751
1987,3,1128,2067
1988,3,2316,2904
1989,3,2731,3636
1990,2,876,1842
1991,4,5194,5458
1992,2,1060,1895
1993,3,2803,2928
1994,4,5210,5343
1995,3,2257,3094
1996,3,1692,2412
1997,2,1195,1563
1998,4,5228,6063
1999,4,4379,5111
2000,2,328,1309
2001,3,2965,3610
2002,3,2885,3047
2003,3,2432,3157
2004,3,1602,2584
2005,3,3070,3147
2006,3,1476,2148
2007,3,2351,2796
2008,2,1931,1931
2009,3,3518,3751
2010,2,488,880
2011,4,4900,5566
2012,4,5767,6401
2013,4,5701,6382
2014,2,63,914
2015,3,3942,4392
2016,3,3118,3366
2017,3,1679,2298
2018,1,0,380
2019,2,250,1005
2020,4,6606,6789
2021,3,1895,2472
2022,3,3449,3489
2023,3,2982,3715
2024,2,960,1603
2025,3,4472,4631
2026,4,5552,6171
2027,1,212,352
2028,2,250,964
2029,3,1992,2478
2030,2,784,1715
2031,1,0,147
2032,4,5065,5880
2033,3,3425,4344
2034,3,3164,3270
2035,1,0,27
2036,3,1946,2823
2037,3,2410,3021
2038,3,2741,3723
2039,4,4978,5521
2040,3,1425,2357
2041,4,6081,6685
2042,3,2731,3138
2043,3,2352,3217
2044,3,1733,2453
2045,2,752,1506
2046,2,707,1065
2047,2,906,1234
2048,3,1731,2573
2049,3,2772,3762
2050,2,435,1004
2051,2,464,981
2052,2,892,1494
2053,3,1961,2388
2054,3,3771,3820
2055,3,4018,4799
2056,3,3336,3399
2057,3,3453,3720
2058,2,825,1195
2059,3,4311,4544
2060,3,1206,2045
2061,3,4056,4527
2062,4,6820,6849
2063,3,3967,4966
2064,2,732,740
2065,4,4723,5218
2066,4,5248,6043
2067,3,2811,3032
2068,3,3663,4529
2069,4,4921,5207
2070,3,2995,3875
2071,4,6224,6271
2072,3,1565,2475
2073,4,5655,6530
2074,1,0,15
2075,3,3486,4390
2076,3,4257,4996
2077,2,346,875
2078,4,5765,5930
2079,2,0,760
2080,4,4956,5672
2081,4,5829,6096
2082,4,5815,6146
2083,2,1456,1969
2084,3,4065,4076
2085,3,2796,2847
2086,3,1388,2117
2087,3,2466,2938
2088,4,4863,5505
2089,2,171,1151
2090,2,961,1225
2091,3,1371,2249
2092,3,2324,2736
2093,2,1683,1756
2094,4,5531,6501
2095,3,1839,2825
2096,4,4860,5532
2097,2,837,980
2098,4,5152,5806
2099,3,3069,3471
2100,4,5404,5489
2101,3,2305,2931
2102,3,2644,2679
2103,4,4285,5012
2104,3,4175,4555
2105,2,1109,1425
2106,3,2559,2621
2107,1,0,356
2108,2,825,1743
2109,3,4248,4602
2110,4,5018,5103
2111,4,5494,5656
2112,3,2402,3184
2113,1,0,96
2114,2,1223,1726
2115,3,4540,4742
2116,3,3783,4018
2117,3,2710,3460
2118,3,2455,2604
2119,4,5762,6628
2120,3,3277,4219
2121,2,102,589
2122,3,3376,3637
2123,3,2436,2478
2124,4,6329,6460
2125,2,1163,1561
2126,3,2776,3128
2127,4,4663,5029
2128,3,1518,2066
2129,2,1119,1957
2130,4,6227,6248
2131,3,4709,4865
2132,4,4849,5779
2133,3,1612,2366
2134,4,5214,5809
2135,3,3471,3666
2136,4,5854,6322
2137,3,4232,4927
2138,3,3247,3529
2139,4,5388,5801
2140,4,6102,6665
2141,2,574,820
2142,3,4026,4848
2143,3,2112,2492
2144,4,6277,6705
2145,3,3604,4034
2146,4,5089,5542
2147,3,3943,4056
2148,3,3337,3760
2149,4,5185,5460
2150,4,4460,5100
2151,3,3674,4172
2152,2,309,1048
2153,4,6633,6808
2154,2,999,1267
2155,2,390,927
2156,2,630,1374
2157,3,1901,2535
2158,3,2309,2642
2159,4,5005,5480
2160,3,3397,3866
2161,4,5078,5166
2162,4,5100,5208
2163,4,4405,5359
2164,4,5169,5839
2165,3,4170,4855
2166,4,6004,6863
2167,4,6801,6840
2168,4,6045,6162
2169,3,3167,3434
2170,4,4868,5225
2171,3,3651,3884
2172,3,2512,2793
2173,4,4662,5353
2174,1,0,235
2175,3,1709,2504
2176,2,1487,1639
2177,4,5494,6428
2178,3,4107,4599
2179,4,6005,6677
2180,1,0,180
2181,4,5373,5608
2182,3,3630,4167
2183,2,1159,1287
2184,2,1292,1533
2185,3,2369,3066
2186,1,0,353
2187,3,2160,2237
2188,3,4572,4603
2189,4,5420,6173
2190,3,2221,3181
2191,4,5066,6027
2192,3,4052,4972
2193,4,5201,6116
2194,3,3268,3504
2195,3,4117,4720
2196,2,546,1393
2197,2,1591,1615
2198,2,651,980
2199,4,5614,6403
2200,2,78,689
2201,3,3297,3966
2202,2,1496,1717
2203,2,729,1173
2204,3,2105,2726
2205,3,2696,3434
2206,4,4971,5283
2207,2,632,898
2208,3,3357,3571
2209,4,5016,5655
2210,1,0,281
2211,2,836,969
2212,3,4500,4665
2213,3,4358,4604
2214,2,0,649
2215,3,2204,2474
2216,3,3672,4166
2217,1,0,66
2218,2,1406,1751
2219,4,5961,6645
2220,2,1017,1446
2221,3,3994,4866
2222,4,5890,6754
2223,2,0,695
2224,2,868,1508
2225,4,5822,6107
2226,3,3588,3653
2227,4,5031,5668
2228,3,4628,4629
2229,2,41,662
2230,3,1369,2188
2231,3,1296,2163
2232,1,0,339
2233,2,1157,1449
2234,3,4220,4445
2235,4,6042,6913
2236,3,4080,4744
2237,2,223,1014
2238,3,3515,3869
2239,4,4203,5112
2240,3,1963,2316
2241,1,0,207
2242,3,1933,2582
2243,3,3938,4293
2244,3,1786,2617
2245,4,5039,5146
2246,3,4014,4320
2247,3,2527,2976
2248,3,2537,3238
2249,4,5520,5624
2250,4,6130,6766
2251,2,303,702
2252,2,1185,1883
2253,2,0,581
2254,3,3264,3842
2255,3,3202,4102
2256,4,6282,6741
2257,1,56,121
2258,4,5786,6161
2259,3,3611,3837
2260,4,5741,6204
2261,3,2925,3695
2262,3,4029,4198
2263,4,4982,5941
2264,1,32,78
2265,4,5317,5495
2266,3,3814,4793
2267,4,4931,5000
2268,3,1671,2292
2269,4,4640,5455
2270,3,2213,2686
2271,3,1360,2034
2272,3,3393,3935
2273,3,2631,2785
2274,3,1835,2767
2275,3,1874,2741
2276,1,50,287
2277,4,5684,6277
2278,2,1683,1842
2279,2,1163,1352
2280,3,3055,3992
2281,2,679,1665
2282,3,3667,4377
2283,3,2618,3456
2284,3,3765,3810
2285,3,3995,4963
2286,3,3707,3747
2287,3,3393,4167
2288,4,6232,6863
2289,3,3946,4942
2290,3,4366,4569
2291,3,1861,2392
2292,3,4307,4745
2293,1,0,166
2294,4,4818,5206
2295,2,189,1169
2296,3,2405,3247
2297,3,2157,2880
2298,4,5062,5280
2299,2,219,670
2300,4,6699,6835
2301,3,3123,4027
2302,4,5587,6444
2303,3,4321,4587
2304,3,2307,2971
2305,3,3351,3672
2306,3,3193,3637
2307,2,696,948
2308,3,2920,3654
2309,2,635,1451
2310,2,1262,1442
2311,1,0,231
2312,1,0,479
2313,4,4709,5538
2314,3,4277,4924
2315,3,4373,4836
2316,4,4508,5021
2317,3,1231,2072
2318,2,1206,1811
2319,4,4979,5260
2320,1,0,479
2321,2,1288,1957
2322,2,252,1242
2323,3,3796,4220
2324,3,3993,4809
2325,2,0,806
2326,3,4368,4989
2327,3,2989,3815
2328,1,0,147
2329,3,2474,3051
2330,3,3840,4141
2331,4,6347,6894
2332,4,5777,6026
2333,3,2229,2350
2334,3,2308,2776
2335,3,3821,3958
2336,4,4768,5359
2337,3,1991,2131
2338,3,2273,2844
2339,2,1572,1595
2340,3,4256,4928
2341,4,5827,6015
2342,4,5513,5609
2343,3,2406,2820
2344,4,5896,6156
2345,2,52,740
2346,4,6158,6887
2347,3,3672,4541
2348,4,5918,6660
2349,3,1982,2568
2350,2,1450,1727
2351,2,469,631
2352,2,422,1254
2353,2,1055,1561
2354,4,4878,5225
2355,2,689,710
2356,4,4810,5396
2357,3,1838,2794
2358,4,6921,6939
2359,2,1300,1954
2360,3,2960,3019
2361,3,3195,3551
2362,1,98,354
2363,3,2916,3625
2364,4,4373,5055
2365,3,3627,4139
2366,3,3493,4171
2367,3,4371,4493
2368,2,967,1168
2369,3,2614,3405
2370,2,1575,1730
2371,2,1678,1935
2372,4,4996,5850
2373,3,3403,3469
2374,3,2598,3354
2375,4,4906,5066
2376,3,2778,3583
2377,4,5753,6402
2378,3,1489,2299
2379,4,5875,6101
2380,3,3865,4085
2381,4,6204,6665
2382,3,1481,2441
2383,4,4336,5109
2384,3,4694,4804
2385,4,5743,6055
2386,3,3614,3653
2387,3,4117,4253
2388,4,6249,6888
2389,4,4779,5728
2390,4,4768,5495
2391,4,4674,5057
2392,4,4781,5537
2393,4,4609,5034
2394,3,2312,2642
2395,3,3096,3349
2396,2,530,1175
2397,3,2059,2067
2398,1,43,145
2399,3,4619,4963
2400,4,5651,5942
2401,2,985,1038
2402,3,3638,4204
2403,3,2542,3065
2404,4,4423,5268
2405,2,726,798
2406,3,3004,4000
2407,3,3038,3875
2408,2,1217,1247
2409,2,750,1669
2410,3,2009,2862
2411,2,409,994
2412,3,4450,4847
2413,3,4138,4616
2414,3,2629,3477
2415,3,1922,2894
2416,2,1581,1889
2417,2,464,1166
2418,2,80,889
2419,4,5073,6060
2420,2,1198,1305
2421,4,5054,5932
2422,3,1674,2409
2423,3,3897,4432
2424,4,5435,5748
2425,2,860,1532
2426,4,5204,5398
2427,4,6130,6449
2428,3,2785,3517
2429,1,84,478
2430,3,3199,3408
2431,4,5898,6269
2432,4,5808,6566
2433,4,6252,6801
2434,3,1755,2517
2435,4,5153,6078
2436,2,542,1062
2437,4,6011,6690
2438,4,5057,5498
2439,4,4808,5783
2440,2,954,1242
2441,2,84,695
2442,2,1627,1823
2443,4,5804,6386
2444,4,4743,5519
2445,4,6659,6901
2446,4,5292,5333
2447,3,3397,3897
2448,1,0,190
2449,3,4384,4902
2450,4,6744,6925
2451,1,0,121
2452,2,398,514
2453,3,1741,2184
2454,4,6080,6944
2455,4,5673,6551
2456,3,1628,2553
2457,3,2737,2953
2458,3,2600,2787
2459,2,860,1408
2460,4,5037,5459
2461,4,4468,5242
2462,3,3409,3446
2463,4,5501,5919
2464,3,2733,2747
2465,4,6250,6973
2466,1,0,90
2467,3,2149,3050
2468,2,911,1109
2469,4,5975,6872
2470,4,4936,5590
2471,3,3932,4099
2472,4,4730,5499
2473,4,5147,5542
2474,3,2338,3215
2475,4,6173,6789
2476,3,2669,3488
2477,3,4218,4338
2478,1,0,145
2479,3,2721,2763
2480,3,1862,2849
2481,3,2066,2370
2482,3,4580,4651
2483,3,2355,2411
2484,3,2306,2951
2485,2,890,1275
2486,3,2065,2892
2487,4,6854,6919
2488,3,2563,3435
2489,4,5040,5472
2490,3,3244,3480
2491,4,4910,5563
2492,1,0,280
2493,4,5517,5917
2494,3,3809,4375
2495,2,1225,1416
2496,4,5153,5630
2497,3,1624,2454
2498,3,2439,3124
2499,2,840,1055
2500,4,4571,5536
