warehouse_id,product_id,quantity_on_hand,reorder_level
1,1279,286,200
1,1078,239,100
1,1239,565,50
1,97,1496,200
1,665,1120,50
1,1176,666,20
1,138,112,200
1,912,1226,100
1,1030,1182,100
1,1026,1320,100
1,69,810,200
1,1066,921,20
1,409,367,20
1,1349,1093,20
1,589,303,50
1,365,131,100
1,424,1359,100
1,1477,248,50
1,213,1384,20
1,919,151,100
1,996,469,50
1,276,941,100
1,1103,887,200
1,728,378,50
1,71,1204,20
1,393,6,20
1,1045,372,100
1,738,945,50
1,1134,110,50
1,571,493,50
1,273,1291,20
1,539,1291,100
1,1472,447,20
1,514,54,50
1,1010,1216,50
1,1178,414,100
1,686,220,50
1,1440,203,200
1,853,1145,100
1,1366,56,200
1,1223,1119,50
1,724,821,20
1,1290,1350,50
1,411,531,20
1,828,730,20
1,807,517,50
1,1190,532,200
1,80,1253,20
1,140,1243,200
1,1324,165,50
1,530,897,100
1,1216,811,100
1,1263,751,100
1,1289,1385,200
1,774,431,20
1,149,458,200
1,100,1022,20
1,30,584,20
1,345,73,50
1,1254,576,100
1,1121,794,200
1,1116,45,50
1,1199,27,20
1,1023,370,100
1,979,855,20
1,111,1218,20
1,57,97,200
1,326,456,200
1,701,1413,20
1,1402,993,50
1,189,1376,200
1,872,710,50
1,874,1427,100
1,1027,1140,20
1,1151,1063,100
1,989,262,100
1,164,60,20
1,616,490,200
1,698,1439,50
1,675,481,100
1,1420,298,100
1,106,1437,50
1,1407,539,100
1,1417,494,100
1,1475,902,200
1,1020,1389,50
1,81,537,200
1,158,1383,20
1,978,521,50
1,1159,527,200
1,1300,1306,50
1,1128,672,20
1,182,1239,100
1,682,539,20
1,501,106,20
1,1185,431,20
1,1354,84,200
1,1471,213,50
1,1052,109,50
1,930,782,20
1,110,1092,20
1,160,708,200
1,1253,140,20
1,139,343,100
1,866,418,100
1,1126,1305,100
1,1160,1098,20
1,288,1387,50
1,1067,1024,100
1,39,794,200
1,107,4,100
1,1276,472,20
1,183,505,100
1,1299,35,200
1,511,58,200
1,931,654,50
1,1018,375,200
1,1452,763,20
1,1084,1243,100
1,1162,144,100
1,327,226,50
1,1401,134,50
1,497,544,20
1,1004,925,50
1,1117,4,200
1,755,1225,100
1,188,853,200
1,246,325,20
2,353,1196,20
2,1494,253,100
2,887,938,200
2,311,319,100
2,1163,791,50
2,1201,1269,100
2,711,814,50
2,1095,434,100
2,1450,245,20
2,1232,1364,20
2,915,1462,200
2,1285,141,50
2,136,769,100
2,1334,1217,200
2,637,681,200
2,1498,1338,100
2,655,834,200
2,1378,1217,200
2,1330,266,200
2,178,857,100
2,1365,1378,200
2,1079,186,20
2,128,953,20
2,871,302,200
2,693,654,100
2,272,70,100
2,899,34,50
2,594,262,200
2,282,1079,200
2,1165,316,200
2,35,832,200
2,780,869,20
2,933,698,50
2,1237,1127,20
2,865,404,100
2,1315,1126,20
2,189,1288,50
2,1243,1177,200
2,463,886,50
2,570,396,50
2,854,981,50
2,1373,551,200
2,543,971,20
2,1376,920,200
2,1417,1194,50
2,308,225,20
2,641,830,50
2,862,932,50
2,1264,1294,50
2,28,66,200
2,1305,1378,20
2,680,768,100
2,514,846,50
2,1366,1012,100
2,1200,728,50
2,875,1447,50
2,607,756,20
2,1092,671,100
2,1251,418,200
2,1475,767,100
2,394,1031,20
2,406,603,200
2,280,980,50
2,184,47,200
2,126,590,50
2,954,832,200
2,1310,136,200
2,1169,213,20
2,34,910,50
2,98,658,200
2,169,655,50
2,397,576,200
2,452,56,200
2,920,1106,20
2,868,690,200
2,38,720,200
2,651,1272,200
2,1183,1452,200
2,985,181,20
2,351,1201,200
2,625,444,50
2,842,201,50
2,713,443,200
2,800,55,200
2,1282,446,200
2,1393,220,100
2,446,298,50
2,256,186,20
2,454,256,20
2,1489,1041,100
2,598,188,200
2,1149,936,100
2,1217,39,200
2,1096,688,20
2,859,517,100
2,458,478,50
2,541,1331,200
2,167,1282,100
2,642,1032,20
2,847,64,200
2,104,923,200
2,24,290,50
2,417,999,20
2,320,749,50
2,1260,1178,100
2,220,676,50
2,1125,1468,20
2,123,426,50
2,119,887,200
2,309,568,50
2,1184,922,50
2,484,1244,100
2,808,906,100
2,592,1184,100
2,117,1291,20
2,790,6,20
2,319,1188,20
2,415,1263,100
2,1245,440,100
2,218,567,100
2,252,455,100
2,1456,1200,20
2,632,577,100
2,425,745,200
2,231,1271,200
2,1248,1180,200
2,1437,271,50
2,971,35,20
2,1158,782,50
2,689,783,200
2,547,168,20
2,709,412,100
2,574,1476,100
2,1300,898,100
2,1337,1155,200
2,436,330,20
2,986,494,100
2,939,369,100
2,380,54,50
2,204,1213,100
2,137,524,200
2,645,330,200
2,284,1418,200
2,558,626,20
2,817,295,20
3,15,1243,20
3,321,1284,20
3,1417,1257,100
3,1273,74,100
3,422,1457,50
3,941,1391,20
3,854,1078,20
3,1210,320,100
3,467,751,20
3,685,756,200
3,1341,386,200
3,997,840,20
3,857,999,100
3,587,188,100
3,863,203,20
3,543,874,20
3,622,319,50
3,1353,91,20
3,65,787,100
3,1086,667,100
3,1470,1136,50
3,912,987,200
3,210,536,100
3,865,978,20
3,1227,595,200
3,176,907,200
3,808,735,200
3,132,881,100
3,431,505,20
3,398,280,50
3,35,1472,200
3,1440,1259,100
3,437,348,20
3,1168,486,100
3,408,196,50
3,680,52,200
3,605,899,200
3,1457,1126,50
3,1181,299,200
3,559,1043,100
3,979,242,100
3,524,895,20
3,289,926,100
3,477,488,50
3,1092,381,200
3,1238,192,50
3,1185,196,50
3,401,787,20
3,470,852,50
3,241,1145,20
3,240,1182,200
3,495,1350,50
3,978,1254,20
3,92,1357,100
3,96,676,50
3,698,1456,20
3,98,1395,100
3,350,962,200
3,108,785,50
3,1079,289,50
3,1462,1217,20
3,531,1187,50
3,518,511,100
3,253,1314,200
3,782,1342,50
3,281,538,20
3,117,1105,200
3,753,664,100
3,638,1460,100
3,700,132,50
3,845,724,50
3,31,303,20
3,109,1101,100
3,949,170,200
3,1272,1048,200
3,589,220,50
3,168,1055,20
3,835,323,100
3,394,1254,50
3,1416,486,200
3,480,977,50
3,1374,716,20
3,255,973,200
3,384,1210,100
3,222,48,20
3,1077,1432,200
3,1418,1278,20
3,1262,185,200
3,162,406,200
3,878,899,200
3,1495,294,200
3,681,601,20
3,143,863,100
3,1429,859,50
3,1007,629,50
3,279,793,100
3,1170,276,100
3,542,1335,100
3,311,429,20
3,798,1159,50
3,1109,508,20
3,153,1256,50
3,464,1035,100
3,156,100,200
3,975,864,100
3,1275,127,50
3,1343,426,50
3,100,675,100
3,244,102,200
3,163,1342,100
3,59,830,200
3,151,627,20
3,280,122,100
3,1197,1359,200
3,900,880,20
3,1194,245,50
3,450,1095,100
3,735,574,50
3,1164,1034,50
3,19,1237,100
3,391,774,20
3,111,564,20
3,759,136,50
3,562,249,100
3,1214,195,200
3,51,340,200
3,409,546,20
3,783,471,200
3,396,886,100
3,1453,398,100
3,717,724,200
3,552,191,200
3,229,76,200
3,762,1241,50
3,1447,356,50
3,641,1153,50
3,20,1274,50
3,699,489,50
3,573,1047,200
3,1455,165,200
3,374,803,100
3,848,442,20
3,1482,1378,200
3,880,1004,50
3,388,1445,20
3,614,164,100
3,578,1001,200
3,1010,1405,20
3,259,1429,50
3,899,1492,100
3,191,48,50
3,847,378,50
3,421,1300,100
3,1002,551,200
3,1014,983,20
3,29,1440,200
3,1500,990,200
3,667,1039,100
3,1324,913,100
3,643,784,20
3,1293,476,20
3,336,888,20
3,682,645,50
3,286,1226,200
3,1211,364,50
4,253,134,200
4,72,1415,50
4,162,194,20
4,1364,1072,50
4,233,114,100
4,1271,847,50
4,196,100,100
4,1426,954,200
4,555,774,50
4,647,1118,50
4,1080,465,20
4,1446,599,50
4,760,1017,50
4,513,12,50
4,1493,1176,100
4,720,480,100
4,549,1407,100
4,1330,627,100
4,450,466,20
4,152,1128,100
4,1431,1130,20
4,392,385,100
4,687,711,100
4,834,767,50
4,240,1104,20
4,893,1250,20
4,592,1208,100
4,218,1148,50
4,969,419,100
4,885,582,100
4,776,68,50
4,441,1048,20
4,983,78,200
4,132,965,100
4,1290,664,100
4,906,1234,200
4,1280,621,200
4,28,618,20
4,946,574,100
4,1073,1397,200
4,945,913,200
4,1153,1036,20
4,905,784,20
4,1401,71,100
4,25,836,200
4,486,299,100
4,895,147,100
4,1219,1325,100
4,1424,1390,200
4,915,507,100
4,799,1170,100
4,321,1082,200
4,1454,1481,200
4,1069,791,20
4,1014,653,20
4,74,860,20
4,729,910,20
4,1163,652,50
4,1024,792,50
4,433,1438,50
4,288,871,100
4,1390,504,200
4,927,596,100
4,1419,46,200
4,878,1448,100
4,1449,1337,50
4,681,648,200
4,1294,1245,100
4,292,540,50
4,281,402,50
4,942,633,200
4,1225,123,100
4,80,613,20
4,1181,1010,50
4,1038,851,20
4,953,1170,50
4,299,398,100
4,819,476,50
4,1443,1189,20
4,929,375,20
4,536,1129,50
4,174,798,200
4,1429,41,100
4,738,445,100
4,973,671,50
4,758,466,20
4,306,170,50
4,531,791,20
4,308,1133,100
4,1062,68,100
4,1147,1264,200
4,672,566,100
4,1203,256,20
4,272,501,20
4,500,286,200
4,805,276,200
4,1434,524,20
4,1043,1004,200
4,673,229,20
4,1308,70,200
4,725,113,20
4,118,505,20
4,548,1000,100
4,462,183,50
4,1382,354,100
4,475,584,50
4,1235,399,100
4,1497,231,200
4,1388,618,100
4,188,887,200
4,60,839,200
4,325,1487,200
4,1106,275,20
4,774,619,200
4,1278,1182,100
4,526,11,20
4,537,1096,100
4,1440,1411,100
4,69,185,200
4,276,1391,200
4,254,726,50
4,316,505,200
4,1152,323,100
4,898,1076,100
4,236,366,100
4,786,90,20
4,1180,4,100
4,1136,819,100
4,633,715,50
4,998,473,100
4,543,914,20
4,753,1256,50
4,876,117,50
4,1003,1010,100
4,986,519,50
4,206,1207,50
4,1053,711,100
4,1241,1273,200
4,1472,1048,50
4,925,481,100
4,1423,131,200
4,1217,210,50
4,485,325,200
4,1495,1029,200
4,1232,775,50
4,872,508,20
4,877,938,100
4,1395,767,200
4,1055,88,200
4,312,540,200
4,842,35,100
4,1065,694,20
4,552,30,200
4,864,79,20
4,453,1378,20
4,367,988,200
4,1355,238,200
4,93,65,20
4,737,423,100
4,1194,1387,50
4,1202,10,200
4,1207,1081,20
4,405,737,50
4,464,1256,50
4,542,1008,100
4,985,1395,100
4,1475,492,200
4,411,1456,100
4,599,121,100
4,972,1057,200
4,231,1459,200
4,504,365,100
4,1110,446,200
4,1138,389,100
4,622,1087,20
4,228,842,100
4,916,1480,50
4,1258,501,20
4,1456,405,100
5,315,911,50
5,1422,786,50
5,489,651,100
5,1380,457,200
5,385,842,20
5,374,583,100
5,638,649,100
5,1130,972,20
5,160,649,100
5,917,344,20
5,482,221,50
5,133,415,100
5,1196,1084,100
5,448,974,50
5,54,184,50
5,224,1107,200
5,1388,1185,100
5,1084,712,200
5,990,1412,20
5,627,690,50
5,424,101,50
5,1043,249,20
5,274,1110,100
5,102,810,200
5,888,834,200
5,472,1305,200
5,1475,755,50
5,1075,1109,50
5,945,464,50
5,225,1333,20
5,197,887,20
5,537,1404,100
5,1165,976,20
5,931,1251,50
5,534,1433,20
5,253,984,100
5,304,605,50
5,444,1487,100
5,719,892,50
5,924,650,50
5,471,432,100
5,1360,747,200
5,1279,1376,200
5,837,922,100
5,631,500,200
5,1338,154,50
5,1099,1213,100
5,1442,737,200
5,878,1495,50
5,1213,590,100
5,1162,597,20
5,677,1340,20
5,480,335,200
5,754,1251,200
5,1238,1118,50
5,866,76,200
5,869,417,50
5,434,611,50
5,307,1218,20
5,1135,278,20
5,333,906,50
5,1402,498,100
5,1340,599,20
5,1350,1386,20
5,70,1136,200
5,1012,53,100
5,1421,1427,200
5,90,85,20
5,687,1448,200
5,1015,738,20
5,618,262,100
5,205,750,50
5,443,782,50
5,130,1294,100
5,756,966,20
5,795,400,100
5,957,670,50
5,697,1042,20
5,546,691,20
5,1037,828,50
5,948,1083,50
5,292,878,200
5,1447,434,50
5,543,941,100
5,706,552,100
5,1472,1365,200
5,483,708,100
5,865,131,20
5,567,525,20
5,773,650,100
5,1042,1256,50
5,1035,1481,50
5,504,672,200
5,497,41,200
5,747,458,100
5,1284,165,20
5,657,631,20
5,592,362,50
5,636,489,20
5,1395,988,20
5,386,620,200
5,542,179,20
5,1397,1139,50
5,814,1124,50
5,1219,1100,200
5,641,937,20
5,397,13,20
5,1204,753,100
5,974,127,100
5,664,1377,50
5,246,226,50
5,186,140,50
5,587,766,50
5,143,1406,100
5,521,467,100
5,353,1209,50
5,586,467,50
5,991,99,50
5,1059,1019,50
5,1118,1072,50
5,221,294,20
5,42,668,100
5,1076,180,20
5,152,1259,50
5,905,371,20
5,208,1343,200
5,441,1447,100
5,1341,719,20
5,1133,1302,50
5,306,757,50
5,142,994,200
5,963,301,100
5,415,1239,20
5,1159,1022,100
5,384,378,20
5,1147,228,20
5,1224,1100,50
5,940,899,200
5,503,76,200
5,457,1491,200
5,1068,721,50
5,95,810,200
5,1488,1100,20
5,1326,886,50
5,1370,1305,50
5,417,274,100
5,1406,1210,20
5,946,104,50
5,105,396,200
5,610,158,20
5,1257,1067,100
5,467,1196,50
6,597,574,100
6,950,748,20
6,521,604,100
6,618,865,200
6,412,1018,20
6,623,1026,200
6,126,562,100
6,1293,734,20
6,1312,1027,200
6,215,296,50
6,156,682,100
6,1429,409,20
6,116,1065,100
6,894,649,50
6,1187,246,50
6,424,873,200
6,181,701,100
6,313,587,100
6,1107,1237,50
6,1051,833,200
6,180,1365,50
6,346,100,50
6,1182,1255,200
6,1402,151,100
6,843,196,200
6,1342,1294,20
6,1030,1401,100
6,226,588,50
6,1388,937,20
6,801,1035,200
6,774,1262,20
6,35,197,50
6,931,803,200
6,117,418,200
6,1352,350,20
6,832,97,100
6,275,1319,20
6,543,489,100
6,300,1157,20
6,608,551,50
6,1348,1295,50
6,1143,1066,20
6,727,1455,20
6,298,710,200
6,902,452,20
6,594,5,200
6,1098,115,50
6,1033,165,20
6,185,104,200
6,1101,1162,100
6,1170,936,200
6,596,1377,100
6,1055,310,100
6,1407,39,100
6,1368,1048,20
6,947,1395,50
6,343,734,100
6,1079,24,20
6,1371,673,200
6,934,551,200
6,998,1345,50
6,943,1016,100
6,183,353,100
6,210,971,200
6,176,509,50
6,310,1219,200
6,1181,1132,200
6,1327,226,50
6,1219,396,50
6,1395,1310,200
6,739,493,100
6,958,1088,50
6,477,224,20
6,942,936,20
6,550,130,20
6,1390,1488,100
6,648,43,20
6,36,535,200
6,1369,1325,100
6,1282,1336,200
6,163,1457,200
6,1068,1493,100
6,1363,710,50
6,335,111,20
6,356,585,200
6,697,164,50
6,1144,650,200
6,852,239,100
6,876,1078,20
6,497,471,200
6,1431,710,20
6,314,834,100
6,1039,837,50
6,1361,216,200
6,1322,751,200
6,345,833,20
6,757,205,20
6,1078,860,20
6,625,84,200
6,501,581,200
6,642,1284,20
6,963,141,50
6,907,1095,100
6,1171,1274,100
6,1141,404,200
6,1012,1103,50
6,1020,424,200
6,1236,696,200
6,892,998,100
6,825,13,200
6,361,1365,50
6,764,1132,200
6,281,514,200
6,686,444,50
6,1316,891,200
6,458,575,100
6,874,674,200
6,1160,1276,20
6,1158,372,50
6,910,1463,50
6,240,1073,50
6,379,1321,100
6,440,1487,50
6,137,44,50
6,420,1437,20
7,17,904,50
7,81,148,200
7,1173,530,20
7,1116,797,20
7,463,425,50
7,590,738,100
7,225,1352,20
7,670,1046,20
7,1420,1293,20
7,430,1017,100
7,553,1322,20
7,188,941,200
7,696,196,100
7,118,451,50
7,1218,1009,50
7,1360,993,200
7,204,1378,20
7,261,1237,50
7,485,422,100
7,1104,1296,200
7,62,817,20
7,1419,592,100
7,360,457,50
7,658,1203,20
7,1328,554,200
7,1463,327,100
7,377,181,200
7,302,909,200
7,254,686,50
7,1152,415,200
7,541,880,200
7,426,42,200
7,1090,930,20
7,1261,1408,20
7,149,573,100
7,344,868,200
7,1343,160,200
7,777,619,200
7,499,660,100
7,320,1085,200
7,474,517,20
7,1376,824,50
7,178,693,200
7,643,643,200
7,1186,1309,50
7,49,405,200
7,1381,558,50
7,844,92,200
7,454,35,50
7,151,986,100
7,1236,1268,100
7,860,892,100
7,715,331,200
7,358,1331,200
7,227,888,200
7,1436,941,50
7,251,359,50
7,552,1048,20
7,386,927,50
7,415,348,100
7,585,29,200
7,642,648,200
7,166,740,50
7,772,1461,200
7,826,721,200
7,592,1051,200
7,755,861,50
7,1024,911,100
7,1035,283,200
7,773,835,50
7,1053,251,100
7,761,136,100
7,199,479,200
7,127,977,50
7,458,1304,200
7,203,1113,200
7,1458,1144,100
7,355,1447,200
7,460,282,200
7,256,831,200
7,1498,896,200
7,566,572,200
7,346,592,100
7,488,325,200
7,664,1271,100
7,1013,1478,100
7,95,1303,20
7,33,393,50
7,1490,1060,50
7,508,1409,50
7,84,1055,200
7,176,1087,20
7,1180,1421,20
7,580,498,20
7,1213,1175,20
7,209,227,20
7,1217,851,200
7,1375,1189,100
7,1154,1337,100
7,1320,1479,50
7,46,326,200
7,1105,299,100
7,1132,771,100
7,1383,161,50
7,528,642,100
7,341,857,100
7,492,345,200
7,711,1119,50
7,497,1351,100
7,1484,78,100
7,269,1125,20
7,722,1237,50
7,1240,1112,20
7,1388,198,50
7,1149,874,20
7,122,1419,20
7,545,1142,50
7,898,71,100
7,312,89,200
8,19,314,50
8,987,1026,20
8,986,341,20
8,275,1159,200
8,1253,927,20
8,1259,154,100
8,592,1245,200
8,1041,535,200
8,388,637,100
8,224,228,20
8,1281,396,200
8,459,1139,200
8,1277,835,200
8,1410,407,20
8,662,239,20
8,393,1009,200
8,1243,641,200
8,1095,1165,20
8,846,1435,200
8,694,835,200
8,338,217,200
8,670,114,100
8,1500,150,100
8,981,296,20
8,497,763,50
8,1071,918,100
8,725,924,50
8,502,626,50
8,1136,667,100
8,367,694,200
8,3,1485,200
8,28,1348,20
8,371,452,100
8,932,1411,20
8,1060,1119,100
8,622,1404,100
8,929,1196,200
8,467,1222,50
8,260,263,200
8,859,387,100
8,724,621,100
8,1181,1024,50
8,567,127,200
8,1432,993,200
8,969,1217,100
8,402,443,200
8,1097,1258,200
8,617,718,20
8,645,678,200
8,869,1344,200
8,233,854,20
8,1300,1305,100
8,748,369,20
8,560,1025,20
8,144,827,200
8,888,641,100
8,626,1031,100
8,800,1322,100
8,1260,621,20
8,196,146,200
8,857,1252,200
8,153,1030,50
8,12,290,50
8,114,925,50
8,923,1293,200
8,899,1482,100
8,312,511,100
8,354,55,50
8,508,529,20
8,1068,196,100
8,1221,675,100
8,1498,142,20
8,234,672,20
8,744,547,100
8,990,1255,100
8,189,684,20
8,426,616,100
8,590,747,200
8,321,48,100
8,287,662,200
8,767,1316,100
8,1078,144,100
8,105,194,200
8,9,1071,200
8,933,1163,200
8,1330,76,50
8,652,104,100
8,804,992,20
8,761,1212,20
8,1471,595,200
8,1150,490,100
8,867,634,20
8,1291,587,100
8,1122,1302,200
8,534,103,50
8,487,1084,50
8,967,280,20
8,1229,353,200
8,1157,51,50
8,854,51,50
8,691,599,100
8,1329,57,100
8,689,1287,50
8,1059,1275,100
8,1377,487,100
8,771,1181,100
8,229,1239,20
8,1211,656,100
8,340,127,50
8,698,634,100
8,900,549,100
8,1389,950,100
8,1328,704,20
8,56,819,20
8,842,972,20
8,536,532,20
8,1017,360,50
8,663,652,20
8,1272,22,100
8,918,5,200
8,240,728,200
8,729,1419,20
8,620,1487,20
8,81,374,100
8,366,912,100
8,373,383,20
8,50,1348,100
8,954,523,50
8,73,172,50
8,207,568,20
8,1000,157,100
8,679,1045,100
8,722,1106,20
8,699,1132,50
8,241,1457,20
8,1019,827,100
8,327,1309,200
8,1446,1171,50
8,478,460,100
8,1287,1222,50
8,947,866,200
8,553,503,200
8,1076,726,50
8,1350,1192,50
8,726,858,50
8,556,650,200
8,721,389,200
8,762,526,20
8,818,476,20
8,1134,1434,100
8,602,1409,200
8,720,862,200
8,558,12,100
8,753,1455,50
8,659,190,20
8,633,1413,200
8,628,945,100
8,669,1496,20
8,337,726,100
8,1407,145,50
8,460,177,50
8,58,703,100
8,52,352,100
8,568,368,100
8,1026,1380,20
8,1479,1406,200
8,822,1142,100
8,1467,277,100
8,154,1368,200
8,418,146,100
8,117,1187,200
8,1497,21,200
8,805,1235,200
8,124,984,200
8,519,1363,200
8,1294,1471,200
8,882,560,100
8,1379,643,20
8,182,1363,50
8,399,1254,200
8,447,556,100
8,232,423,200
8,310,1199,200
8,1126,1323,20
8,735,797,200
8,6,956,20
8,1227,817,200
8,589,706,200
8,768,681,20
8,306,237,200
8,1073,559,200
8,1421,199,200
9,330,262,20
9,1408,516,50
9,299,1146,200
9,324,93,20
9,40,1454,200
9,452,465,100
9,51,233,100
9,979,1106,50
9,516,186,200
9,1298,84,20
9,1250,660,100
9,187,996,50
9,575,176,20
9,956,320,100
9,826,920,200
9,1357,564,20
9,1114,1262,100
9,735,393,100
9,383,498,200
9,438,160,200
9,1182,204,100
9,364,1165,100
9,1333,889,50
9,955,849,100
9,1076,459,100
9,763,1441,20
9,758,139,200
9,1164,197,100
9,179,662,20
9,582,656,200
9,1319,1269,20
9,68,290,100
9,696,717,20
9,456,1039,200
9,923,359,20
9,199,571,100
9,8,662,200
9,574,1496,20
9,1211,1024,200
9,1237,877,100
9,7,444,200
9,66,977,50
9,482,1094,20
9,972,895,100
9,345,904,100
9,1432,290,20
9,668,3,100
9,1370,1109,200
9,313,204,200
9,797,1273,100
9,461,504,20
9,641,923,200
9,278,645,200
9,1134,446,20
9,400,646,200
9,1256,29,200
9,358,1461,20
9,1489,1081,50
9,547,319,100
9,239,739,20
9,210,1198,50
9,267,1472,200
9,922,1388,50
9,997,1131,20
9,54,329,50
9,852,1126,200
9,665,516,100
9,603,684,200
9,730,227,20
9,669,601,50
9,1019,1451,50
9,659,675,20
9,1483,346,100
9,442,202,100
9,1263,497,100
9,1149,657,50
9,1242,605,100
9,1223,1406,50
9,1074,798,200
9,1216,650,20
9,97,1304,100
9,1188,392,100
9,1106,1267,50
9,245,497,50
9,335,970,200
9,36,1418,20
9,1245,340,100
9,889,694,100
9,1057,1474,200
9,718,1119,100
9,263,545,100
9,561,654,100
9,500,467,100
9,1002,925,200
9,765,1132,200
9,1295,545,200
9,172,796,200
9,484,1230,50
9,874,1078,200
9,1038,153,200
9,260,1428,100
9,323,938,50
9,950,682,50
9,1162,803,100
9,258,796,50
9,413,751,200
9,190,1246,50
9,350,585,50
9,448,354,100
9,996,474,100
9,1018,485,200
9,902,395,200
9,1195,511,100
9,769,129,50
9,590,954,20
9,828,1308,200
9,1207,871,50
9,998,564,100
9,971,41,200
9,751,768,200
9,549,909,200
9,1499,1256,200
9,1450,868,200
9,664,519,100
9,690,1382,50
9,277,207,200
9,622,653,200
9,777,231,100
9,347,427,100
9,498,571,100
9,439,511,20
9,94,1303,100
9,276,1170,50
9,1143,567,20
9,1322,933,50
9,356,828,100
9,897,413,200
9,1075,866,200
9,319,1130,20
9,1217,198,200
9,572,1116,100
9,108,383,50
9,1210,174,50
10,1234,271,200
10,319,840,20
10,963,1301,50
10,810,1163,20
10,575,74,200
10,187,1115,200
10,830,1311,200
10,112,415,100
10,1049,419,100
10,1412,1317,200
10,1368,1032,20
10,73,15,200
10,626,510,100
10,642,915,20
10,1163,1123,100
10,219,1176,200
10,506,62,200
10,796,840,100
10,750,629,20
10,434,195,20
10,1434,1455,100
10,551,1278,50
10,1194,430,100
10,1418,678,100
10,704,315,200
10,516,1257,200
10,350,445,50
10,438,408,50
10,396,847,100
10,754,804,50
10,1058,1215,20
10,1130,969,20
10,919,952,50
10,29,1007,20
10,800,62,50
10,311,1499,50
10,503,1299,200
10,174,966,50
10,1156,460,100
10,154,358,50
10,1147,145,20
10,1408,275,100
10,854,1192,20
10,316,336,100
10,518,232,100
10,42,857,200
10,956,1266,200
10,1271,578,50
10,1154,1108,200
10,313,395,20
10,1472,1186,100
10,488,838,20
10,167,777,50
10,881,1263,200
10,81,209,50
10,309,1080,20
10,1494,473,20
10,852,133,20
10,1,1338,100
10,762,282,100
10,173,293,100
10,1364,1010,20
10,845,807,200
10,591,830,50
10,1198,917,50
10,254,379,100
10,681,1420,200
10,64,1263,50
10,369,1451,50
10,242,77,50
10,168,1202,50
10,737,1443,20
10,1238,1330,100
10,1017,830,100
10,996,1006,100
10,556,353,50
10,623,454,20
10,1448,1145,50
10,1193,1126,100
10,471,337,20
10,131,816,50
10,84,102,100
10,6,1118,20
10,1088,925,100
10,453,1430,20
10,336,1292,50
10,522,1447,50
10,390,938,20
10,1463,28,100
10,57,769,200
10,172,1037,50
10,194,1243,100
10,1316,1222,200
10,398,14,200
10,1121,515,100
10,729,1160,200
10,612,1432,20
10,1006,201,100
10,337,1049,50
10,1415,283,50
10,1032,777,200
10,930,42,20
10,401,787,100
10,1430,1260,200
10,1399,1272,200
10,886,650,200
10,668,1168,50
10,1019,1034,20
10,528,1482,50
10,259,179,100
10,476,715,200
10,250,1489,20
10,1048,266,20
10,30,1165,200
10,523,1405,20
10,897,54,50
10,1015,1045,20
10,1212,225,200
10,921,1476,100
10,290,863,100
10,1293,1078,20
10,1195,1278,20
10,980,1282,100
10,1169,531,20
10,223,376,100
10,746,636,20
10,261,1473,20
10,253,1032,200
10,243,387,20
10,1302,619,50
10,1065,729,100
10,340,344,50
10,999,470,20
10,702,195,20
10,739,1028,200
10,903,1128,50
10,785,829,20
10,1357,196,50
10,271,1236,20
10,1445,1070,50
10,633,1458,200
10,373,365,50
10,765,183,50
10,1355,33,100
10,968,1432,20
11,470,233,100
11,137,125,200
11,28,598,20
11,79,1391,200
11,1013,315,100
11,434,1080,200
11,150,1347,50
11,880,792,50
11,1243,1479,200
11,422,827,200
11,1285,306,100
11,1496,1215,20
11,668,962,100
11,245,1180,50
11,428,1368,50
11,50,1130,50
11,1357,1152,20
11,1335,778,100
11,1339,226,200
11,576,819,20
11,1091,339,200
11,1097,1475,50
11,330,344,20
11,1114,837,100
11,1438,390,50
11,610,1484,20
11,751,311,100
11,752,519,100
11,1247,732,50
11,1378,1319,20
11,1420,867,100
11,1284,228,200
11,672,699,50
11,821,755,20
11,806,179,100
11,481,850,200
11,519,352,200
11,619,776,20
11,1488,298,20
11,534,659,20
11,84,1296,100
11,602,1222,50
11,405,985,100
11,10,186,200
11,475,392,20
11,75,1089,100
11,998,1235,100
11,211,912,200
11,1316,441,50
11,1435,235,200
11,697,29,100
11,782,455,50
11,324,1077,100
11,1099,679,100
11,900,885,50
11,879,746,100
11,810,603,100
11,1465,144,200
11,344,245,200
11,506,75,20
11,432,395,100
11,1096,763,20
11,1360,1259,100
11,1234,1250,20
11,1215,329,50
11,618,1324,200
11,873,61,20
11,124,340,50
11,1172,876,50
11,1201,1303,100
11,919,1402,50
11,899,1248,100
11,1458,1102,200
11,845,321,20
11,680,312,200
11,906,1109,50
11,187,441,100
11,466,1203,20
11,856,1203,20
11,350,1022,50
11,1015,1264,50
11,86,1135,200
11,1206,711,100
11,556,849,50
11,996,313,100
11,1380,556,200
11,988,564,50
11,14,1137,200
11,469,1012,100
11,115,1346,100
11,294,465,200
11,431,1224,200
11,214,370,20
11,76,1317,200
11,24,767,200
11,1054,799,50
11,293,705,20
11,1210,658,200
11,140,1460,50
11,1309,850,100
11,979,342,20
11,1016,114,50
11,1377,974,20
11,188,739,20
11,978,1023,20
11,392,864,50
11,976,1259,100
11,1212,1472,50
11,1498,219,50
11,1033,733,100
11,546,323,20
11,1053,1269,20
11,1280,1276,50
11,1281,1260,50
11,1231,455,50
11,1459,1098,50
11,526,833,200
11,1292,216,100
11,814,877,50
11,1195,880,200
11,893,49,200
11,262,241,20
11,956,1292,200
11,1141,790,200
11,1036,1257,100
11,393,377,200
11,1451,1444,100
11,799,110,50
11,917,256,50
11,484,458,200
11,555,461,200
11,644,1088,100
11,503,57,200
11,403,537,200
11,654,75,20
11,1439,854,200
11,1350,218,100
11,1034,1376,50
11,824,248,100
11,1423,165,100
11,1387,877,200
11,471,1253,50
11,56,1137,20
11,1102,261,200
11,136,1157,100
11,664,1184,20
11,151,494,20
11,1477,148,50
11,1414,714,20
11,949,384,50
11,1002,1258,20
11,297,916,50
11,1225,1457,100
11,667,403,50
11,657,1184,100
11,427,1009,100
11,244,1014,20
11,178,5,50
11,1048,716,100
11,1491,1329,100
11,876,1327,50
11,51,709,200
11,462,293,50
11,166,157,200
11,1224,1300,100
11,38,1415,100
11,904,914,100
11,1149,1286,50
11,474,228,200
11,1203,601,200
11,1405,15,100
11,463,104,50
11,1406,1061,100
11,326,402,20
11,973,1488,200
11,639,1000,100
11,511,253,100
11,1131,46,50
11,1353,233,20
11,135,400,200
11,1416,147,200
11,446,973,200
11,1482,1013,20
11,1469,1466,50
11,1,1358,50
11,1049,604,50
11,1426,870,100
11,504,659,200
11,15,932,20
11,971,1210,200
11,1441,512,20
11,1286,1129,100
11,1182,1020,100
11,209,163,50
12,1464,1115,20
12,377,1425,200
12,221,1308,50
12,1157,810,100
12,425,1345,100
12,1044,529,50
12,451,601,200
12,171,640,100
12,1081,43,200
12,303,222,100
12,1158,568,50
12,840,457,50
12,149,762,20
12,658,1251,20
12,449,955,100
12,753,710,20
12,992,351,200
12,850,1405,50
12,71,567,20
12,1483,811,200
12,1116,640,20
12,908,1458,20
12,1024,669,100
12,1039,269,100
12,1067,1092,20
12,1211,1402,100
12,1106,1194,200
12,349,871,20
12,854,958,20
12,1105,101,20
12,276,529,50
12,733,489,50
12,600,1331,50
12,1359,891,100
12,1316,322,50
12,1034,1146,200
12,243,1064,20
12,836,322,20
12,393,1256,50
12,1109,865,200
12,49,1006,100
12,524,1083,200
12,5,237,20
12,1385,494,20
12,1439,657,50
12,1242,668,20
12,1482,951,20
12,735,59,200
12,827,1437,200
12,247,848,100
12,293,130,200
12,288,344,100
12,803,745,200
12,796,746,20
12,523,955,200
12,652,1361,100
12,1375,80,200
12,696,1157,100
12,1160,1286,100
12,699,207,20
12,911,140,20
12,404,420,20
12,204,331,50
12,186,1136,100
12,996,577,100
12,997,1359,100
12,1188,94,20
12,210,1405,100
12,108,958,50
12,597,172,100
12,1079,331,100
12,375,384,50
12,1006,935,100
12,428,191,200
12,1488,927,200
12,366,1312,200
12,901,662,100
12,120,1328,20
12,29,942,100
12,99,1100,50
12,636,1333,100
12,558,1157,200
12,1082,95,100
12,1323,1325,50
12,326,440,50
12,283,996,100
12,1446,874,50
12,877,822,50
12,766,398,20
12,1125,659,20
12,1036,355,50
12,554,271,200
12,719,1465,100
12,832,888,200
12,507,48,200
12,1078,1051,100
12,1161,86,200
12,839,1377,20
12,900,530,50
12,739,11,200
12,94,1015,100
12,408,1170,50
12,279,331,100
12,657,371,50
12,292,769,50
13,477,636,100
13,1134,677,200
13,549,491,50
13,986,756,50
13,205,1281,200
13,97,522,20
13,888,198,200
13,1169,19,200
13,683,1319,20
13,1425,1140,20
13,96,1249,50
13,723,171,200
13,357,1234,100
13,556,728,200
13,36,297,200
13,961,1338,100
13,1279,77,20
13,350,709,100
13,1397,954,100
13,6,777,50
13,589,1497,50
13,1497,1458,50
13,845,1189,200
13,1259,304,200
13,1034,281,20
13,678,1021,100
13,63,1499,50
13,622,539,50
13,214,1465,200
13,849,1200,20
13,1068,88,20
13,1270,900,200
13,1116,1078,200
13,764,1171,50
13,233,892,200
13,1208,365,50
13,1342,507,200
13,1069,1466,50
13,1033,341,200
13,674,13,20
13,226,1062,20
13,848,299,200
13,877,71,50
13,1082,1108,200
13,694,1154,20
13,972,277,200
13,53,60,20
13,1257,714,100
13,92,11,20
13,33,861,200
13,760,1397,100
13,75,127,100
13,537,548,20
13,509,59,100
13,1466,904,20
13,1419,518,20
13,952,362,200
13,934,852,100
13,169,196,200
13,1139,458,200
13,738,348,20
13,1158,1285,100
13,668,1332,100
13,1486,931,200
13,846,1367,100
13,465,1310,50
13,389,1301,200
13,1059,740,100
13,1188,1027,50
13,1290,674,20
13,176,379,20
13,958,1224,20
13,1215,183,50
13,483,898,50
13,552,773,50
13,365,1437,100
13,769,321,100
13,363,375,100
13,266,304,100
13,1075,976,200
13,850,1021,200
13,836,335,20
13,349,781,50
13,452,340,100
13,596,731,100
13,633,570,20
13,816,260,50
13,776,345,100
13,1049,1070,20
13,469,174,20
13,355,984,20
13,971,1398,20
13,275,1053,20
13,571,436,20
13,876,1381,20
13,1006,943,200
13,1080,9,20
13,805,1473,50
13,402,164,50
13,1384,337,50
13,274,908,100
13,919,1346,50
13,1298,1206,20
13,1400,663,50
13,87,526,50
13,15,1494,200
13,1007,1396,100
13,139,982,200
13,595,565,20
13,162,718,50
13,823,281,20
13,718,790,100
13,384,99,20
13,303,1187,50
13,1491,416,100
13,602,212,100
13,1002,1204,50
13,436,987,50
13,1211,1382,50
13,1105,366,50
13,132,10,50
13,1395,377,100
13,165,619,100
13,177,5,50
13,551,503,50
13,623,437,100
13,859,980,20
13,385,1029,50
13,410,479,100
13,1315,940,200
13,271,1255,20
13,1225,1064,50
13,327,1249,50
13,406,53,50
13,202,142,100
13,1406,1124,50
13,736,1227,200
13,118,759,50
13,181,349,100
13,475,1003,20
13,1072,667,100
13,803,868,100
13,1263,529,100
13,861,352,20
13,829,414,20
13,1306,693,20
13,129,1162,100
13,689,256,50
14,230,308,50
14,724,870,100
14,1156,231,20
14,266,568,200
14,54,1373,200
14,320,160,100
14,483,1243,200
14,1484,303,200
14,555,1454,20
14,1470,117,20
14,847,1297,200
14,1452,1026,100
14,1448,2,50
14,83,966,20
14,630,124,50
14,878,89,200
14,1317,1358,20
14,942,316,20
14,391,199,100
14,231,1412,100
14,202,439,20
14,228,1161,100
14,731,207,20
14,1067,520,50
14,1227,999,100
14,318,1356,20
14,1306,619,20
14,663,1432,100
14,419,248,50
14,883,480,200
14,1236,579,100
14,1205,535,50
14,480,447,20
14,426,1211,200
14,1114,1278,100
14,4,839,50
14,1434,505,20
14,488,50,50
14,408,1068,100
14,932,2,200
14,261,514,100
14,241,1427,20
14,38,266,50
14,263,769,200
14,681,796,50
14,817,1309,20
14,527,1372,100
14,560,925,200
14,512,1440,50
14,1270,636,50
14,831,1413,200
14,649,232,20
14,904,684,20
14,810,121,50
14,604,1380,200
14,163,719,100
14,495,363,20
14,377,595,50
14,582,1217,20
14,563,1134,200
14,1446,934,200
14,1318,57,20
14,638,129,20
14,65,1128,200
14,63,1378,100
14,425,606,50
14,1313,1425,20
14,5,37,100
14,1210,147,100
14,160,554,200
14,341,1376,50
14,1021,699,20
14,1348,285,200
14,421,695,200
14,696,1258,20
14,1286,956,20
14,255,1362,200
14,931,988,50
14,905,883,20
14,787,1080,50
14,340,1114,50
14,1014,459,200
14,765,1042,20
14,1321,1091,20
14,822,1481,20
14,368,1378,100
14,13,45,50
14,513,1498,20
14,635,55,20
14,1027,832,200
14,259,715,20
14,1139,651,100
14,737,39,20
14,1173,461,100
14,440,189,200
14,306,1333,200
14,1145,1198,20
14,783,562,50
14,637,1039,100
14,1490,1463,20
14,1240,1387,20
14,1451,276,20
14,1037,775,20
14,705,1253,200
14,713,604,50
14,762,664,20
14,1020,772,200
14,108,1127,20
14,1438,617,200
14,543,1055,100
14,636,602,50
14,404,951,20
14,1487,1436,20
14,1341,900,50
14,493,1378,200
14,1060,107,20
14,1443,1222,100
14,1183,933,200
14,511,82,200
14,1357,116,100
14,1295,683,100
14,1476,1161,20
14,666,786,200
14,933,413,100
14,1259,568,200
14,1215,945,200
14,191,1034,200
14,1359,702,100
14,588,1054,200
14,238,1192,100
14,122,1387,200
14,310,210,200
14,1370,349,200
14,1190,621,20
14,611,1256,200
14,1256,993,20
14,1475,1402,100
14,496,129,50
14,325,242,200
14,460,465,20
14,804,84,20
14,1384,1413,200
14,111,1304,100
14,155,629,20
14,141,143,20
14,103,470,100
14,941,1046,50
14,92,449,20
14,1059,854,50
14,278,989,200
14,957,900,50
14,293,977,200
14,503,372,100
14,1202,1389,200
14,699,1488,50
14,1162,439,50
14,115,740,50
14,1269,346,200
14,1342,334,200
14,594,216,20
14,921,899,200
14,41,1150,50
14,617,131,200
14,1486,1324,100
14,168,1108,200
14,1238,1476,100
14,979,1360,100
14,632,942,50
14,1427,137,200
14,793,1461,20
14,1416,11,20
14,330,84,20
14,390,900,20
14,1315,1138,20
14,1496,554,50
14,203,594,100
14,861,722,200
14,472,1360,20
14,803,612,100
14,1369,418,50
14,1481,1384,50
14,268,1028,50
15,439,731,200
15,317,925,100
15,1112,896,20
15,125,542,20
15,442,70,200
15,715,6,200
15,948,1188,200
15,209,1341,50
15,218,1183,200
15,704,324,200
15,824,1084,100
15,886,1374,100
15,1150,1238,20
15,1013,1255,50
15,430,892,50
15,110,691,20
15,427,847,200
15,1249,257,200
15,1234,665,200
15,986,1131,20
15,1021,8,100
15,1263,1092,100
15,1220,621,100
15,694,976,200
15,630,1148,200
15,1378,346,20
15,1497,1407,20
15,358,565,200
15,629,1166,200
15,128,1148,200
15,1423,1301,100
15,1240,1279,50
15,552,1435,200
15,491,999,50
15,238,526,20
15,1450,52,50
15,563,923,200
15,254,777,100
15,1363,1003,200
15,510,1490,100
15,1035,1382,20
15,411,1259,100
15,794,989,20
15,1284,1053,20
15,1207,1319,200
15,1042,1130,200
15,184,236,20
15,379,1019,20
15,1395,157,200
15,1236,1360,20
15,194,524,200
15,334,1411,200
15,730,1039,200
15,1169,369,100
15,356,744,100
15,801,1478,200
15,1430,502,200
15,763,535,200
15,1037,97,100
15,529,1378,50
15,988,762,100
15,757,374,200
15,1209,1110,50
15,1314,622,200
15,877,1347,50
15,265,380,200
15,123,453,50
15,981,881,20
15,929,149,50
15,1239,91,50
15,632,1114,100
15,504,109,50
15,1008,68,200
15,522,907,100
15,1267,933,200
15,1498,1420,50
15,1126,739,100
15,1320,442,100
15,200,787,20
15,168,448,200
15,839,58,200
15,1087,198,200
15,295,679,100
15,261,621,100
15,649,1176,20
15,808,239,20
15,503,1155,20
15,1012,644,100
15,1409,54,200
15,1228,825,50
15,1276,754,200
15,1353,1229,200
15,1452,208,200
15,1440,671,20
15,1415,225,100
15,516,472,100
15,700,1112,200
15,83,405,200
15,576,1337,100
15,1152,754,100
15,392,1175,20
15,667,439,20
15,1242,1228,200
15,762,647,50
15,330,1150,100
15,1392,755,20
15,396,1418,100
15,1003,63,50
15,1370,848,100
15,433,983,100
15,1238,396,100
15,1349,415,50
15,136,289,200
15,353,724,100
15,603,1129,20
15,547,497,50
15,1123,1208,100
15,1302,1129,100
15,107,294,100
15,1442,978,50
15,517,1353,50
15,476,739,100
15,60,367,50
15,550,483,20
15,901,1246,100
15,1167,622,50
15,398,551,20
15,1272,429,200
15,105,575,200
15,1355,1311,20
15,741,1303,200
15,712,911,50
15,1348,1440,50
15,1306,702,200
15,279,1300,20
15,318,942,20
15,38,959,20
15,932,482,200
15,59,646,100
15,501,5,100
15,1144,691,20
15,145,761,20
15,217,202,50
15,456,1110,100
15,423,271,50
15,809,1325,20
15,790,282,100
15,1196,377,20
15,1453,1047,50
15,1173,1016,100
15,1451,1454,20
15,1375,1166,200
15,982,536,20
15,767,1133,20
15,920,639,200
15,351,226,20
16,97,195,200
16,1306,446,20
16,106,536,200
16,701,1260,100
16,499,184,100
16,1292,1467,200
16,217,287,50
16,440,1028,20
16,816,1371,100
16,328,253,20
16,1485,527,20
16,515,1247,20
16,622,903,50
16,1171,1074,50
16,1206,1398,200
16,153,80,100
16,1469,755,20
16,456,352,200
16,33,238,100
16,1187,1324,200
16,1158,945,20
16,809,830,50
16,267,59,50
16,1083,1135,100
16,350,541,100
16,416,673,20
16,753,112,50
16,611,736,50
16,60,1210,100
16,157,216,50
16,1117,769,100
16,548,1171,200
16,405,891,50
16,22,661,50
16,879,364,50
16,760,570,200
16,32,597,200
16,875,977,50
16,115,922,20
16,421,650,20
16,1303,948,100
16,659,490,100
16,1454,1353,100
16,1147,279,20
16,1467,1426,200
16,243,557,50
16,113,780,200
16,1266,630,20
16,454,144,50
16,164,1497,50
16,384,1080,200
16,912,992,50
16,134,407,200
16,1174,487,20
16,1135,723,20
16,180,1349,200
16,1357,264,50
16,598,1481,100
16,1251,388,100
16,242,1100,50
16,297,109,20
16,1143,1304,100
16,1450,252,100
16,1333,767,200
16,546,661,100
16,191,1210,50
16,121,1173,20
16,686,637,20
16,271,973,20
16,351,1486,200
16,764,1027,20
16,631,1220,50
16,1202,930,50
16,866,770,20
16,538,1087,100
16,1229,226,50
16,1045,54,50
16,459,765,100
16,414,1216,200
16,1246,1440,100
16,236,863,20
16,1220,932,100
16,1481,1084,100
16,266,100,200
16,283,410,20
16,196,1490,50
16,1113,1152,100
16,1073,1249,20
16,735,143,50
16,887,746,20
16,314,1478,200
16,940,1281,200
16,1064,1283,50
16,702,1393,100
16,86,1265,200
16,1230,333,20
16,540,1229,20
16,429,864,100
16,338,954,20
16,770,203,20
16,1494,513,50
16,303,744,200
16,927,377,100
16,909,1383,50
16,863,1063,20
16,1243,1160,200
16,553,276,20
16,258,957,50
16,491,1429,20
16,870,527,20
16,379,858,100
16,1432,788,20
16,1014,1200,200
16,1151,702,20
16,697,396,20
16,1050,1423,100
16,645,381,200
16,617,877,200
16,545,533,50
16,264,1298,100
16,252,571,100
16,774,1479,100
16,358,223,200
16,741,1156,50
16,190,506,100
16,390,810,100
16,307,435,100
16,790,638,200
16,1179,1455,100
16,124,444,100
16,49,566,20
16,1277,324,200
16,660,242,50
16,1087,1377,100
16,1035,1186,50
16,1468,1402,20
16,561,150,200
16,467,1285,200
16,981,1140,50
16,1350,404,200
16,1296,1077,50
16,801,350,20
16,392,922,20
16,101,831,20
16,354,1050,20
16,7,612,20
16,145,1465,100
16,721,384,20
16,96,1444,100
16,951,1073,200
16,1079,1039,20
16,1046,170,200
16,922,1428,200
16,171,735,100
16,1072,900,50
16,532,1208,200
16,1245,893,20
16,263,733,100
16,356,306,50
16,869,452,20
16,64,474,100
16,1138,1451,200
16,490,381,50
16,1500,6,200
16,102,339,50
16,480,125,200
16,315,1007,20
16,1377,578,20
16,197,354,20
16,1075,225,200
16,898,744,200
16,100,743,100
16,566,350,50
16,667,479,20
16,904,1471,100
16,65,1379,100
16,593,1102,50
16,582,1137,100
16,447,1390,200
16,1421,640,50
16,1012,713,200
16,506,198,100
16,335,1025,200
16,890,546,100
16,259,986,100
17,103,1372,50
17,1079,204,200
17,1315,488,100
17,614,1243,20
17,1338,257,20
17,895,821,20
17,1410,842,50
17,1190,345,200
17,878,183,100
17,190,232,200
17,112,1039,20
17,215,1474,100
17,699,695,100
17,344,1074,100
17,1304,872,200
17,1329,630,50
17,326,191,100
17,645,964,50
17,410,1107,200
17,258,684,100
17,203,765,50
17,1274,346,200
17,282,1252,200
17,416,721,20
17,218,1110,20
17,120,154,100
17,1039,866,100
17,334,116,200
17,1045,788,200
17,1428,710,20
17,817,910,100
17,84,329,200
17,1422,1302,100
17,660,677,50
17,822,1172,50
17,1443,1498,100
17,727,36,200
17,415,18,20
17,320,525,20
17,1322,1408,100
17,193,1443,100
17,830,857,200
17,558,756,100
17,442,622,100
17,993,67,20
17,873,878,50
17,863,1066,200
17,561,685,200
17,801,648,100
17,138,30,20
17,1146,504,50
17,404,561,20
17,662,623,50
17,359,627,100
17,952,1286,50
17,1445,702,50
17,1497,741,100
17,555,1136,20
17,888,56,20
17,964,1398,50
17,526,70,100
17,1054,1297,100
17,276,297,20
17,845,786,50
17,71,37,20
17,200,1263,200
17,275,651,50
17,289,553,200
17,1160,661,200
17,1194,273,200
17,1017,454,50
17,1333,1095,100
17,1147,666,20
17,194,855,50
17,1452,201,100
17,998,689,20
17,1417,924,200
17,956,525,100
17,1360,497,20
17,1446,1182,200
17,942,172,50
17,50,888,100
17,741,523,200
17,372,23,20
17,425,105,100
17,1215,1419,200
17,1092,1351,200
17,321,88,100
17,1269,1120,100
17,553,658,50
17,429,87,50
17,356,984,200
17,65,1445,100
17,663,456,100
17,161,26,100
17,154,459,50
17,1071,544,20
17,671,313,20
17,791,643,20
17,509,390,100
17,605,1245,200
17,350,691,20
17,262,676,50
17,482,1321,100
17,494,559,100
17,1196,393,20
18,1032,819,20
18,598,931,20
18,1060,1376,50
18,800,124,200
18,771,432,200
18,1350,624,50
18,577,9,20
18,247,952,100
18,917,586,100
18,1385,674,50
18,1461,26,200
18,249,580,100
18,44,587,50
18,844,856,100
18,1335,439,100
18,1152,535,100
18,848,974,200
18,1409,1480,200
18,1275,601,20
18,813,1389,100
18,543,779,200
18,124,201,20
18,1005,1369,50
18,653,599,20
18,725,143,50
18,816,1053,50
18,886,752,50
18,266,799,20
18,263,403,100
18,772,694,200
18,403,846,20
18,1386,430,200
18,634,677,100
18,1004,45,50
18,30,1163,20
18,607,740,200
18,671,1158,50
18,1279,315,20
18,592,656,20
18,1424,425,200
18,1355,1112,100
18,108,1458,50
18,1488,80,50
18,405,1055,100
18,791,1118,50
18,204,563,100
18,1006,1070,100
18,356,810,20
18,255,924,50
18,1332,106,20
18,1221,221,20
18,1162,233,100
18,425,27,200
18,1287,467,100
18,966,757,200
18,1498,955,200
18,1317,721,50
18,415,528,100
18,1151,0,20
18,1034,440,20
18,450,54,50
18,525,588,20
18,17,26,100
18,1403,1378,200
18,317,1043,100
18,70,192,20
18,1224,580,100
18,1283,361,200
18,1209,77,100
18,59,1480,20
18,945,434,200
18,526,180,200
18,337,340,200
18,1202,749,20
18,912,1216,100
18,1208,508,50
18,947,761,50
18,21,415,100
18,1477,427,200
18,1301,1227,100
18,1340,577,50
18,834,934,20
18,183,1263,50
18,345,34,50
18,42,85,200
18,827,830,20
18,541,422,50
18,1113,992,100
18,1381,1288,200
18,1024,734,200
18,83,1331,200
18,929,1460,20
18,1137,1166,50
18,1247,1053,20
18,1053,1335,50
18,931,142,50
18,1464,1014,100
18,1099,173,100
18,418,860,100
18,256,574,50
18,1168,528,50
18,1369,821,200
18,733,287,20
18,66,22,50
18,1370,1211,200
18,964,887,200
18,1121,98,100
18,879,42,100
18,1360,326,200
18,1232,332,50
18,1128,1420,100
18,1080,616,200
18,1096,239,50
18,328,937,50
18,1108,39,20
18,1129,175,100
18,1223,923,20
18,955,316,50
18,735,927,50
18,289,720,20
18,459,1189,200
18,9,303,100
18,851,154,20
18,549,55,200
18,1263,937,20
19,313,762,20
19,1165,844,50
19,898,1042,20
19,1387,1073,200
19,1453,1213,20
19,679,1301,200
19,681,951,200
19,788,1067,100
19,407,261,200
19,1096,332,50
19,348,591,20
19,1385,633,200
19,211,1430,20
19,1149,218,50
19,435,369,50
19,374,392,200
19,1267,21,50
19,453,425,50
19,1422,1296,20
19,1439,824,20
19,38,249,200
19,1269,1404,50
19,116,8,200
19,767,564,100
19,838,1234,50
19,1169,909,20
19,1011,514,100
19,364,1393,100
19,1458,1008,50
19,711,122,200
19,100,423,200
19,1497,387,20
19,398,757,200
19,1075,320,50
19,1131,1188,50
19,977,592,200
19,433,5,200
19,1076,62,50
19,1215,599,50
19,294,829,20
19,57,680,100
19,1243,237,20
19,990,831,200
19,454,161,20
19,555,116,50
19,771,931,20
19,1080,496,100
19,203,707,50
19,1089,109,100
19,667,119,100
19,119,1219,50
19,267,561,100
19,1043,84,200
19,419,1342,20
19,1241,775,100
19,1344,1315,200
19,1070,1283,100
19,619,927,200
19,1320,54,20
19,133,525,100
19,879,41,100
19,590,1119,100
19,569,611,20
19,1062,729,20
19,698,875,50
19,715,246,100
19,339,299,20
19,1271,1296,200
19,12,506,200
19,271,816,50
19,1018,255,50
19,487,1369,20
19,626,165,200
19,1250,189,100
19,1134,1128,200
19,1407,901,100
19,451,810,200
19,120,1059,200
19,1428,382,20
19,625,1480,50
19,583,1459,50
19,115,336,100
19,600,454,200
19,1121,259,200
19,887,1182,50
19,1156,1239,20
19,817,822,20
19,297,757,50
19,1256,1205,50
19,1054,1182,200
19,1457,36,20
19,41,1193,200
19,921,517,20
19,799,790,200
19,1114,1288,200
19,708,1472,100
19,90,1187,20
19,1192,601,100
19,1166,830,100
19,283,895,50
19,571,201,100
19,908,1173,20
19,740,215,200
19,146,108,200
19,1488,1273,20
19,1336,1112,100
19,248,110,200
19,345,912,20
19,33,393,200
19,284,217,200
19,823,570,100
19,127,1276,20
19,72,1166,20
19,455,693,200
19,958,932,20
19,1034,1330,20
19,10,447,200
19,582,150,100
19,741,596,50
19,1337,91,50
19,632,110,20
19,425,521,20
19,68,1487,50
19,521,902,100
19,322,971,200
19,721,650,20
19,1323,1382,200
19,1067,100,50
19,428,1023,50
19,1148,938,50
19,357,1137,200
19,245,153,20
19,1086,1037,100
19,507,1215,200
19,1048,1105,100
19,162,364,50
19,329,632,100
19,1254,993,50
19,259,1436,50
19,1345,1333,200
19,1186,824,50
19,592,979,100
19,599,766,200
19,424,185,20
19,797,166,200
19,1334,304,50
19,145,915,50
19,431,618,20
19,1136,1106,100
19,883,1153,50
19,534,223,20
19,492,601,20
19,966,1461,50
19,1145,1124,50
19,695,466,20
19,960,182,20
19,299,495,20
19,67,125,100
19,748,109,50
19,612,16,20
19,29,1443,200
19,1455,659,20
19,654,178,100
19,617,169,20
19,195,1298,200
19,565,907,100
19,657,746,200
19,269,984,50
19,97,532,200
19,149,878,20
19,1159,89,100
19,478,1109,50
19,1037,338,20
19,217,1135,200
19,549,412,200
19,942,638,20
19,1044,1320,20
19,356,277,100
19,730,600,100
19,1155,194,20
19,515,716,200
20,439,612,50
20,1045,1453,50
20,248,313,20
20,861,462,20
20,1063,1158,50
20,1350,1247,20
20,886,1146,20
20,530,1077,200
20,947,966,20
20,983,131,100
20,1228,1282,50
20,597,516,100
20,1373,1224,50
20,1031,1098,20
20,293,853,100
20,870,1266,200
20,501,242,200
20,582,82,50
20,777,185,20
20,341,157,200
20,697,1149,20
20,988,491,200
20,398,1166,20
20,199,923,200
20,507,1152,100
20,447,405,100
20,136,1317,100
20,779,293,200
20,157,426,20
20,469,962,20
20,160,282,200
20,1177,484,100
20,948,1150,100
20,685,1382,20
20,111,1134,100
20,917,347,200
20,920,1335,20
20,1095,453,20
20,1212,876,100
20,1224,1277,20
20,940,711,20
20,344,541,100
20,1204,183,20
20,765,1382,20
20,559,1032,200
20,1156,581,200
20,7,1284,50
20,32,506,50
20,985,947,20
20,1410,768,50
20,1304,1478,20
20,969,1300,200
20,1149,1102,100
20,1110,1364,200
20,1029,177,100
20,309,1080,50
20,926,467,200
20,561,690,100
20,1354,1113,50
20,108,1020,50
20,936,1350,100
20,596,1104,20
20,24,1264,50
20,513,1303,50
20,1137,1066,100
20,1420,248,200
20,145,70,100
20,699,604,50
20,621,869,200
20,454,471,20
20,5,783,50
20,1167,1447,200
20,164,1077,50
20,129,1138,100
20,181,1385,20
20,712,570,50
20,968,782,100
20,753,795,20
20,15,1479,200
20,1295,82,100
20,53,755,50
20,771,133,20
20,463,737,100
20,1275,1315,200
20,978,1310,100
20,964,1014,200
20,598,928,20
20,428,121,100
20,1233,1073,100
20,1021,209,100
20,973,543,50
20,1211,765,50
20,824,572,200
20,276,120,50
20,677,1379,20
20,1266,1339,200
20,44,693,50
20,1440,1060,20
20,1134,1374,50
20,88,1450,50
20,424,222,200
20,79,522,20
20,1333,921,50
20,95,1190,100
20,273,963,200
20,574,453,50
20,1140,891,20
20,866,543,50
20,260,1403,20
20,1043,1445,50
20,458,1127,20
20,161,603,100
20,499,805,100
20,304,440,20
20,18,832,50
20,974,510,200
20,1409,494,200
20,938,760,200
20,587,1333,100
20,168,162,20
20,774,343,50
20,688,675,50
20,150,1297,100
20,465,864,200
20,879,165,200
20,251,708,50
20,849,421,200
20,715,788,50
20,1026,223,20
20,832,1293,100
20,1038,507,200
20,1231,1425,200
20,1421,331,50
20,1378,1200,200
20,961,1338,20
20,497,1438,200
20,1389,1325,20
20,769,845,20
20,1490,919,50
20,616,135,50
20,274,1413,50
20,254,593,20
20,1012,198,200
20,39,361,50
20,147,486,20
20,1155,1030,20
20,1334,1077,20
20,599,1377,50
20,312,702,50
20,479,521,20
20,1114,557,50
20,558,601,50
20,1109,1225,200
20,1276,999,20
20,1323,324,20
20,1351,530,100
20,130,79,100
20,1124,704,20
20,1248,143,50
20,1481,115,50
20,843,794,100
20,1066,429,200
20,859,592,50
20,495,1452,20
20,570,1488,100
20,92,1163,100
20,1037,1093,200
20,1101,251,100
20,1359,381,200
20,990,864,100
20,1165,573,50
20,243,233,100
20,734,1306,20
20,1255,578,100
20,693,1148,200
20,1321,959,20
20,1251,1309,50
20,883,649,50
20,1017,1231,100
20,229,958,200
