payment_id,invoice_id,payment_date,amount,method_id,reference_number
1,1,2023-12-02 00:00:00,21633.71,3,REF-7894045
2,3,2024-03-19 00:00:00,2625.26,4,REF-4212342
3,4,2023-04-10 00:00:00,1063.53,4,REF-3746100
4,5,2021-02-20 00:00:00,6610.29,3,REF-6575778
5,6,2021-07-13 00:00:00,5251.95,3,REF-7902165
6,7,2025-11-30 00:00:00,7456.7,1,REF-2487406
7,9,2022-10-17 00:00:00,14354.57,1,REF-3615355
8,10,2022-08-30 00:00:00,2858.28,4,REF-8617014
9,12,2022-09-19 00:00:00,1871.47,1,REF-8990892
10,14,2022-07-03 00:00:00,339.8,1,REF-8339235
11,15,2021-01-21 00:00:00,1605.84,4,REF-1630174
12,16,2024-07-23 00:00:00,9852.39,1,REF-8172392
13,18,2024-01-23 00:00:00,1057.38,1,REF-3867183
14,23,2024-10-08 00:00:00,3130.78,3,REF-8384422
15,25,2025-04-15 00:00:00,7237.43,3,REF-5956840
16,28,2024-12-24 00:00:00,3623.82,4,REF-8557479
17,30,2021-11-12 00:00:00,1395.2,3,REF-4268829
18,33,2023-10-14 00:00:00,11648.8,4,REF-9694950
19,36,2021-03-12 00:00:00,11458.2,3,REF-4313136
20,38,2022-09-23 00:00:00,3148.47,3,REF-5185079
21,41,2022-08-16 00:00:00,3742.12,3,REF-6371748
22,43,2025-02-19 00:00:00,920.34,4,REF-2979051
23,44,2023-01-28 00:00:00,2143.84,3,REF-4640820
24,45,2025-05-05 00:00:00,3652.74,1,REF-1545362
25,48,2023-03-22 00:00:00,15449.5,3,REF-7312067
26,53,2021-07-23 00:00:00,4578.18,3,REF-3062361
27,54,2025-02-02 00:00:00,20042.09,4,REF-1615773
28,55,2024-08-20 00:00:00,2922.91,2,REF-3422278
29,57,2023-06-08 00:00:00,5151.24,2,REF-4489785
30,60,2023-07-29 00:00:00,1271.27,2,REF-7345720
31,62,2025-09-18 00:00:00,5808.39,1,REF-2349572
32,65,2023-04-28 00:00:00,4998.27,3,REF-5194993
33,69,2022-03-25 00:00:00,7158.63,1,REF-6124947
34,70,2022-03-08 00:00:00,4445.07,1,REF-8489432
35,71,2024-07-22 00:00:00,5367.38,3,REF-7970979
36,72,2021-12-21 00:00:00,4171.66,4,REF-4874624
37,76,2025-07-07 00:00:00,7632.93,2,REF-4862309
38,82,2023-02-10 00:00:00,4052.54,1,REF-5840860
39,83,2023-06-04 00:00:00,101.97,3,REF-3840584
40,84,2022-05-24 00:00:00,5944.33,3,REF-8431521
41,85,2024-02-08 00:00:00,16047.32,2,REF-7105295
42,88,2024-10-05 00:00:00,3461.88,1,REF-8139024
43,96,2022-03-23 00:00:00,1774.49,2,REF-7939659
44,97,2023-08-25 00:00:00,12411.01,3,REF-6377262
45,98,2021-07-13 00:00:00,2412.2,4,REF-2606455
46,101,2024-11-08 00:00:00,3344.86,1,REF-8099468
47,103,2021-11-24 00:00:00,1616.3,3,REF-2200595
48,104,2024-11-05 00:00:00,201.87,2,REF-9851638
49,105,2022-12-29 00:00:00,4047.29,1,REF-1250794
50,108,2023-07-16 00:00:00,2466.39,3,REF-5561903
51,109,2021-02-06 00:00:00,305.64,3,REF-2307262
52,110,2021-07-01 00:00:00,4281.97,3,REF-6773027
53,112,2023-10-28 00:00:00,864.45,3,REF-4139975
54,113,2022-01-23 00:00:00,6824.39,3,REF-6452502
55,116,2023-01-01 00:00:00,9307.76,1,REF-7763548
56,117,2021-02-03 00:00:00,4889.56,1,REF-1989838
57,119,2021-09-22 00:00:00,400.24,4,REF-5986968
58,121,2025-07-14 00:00:00,2721.59,1,REF-1548441
59,124,2023-11-20 00:00:00,5803.86,2,REF-9601690
60,125,2022-01-14 00:00:00,7298.75,4,REF-5110396
61,135,2023-12-23 00:00:00,14670.45,3,REF-4949345
62,138,2023-07-27 00:00:00,3865.83,3,REF-5215060
63,139,2022-05-21 00:00:00,7953.82,4,REF-3316565
64,143,2022-10-27 00:00:00,1102.28,4,REF-4294137
65,144,2021-11-16 00:00:00,445.53,1,REF-7689516
66,146,2025-02-24 00:00:00,2852.57,4,REF-2893653
67,147,2022-11-17 00:00:00,5130.09,2,REF-5284488
68,148,2024-02-03 00:00:00,4840.19,4,REF-4556459
69,150,2024-06-21 00:00:00,402.65,2,REF-5389556
70,151,2022-06-15 00:00:00,10515.82,1,REF-7309921
71,152,2021-08-17 00:00:00,536.17,1,REF-1083407
72,153,2023-06-01 00:00:00,19176.86,2,REF-6768225
73,154,2023-12-23 00:00:00,5619.66,4,REF-6579162
74,159,2025-09-08 00:00:00,4523.29,4,REF-5327058
75,160,2022-04-15 00:00:00,14705.75,3,REF-9794191
76,165,2023-07-03 00:00:00,8463.09,4,REF-9297128
77,166,2024-02-21 00:00:00,4988.44,1,REF-5712794
78,167,2023-01-09 00:00:00,1570.74,2,REF-5518003
79,169,2025-05-28 00:00:00,5703.77,3,REF-3184010
80,170,2024-04-17 00:00:00,6108.43,4,REF-6894260
81,173,2024-12-03 00:00:00,5982.74,3,REF-2332852
82,176,2022-07-03 00:00:00,6745.79,1,REF-4221392
83,177,2023-06-05 00:00:00,5402.75,2,REF-9414750
84,178,2023-10-02 00:00:00,3514.19,3,REF-8301304
85,183,2025-12-12 00:00:00,6281.21,3,REF-3120255
86,185,2023-07-25 00:00:00,6924.62,4,REF-5508044
87,189,2024-09-14 00:00:00,3385.29,4,REF-9833742
88,190,2025-10-08 00:00:00,2811.76,4,REF-1267929
89,192,2023-04-19 00:00:00,20821.08,4,REF-4228733
90,193,2022-02-01 00:00:00,623.76,3,REF-1810666
91,194,2024-10-05 00:00:00,8655.36,1,REF-5240619
92,195,2024-10-25 00:00:00,4167.91,4,REF-8521397
93,197,2021-10-25 00:00:00,1103.82,1,REF-5496156
94,199,2024-02-11 00:00:00,400.5,2,REF-4353159
95,200,2025-11-28 00:00:00,2927.5,2,REF-2393689
96,204,2023-08-27 00:00:00,3742.03,1,REF-7562604
97,206,2022-11-18 00:00:00,315.22,4,REF-9901047
98,208,2023-12-05 00:00:00,2341.03,4,REF-8180911
99,212,2021-09-13 00:00:00,9055.85,1,REF-2720840
100,215,2023-05-22 00:00:00,2685.93,1,REF-7430948
101,220,2024-09-12 00:00:00,371.85,4,REF-2918411
102,221,2021-12-26 00:00:00,19116.04,2,REF-1932920
103,222,2025-09-26 00:00:00,4285.78,4,REF-7531761
104,224,2021-06-26 00:00:00,4661.31,1,REF-8601815
105,225,2021-06-28 00:00:00,1207.95,4,REF-4954797
106,228,2023-09-23 00:00:00,3839.14,2,REF-1268014
107,230,2021-07-05 00:00:00,4814.86,2,REF-6731060
108,231,2024-01-26 00:00:00,1638.62,1,REF-5979960
109,234,2023-02-05 00:00:00,2116.17,1,REF-8177459
110,235,2023-12-20 00:00:00,3493.54,3,REF-4218084
111,240,2025-08-04 00:00:00,263.8,3,REF-9013495
112,241,2024-06-27 00:00:00,6256.01,4,REF-9771493
113,243,2024-12-10 00:00:00,7293.63,3,REF-2720850
114,244,2023-01-30 00:00:00,3444.9,1,REF-5948909
115,245,2022-04-08 00:00:00,9708.5,3,REF-3745475
116,246,2025-03-01 00:00:00,13463.54,2,REF-8526223
117,249,2024-07-31 00:00:00,6075.1,3,REF-2699702
118,253,2023-12-06 00:00:00,6365.81,4,REF-8695692
119,254,2024-12-04 00:00:00,4800.57,3,REF-7799811
120,255,2023-05-17 00:00:00,2516.55,3,REF-4688174
121,256,2022-12-18 00:00:00,3408.65,1,REF-8270646
122,259,2023-07-05 00:00:00,1851.95,1,REF-9892983
123,260,2021-09-04 00:00:00,9418.66,2,REF-6130680
124,261,2023-09-16 00:00:00,8059.07,2,REF-5469566
125,264,2022-05-13 00:00:00,437.47,3,REF-7618611
126,267,2023-01-14 00:00:00,6227.38,4,REF-3087875
127,270,2024-04-20 00:00:00,3785.66,1,REF-6972035
128,275,2025-07-07 00:00:00,6759.7,1,REF-9539808
129,277,2024-09-18 00:00:00,3398.88,2,REF-2818341
130,278,2022-07-03 00:00:00,2392.62,3,REF-8048651
131,279,2025-01-28 00:00:00,2801.03,4,REF-8148505
132,280,2023-02-22 00:00:00,1240.27,3,REF-2364119
133,283,2021-11-01 00:00:00,1895.2,3,REF-4990362
134,288,2021-02-10 00:00:00,510.83,2,REF-6789166
135,289,2022-12-27 00:00:00,8136.26,2,REF-9707583
136,292,2021-07-25 00:00:00,1544.44,2,REF-4146657
137,293,2022-01-17 00:00:00,3348.18,3,REF-2307247
138,294,2025-09-02 00:00:00,1568.14,3,REF-2806461
139,295,2025-07-19 00:00:00,8484.44,1,REF-7974996
140,298,2024-03-23 00:00:00,5424.43,3,REF-2902319
141,299,2023-10-02 00:00:00,1272.02,1,REF-9187003
142,302,2021-12-03 00:00:00,1575.22,1,REF-4643460
143,307,2021-09-25 00:00:00,18749.52,3,REF-7886146
144,308,2021-03-08 00:00:00,11612.76,1,REF-5637636
145,310,2024-12-25 00:00:00,7649.18,1,REF-6090597
146,311,2023-08-06 00:00:00,2757.18,3,REF-4825523
147,312,2023-03-19 00:00:00,1227.2,2,REF-7336614
148,316,2021-05-19 00:00:00,245.41,1,REF-6095939
149,318,2024-11-26 00:00:00,11493.24,4,REF-4452387
150,319,2024-11-04 00:00:00,2948.32,1,REF-9206877
151,323,2023-11-28 00:00:00,6497.55,2,REF-2174265
152,324,2025-01-22 00:00:00,14464.47,3,REF-5903790
153,326,2022-03-22 00:00:00,900.47,3,REF-7934776
154,327,2021-02-04 00:00:00,4733.32,3,REF-2297165
155,330,2024-11-28 00:00:00,1678.4,4,REF-2559133
156,332,2022-07-02 00:00:00,11089.21,3,REF-1519888
157,333,2023-09-17 00:00:00,14389.53,4,REF-4189980
158,337,2022-01-08 00:00:00,1908.38,2,REF-9646380
159,338,2025-05-25 00:00:00,5287.09,3,REF-1452250
160,339,2022-05-16 00:00:00,627.24,4,REF-8100274
161,344,2024-01-23 00:00:00,3725.35,3,REF-9051059
162,346,2024-03-23 00:00:00,1555.44,4,REF-7164520
163,347,2025-09-23 00:00:00,2875.59,3,REF-3575834
164,350,2022-06-18 00:00:00,2290.46,3,REF-2972840
165,354,2023-12-21 00:00:00,9836.89,1,REF-8350952
166,355,2025-11-29 00:00:00,2914.74,4,REF-1572907
167,357,2023-06-07 00:00:00,5279.09,1,REF-8378243
168,358,2022-07-09 00:00:00,1292.84,1,REF-8208382
169,359,2021-07-16 00:00:00,9810.2,1,REF-5034798
170,362,2022-04-04 00:00:00,4831.18,4,REF-3080958
171,363,2023-04-17 00:00:00,2293.82,3,REF-4037729
172,364,2022-02-17 00:00:00,18865.41,2,REF-5358349
173,366,2023-01-19 00:00:00,11727.77,4,REF-9781025
174,368,2021-10-23 00:00:00,1802.79,3,REF-4556069
175,370,2024-09-10 00:00:00,7883.09,1,REF-6857896
176,372,2021-03-13 00:00:00,16362.3,1,REF-6331597
177,375,2025-04-21 00:00:00,7175.47,2,REF-3008840
178,376,2023-06-29 00:00:00,943.61,4,REF-9781661
179,378,2023-03-31 00:00:00,6165.9,1,REF-8012959
180,379,2024-01-17 00:00:00,1430.06,1,REF-7086146
181,382,2025-01-01 00:00:00,4479.97,1,REF-2118997
182,384,2025-07-16 00:00:00,315.95,3,REF-4096403
183,386,2023-08-10 00:00:00,6125.48,1,REF-7820697
184,389,2023-01-23 00:00:00,11733.35,2,REF-6779670
185,392,2025-06-13 00:00:00,11039.82,1,REF-3762072
186,396,2022-08-03 00:00:00,726.38,2,REF-5568695
187,402,2025-08-13 00:00:00,9522.58,1,REF-6507354
188,405,2025-03-02 00:00:00,12954.52,4,REF-9973383
189,406,2025-03-30 00:00:00,2575.77,1,REF-5470375
190,408,2022-05-08 00:00:00,2011.24,1,REF-3854998
191,410,2024-11-16 00:00:00,7044.92,4,REF-1801106
192,411,2022-06-24 00:00:00,5107.4,4,REF-2585726
193,413,2023-05-24 00:00:00,7655.06,2,REF-3821675
194,414,2023-07-19 00:00:00,3166.78,2,REF-8743063
195,415,2025-05-12 00:00:00,6558.73,1,REF-7112247
196,416,2024-10-07 00:00:00,158.73,4,REF-5100561
197,417,2022-09-21 00:00:00,10328.98,3,REF-9452580
198,419,2025-06-19 00:00:00,8004.98,1,REF-8642844
199,420,2023-10-17 00:00:00,582.45,3,REF-8343400
200,423,2023-08-28 00:00:00,1734.78,2,REF-3077141
201,424,2022-08-05 00:00:00,2413.77,1,REF-5858017
202,425,2024-10-08 00:00:00,1170.48,1,REF-2719499
203,426,2025-05-24 00:00:00,2247.24,3,REF-5190467
204,429,2022-10-29 00:00:00,11749.21,2,REF-8262314
205,430,2021-02-22 00:00:00,401.61,3,REF-4905386
206,432,2022-09-19 00:00:00,2040.16,4,REF-5276249
207,434,2023-02-26 00:00:00,15975.8,4,REF-2436850
208,436,2024-06-02 00:00:00,1578.19,2,REF-7060934
209,438,2024-10-17 00:00:00,3577.77,3,REF-4446558
210,440,2022-11-13 00:00:00,11229.97,3,REF-6575154
211,441,2023-10-13 00:00:00,1588.65,1,REF-4137959
212,442,2021-03-07 00:00:00,4675.19,3,REF-4636516
213,444,2025-05-15 00:00:00,1324.14,4,REF-8680649
214,445,2024-02-03 00:00:00,7659.74,3,REF-4036534
215,450,2021-06-05 00:00:00,14967.99,1,REF-6863357
216,451,2025-08-10 00:00:00,1622.7,1,REF-1408326
217,455,2024-10-08 00:00:00,6123.52,2,REF-7447314
218,457,2022-07-03 00:00:00,4848.28,1,REF-4229989
219,458,2022-12-08 00:00:00,7935.19,1,REF-7992439
220,463,2023-06-10 00:00:00,2307.57,3,REF-7783105
221,464,2023-01-25 00:00:00,11261.91,3,REF-1449262
222,466,2021-04-09 00:00:00,10624.42,3,REF-3130976
223,467,2022-09-26 00:00:00,4844.69,4,REF-9940456
224,472,2021-09-10 00:00:00,10801.32,4,REF-7857045
225,473,2024-08-24 00:00:00,8502.62,3,REF-5393700
226,475,2024-06-24 00:00:00,6687.66,1,REF-1261094
227,479,2021-05-30 00:00:00,2536.1,4,REF-6382640
228,480,2025-11-20 00:00:00,2189.32,2,REF-4931673
229,483,2022-05-21 00:00:00,22569.9,1,REF-5836547
230,485,2025-08-29 00:00:00,7322.38,4,REF-3815270
231,487,2021-03-28 00:00:00,7046.72,1,REF-6666196
232,489,2025-05-07 00:00:00,5877.14,4,REF-7287092
233,490,2021-09-19 00:00:00,6573.82,4,REF-8948549
234,492,2021-02-28 00:00:00,2402.81,4,REF-6361832
235,493,2022-04-18 00:00:00,2340.01,3,REF-9516159
236,495,2021-10-02 00:00:00,5391.45,3,REF-4013624
237,497,2024-09-06 00:00:00,2780.88,2,REF-6823638
238,502,2024-06-08 00:00:00,5540.28,3,REF-4161847
239,504,2021-01-24 00:00:00,17024.22,2,REF-6780153
240,506,2024-03-31 00:00:00,6830.48,2,REF-7547362
241,513,2023-12-29 00:00:00,6978.61,4,REF-7870701
242,514,2021-02-22 00:00:00,3832.23,1,REF-1838929
243,518,2024-03-31 00:00:00,2134.77,3,REF-8575973
244,519,2024-03-24 00:00:00,4817.58,4,REF-3772540
245,523,2025-11-15 00:00:00,4513.38,3,REF-6587040
246,524,2025-09-13 00:00:00,9703.07,3,REF-4560023
247,526,2023-04-03 00:00:00,3863.51,4,REF-5915350
248,527,2024-07-09 00:00:00,4567.64,1,REF-3947610
249,528,2022-11-30 00:00:00,4131.68,2,REF-2415103
250,529,2022-05-18 00:00:00,1370.87,3,REF-5754072
251,530,2024-10-25 00:00:00,2407.39,4,REF-9446127
252,531,2024-07-10 00:00:00,5265.75,1,REF-3135449
253,532,2024-02-08 00:00:00,6894.93,3,REF-1583681
254,535,2025-05-17 00:00:00,869.73,4,REF-5467301
255,536,2021-01-31 00:00:00,12568.28,4,REF-9741926
256,537,2024-03-13 00:00:00,7567.48,4,REF-5819769
257,538,2024-09-10 00:00:00,3311.41,1,REF-1235050
258,539,2023-05-27 00:00:00,3983.45,4,REF-3456026
259,540,2022-04-12 00:00:00,3079.51,1,REF-7482680
260,541,2025-02-13 00:00:00,6105.22,2,REF-1609675
261,543,2025-10-05 00:00:00,9393.73,2,REF-2698890
262,544,2023-01-26 00:00:00,9348.49,1,REF-9143059
263,546,2025-09-19 00:00:00,4098.76,4,REF-2064100
264,550,2025-05-31 00:00:00,6043.92,2,REF-5054840
265,551,2023-01-12 00:00:00,336.07,2,REF-7512077
266,552,2022-04-22 00:00:00,4171.74,2,REF-1110795
267,553,2023-11-24 00:00:00,8121.41,2,REF-7251315
268,557,2022-10-28 00:00:00,8331.25,2,REF-5498052
269,558,2024-08-18 00:00:00,6213.65,2,REF-7065633
270,559,2023-11-28 00:00:00,1185.04,4,REF-7454920
271,560,2025-11-24 00:00:00,10202.53,1,REF-3760789
272,563,2024-05-28 00:00:00,7800.48,4,REF-1343688
273,564,2023-04-20 00:00:00,749.61,4,REF-4374567
274,567,2022-07-18 00:00:00,19733.74,1,REF-8741664
275,568,2024-06-03 00:00:00,410.92,1,REF-8381225
276,569,2022-09-20 00:00:00,4599.24,1,REF-1721538
277,570,2023-03-21 00:00:00,4279.97,1,REF-8501157
278,571,2024-04-05 00:00:00,4696.22,3,REF-8752607
279,573,2024-05-30 00:00:00,6228.89,2,REF-1659630
280,576,2022-07-11 00:00:00,14891.09,4,REF-4942843
281,577,2025-02-07 00:00:00,363.34,3,REF-8391751
282,579,2021-09-15 00:00:00,7348.04,1,REF-6729580
283,581,2023-03-27 00:00:00,6934.34,1,REF-9465779
284,585,2022-10-28 00:00:00,9177.8,3,REF-4981763
285,586,2024-12-30 00:00:00,5775.72,4,REF-3848458
286,587,2022-09-15 00:00:00,10834.67,2,REF-4599456
287,590,2021-11-02 00:00:00,2236.67,3,REF-7440399
288,591,2021-07-25 00:00:00,4296.3,4,REF-9486942
289,594,2024-04-10 00:00:00,1552.92,1,REF-2648449
290,596,2024-01-10 00:00:00,9827.41,2,REF-2153092
291,597,2023-01-02 00:00:00,22444.53,2,REF-4457452
292,598,2025-05-20 00:00:00,2311.46,3,REF-9615822
293,602,2021-07-07 00:00:00,7434.42,2,REF-2573379
294,606,2024-08-11 00:00:00,4280.72,3,REF-1441078
295,608,2023-11-18 00:00:00,6661.26,1,REF-4463887
296,610,2021-12-27 00:00:00,7765.27,2,REF-1680941
297,613,2022-11-01 00:00:00,8747.07,1,REF-7157213
298,614,2023-10-15 00:00:00,21010.16,4,REF-9863285
299,615,2025-06-08 00:00:00,6699.8,3,REF-5747576
300,616,2024-05-10 00:00:00,1338.78,2,REF-9298482
301,617,2022-09-15 00:00:00,7230.43,3,REF-1326843
302,618,2022-03-19 00:00:00,2844.3,4,REF-6407519
303,619,2023-10-14 00:00:00,4250.78,1,REF-6472394
304,621,2021-09-22 00:00:00,1803.79,4,REF-6330671
305,623,2021-08-28 00:00:00,12691.95,3,REF-9258151
306,624,2025-01-28 00:00:00,5066.0,4,REF-2676000
307,628,2022-12-22 00:00:00,1691.04,2,REF-1683341
308,630,2022-08-14 00:00:00,5966.81,1,REF-8102828
309,638,2022-11-22 00:00:00,3370.46,3,REF-5606347
310,640,2025-10-30 00:00:00,6371.01,3,REF-2537186
311,643,2025-10-07 00:00:00,7251.52,4,REF-9353794
312,647,2022-11-10 00:00:00,7537.96,2,REF-8786561
313,649,2025-12-31 00:00:00,2907.17,3,REF-1616983
314,651,2021-05-16 00:00:00,143.31,1,REF-8644096
315,652,2025-04-06 00:00:00,5668.03,2,REF-5350117
316,653,2021-04-24 00:00:00,2138.91,2,REF-2718294
317,654,2025-07-24 00:00:00,4605.12,4,REF-1763750
318,655,2024-08-16 00:00:00,3791.58,1,REF-3380384
319,661,2025-03-14 00:00:00,3025.21,1,REF-6842377
320,662,2022-07-24 00:00:00,8051.32,2,REF-1464509
321,663,2021-07-19 00:00:00,7890.83,4,REF-1173590
322,665,2025-03-25 00:00:00,3517.67,3,REF-1916597
323,668,2023-09-16 00:00:00,5493.69,3,REF-9183637
324,669,2022-06-04 00:00:00,6424.43,4,REF-6335581
325,671,2021-03-08 00:00:00,3873.31,4,REF-8361828
326,673,2023-10-26 00:00:00,10601.56,4,REF-3627154
327,674,2024-10-25 00:00:00,15785.64,1,REF-3924155
328,675,2023-02-09 00:00:00,6724.18,4,REF-2835059
329,676,2023-08-22 00:00:00,5783.11,4,REF-2841179
330,678,2023-10-30 00:00:00,10619.21,1,REF-3125040
331,680,2025-02-12 00:00:00,5133.69,1,REF-9997806
332,683,2024-07-19 00:00:00,10048.5,1,REF-1307165
333,686,2021-07-19 00:00:00,12243.18,2,REF-6453593
334,687,2024-09-20 00:00:00,12544.49,1,REF-6582201
335,688,2023-06-23 00:00:00,7603.16,2,REF-9008043
336,689,2024-06-16 00:00:00,2491.15,4,REF-1485820
337,691,2024-12-04 00:00:00,5804.81,2,REF-4411712
338,693,2024-11-19 00:00:00,465.83,2,REF-4532555
339,696,2025-03-27 00:00:00,5295.1,4,REF-8749601
340,706,2023-05-07 00:00:00,4571.69,2,REF-6032071
341,708,2022-02-20 00:00:00,5409.23,1,REF-1692802
342,711,2025-05-02 00:00:00,23457.75,1,REF-8424648
343,715,2021-01-15 00:00:00,1796.96,4,REF-8378252
344,716,2025-11-07 00:00:00,3755.05,4,REF-4674820
345,717,2025-06-18 00:00:00,502.98,1,REF-7303346
346,719,2023-12-29 00:00:00,3122.2,3,REF-7005877
347,722,2022-07-31 00:00:00,5337.35,3,REF-5233425
348,723,2024-09-07 00:00:00,354.09,3,REF-8369412
349,725,2025-12-24 00:00:00,4564.49,3,REF-3764268
350,726,2022-07-18 00:00:00,5696.5,1,REF-8939284
351,727,2022-01-30 00:00:00,8659.77,2,REF-8753256
352,728,2021-11-12 00:00:00,6407.54,4,REF-6066035
353,730,2021-01-29 00:00:00,4926.28,4,REF-8473751
354,733,2023-10-05 00:00:00,16388.29,2,REF-7057477
355,734,2023-06-08 00:00:00,355.11,4,REF-6358657
356,743,2024-09-23 00:00:00,9293.17,3,REF-9934023
357,746,2025-08-23 00:00:00,2980.15,1,REF-1872785
358,749,2024-05-23 00:00:00,7602.12,2,REF-8782845
359,750,2023-01-11 00:00:00,2171.74,4,REF-8996335
360,751,2022-09-03 00:00:00,5811.48,3,REF-3252233
361,752,2025-12-07 00:00:00,2044.86,1,REF-6766423
362,753,2025-01-15 00:00:00,5079.41,1,REF-8784907
363,754,2024-06-26 00:00:00,3281.09,2,REF-3130446
364,758,2021-03-08 00:00:00,9154.35,2,REF-1460802
365,759,2023-03-09 00:00:00,968.62,4,REF-2509683
366,760,2024-09-12 00:00:00,8512.32,1,REF-7297806
367,761,2024-04-30 00:00:00,6452.51,3,REF-9675659
368,762,2021-12-15 00:00:00,4137.52,3,REF-7973734
369,764,2021-03-04 00:00:00,1697.67,2,REF-8777077
370,765,2025-03-23 00:00:00,12704.4,1,REF-7316429
371,767,2022-06-16 00:00:00,4473.91,4,REF-6709960
372,770,2024-03-30 00:00:00,9814.69,3,REF-7956759
373,772,2022-02-27 00:00:00,3104.41,1,REF-5698835
374,774,2021-01-08 00:00:00,12587.01,2,REF-7622839
375,779,2023-06-02 00:00:00,4521.35,2,REF-8504764
376,782,2023-12-24 00:00:00,4117.61,1,REF-1641732
377,783,2021-10-07 00:00:00,2281.99,1,REF-3395263
378,784,2025-01-08 00:00:00,1600.26,2,REF-9614953
379,785,2022-12-18 00:00:00,5743.06,1,REF-1254467
380,786,2026-01-10 00:00:00,18200.34,2,REF-8393449
381,787,2023-09-23 00:00:00,18939.24,1,REF-4968370
382,789,2022-12-05 00:00:00,1812.48,3,REF-5527652
383,790,2023-11-13 00:00:00,390.58,1,REF-9989450
384,791,2023-10-01 00:00:00,7638.6,1,REF-8899051
385,792,2024-03-02 00:00:00,1506.66,3,REF-3730100
386,794,2023-05-05 00:00:00,12406.46,3,REF-5811718
387,795,2021-12-07 00:00:00,1491.2,3,REF-7411746
388,797,2021-02-21 00:00:00,2740.56,2,REF-8107926
389,798,2023-01-04 00:00:00,4623.35,3,REF-4703469
390,799,2025-11-05 00:00:00,15867.91,4,REF-7275677
391,805,2021-08-24 00:00:00,10092.62,2,REF-4056628
392,806,2024-10-19 00:00:00,8843.18,1,REF-4231225
393,808,2021-05-29 00:00:00,3263.68,3,REF-7476296
394,813,2024-09-13 00:00:00,1628.37,4,REF-9137777
395,816,2024-11-23 00:00:00,2750.22,1,REF-7761099
396,821,2022-08-22 00:00:00,4818.36,2,REF-6904836
397,822,2021-04-12 00:00:00,4045.08,3,REF-8890336
398,823,2023-06-17 00:00:00,228.36,3,REF-1627393
399,824,2022-01-30 00:00:00,330.97,2,REF-3271335
400,825,2024-08-21 00:00:00,1101.04,3,REF-6921087
401,826,2024-07-23 00:00:00,3538.16,4,REF-9873314
402,829,2021-09-22 00:00:00,5736.85,3,REF-9148126
403,830,2022-03-14 00:00:00,6344.86,3,REF-9947502
404,831,2024-02-08 00:00:00,5337.5,3,REF-7141461
405,834,2023-12-15 00:00:00,13028.15,2,REF-6424743
406,835,2021-12-05 00:00:00,737.18,1,REF-9635088
407,837,2021-05-21 00:00:00,8104.17,4,REF-9037046
408,838,2026-01-10 00:00:00,520.78,4,REF-7546359
409,839,2021-04-06 00:00:00,5965.22,1,REF-4051360
410,844,2025-09-08 00:00:00,1776.94,1,REF-5960115
411,846,2022-09-08 00:00:00,11427.57,3,REF-4736941
412,850,2023-04-09 00:00:00,4128.16,2,REF-5488160
413,851,2023-04-10 00:00:00,3060.94,3,REF-8919594
414,852,2022-08-09 00:00:00,937.22,3,REF-2143731
415,855,2024-03-07 00:00:00,10642.55,4,REF-9510138
416,858,2023-08-28 00:00:00,5547.5,2,REF-9337235
417,860,2025-08-31 00:00:00,1771.18,2,REF-9953475
418,861,2022-12-19 00:00:00,12197.83,3,REF-8647720
419,862,2022-12-01 00:00:00,3978.5,3,REF-9177200
420,864,2024-02-14 00:00:00,1772.59,1,REF-8227089
421,865,2023-10-26 00:00:00,21614.26,1,REF-7927327
422,868,2022-06-03 00:00:00,826.07,1,REF-3036641
423,870,2025-10-14 00:00:00,11217.17,2,REF-6312144
424,871,2021-06-08 00:00:00,394.75,4,REF-5883750
425,875,2021-05-25 00:00:00,1747.33,2,REF-8258877
426,876,2024-02-23 00:00:00,7526.97,2,REF-3261445
427,877,2024-01-06 00:00:00,514.76,4,REF-8544921
428,879,2025-01-28 00:00:00,2475.22,2,REF-7895626
429,881,2025-03-31 00:00:00,2075.16,2,REF-7220203
430,882,2025-01-11 00:00:00,17537.91,4,REF-7521139
431,883,2022-02-12 00:00:00,693.38,4,REF-5151738
432,885,2024-07-12 00:00:00,4309.89,4,REF-1677752
433,886,2024-02-06 00:00:00,7152.63,1,REF-2309322
434,888,2024-02-27 00:00:00,8333.66,2,REF-5451999
435,890,2024-08-05 00:00:00,149.57,1,REF-2745709
436,891,2023-05-25 00:00:00,3644.88,1,REF-6733926
437,894,2025-01-06 00:00:00,3120.43,3,REF-6919347
438,895,2025-06-08 00:00:00,399.58,1,REF-7756249
439,897,2025-08-19 00:00:00,1320.49,3,REF-4373262
440,900,2021-05-12 00:00:00,7373.3,1,REF-7671838
441,903,2021-10-15 00:00:00,3184.63,1,REF-4091968
442,904,2021-11-11 00:00:00,61.48,3,REF-4649202
443,908,2022-10-10 00:00:00,9178.97,3,REF-2129622
444,909,2024-01-19 00:00:00,9445.16,4,REF-7203080
445,911,2025-01-07 00:00:00,13888.55,2,REF-2439016
446,913,2025-10-30 00:00:00,12585.0,4,REF-1663233
447,914,2025-09-03 00:00:00,16512.04,4,REF-8759643
448,916,2024-12-15 00:00:00,5826.32,1,REF-4486196
449,918,2021-08-04 00:00:00,5010.48,4,REF-2130312
450,921,2022-07-12 00:00:00,1904.05,2,REF-3800872
451,922,2021-11-01 00:00:00,3528.1,1,REF-7392683
452,923,2025-02-22 00:00:00,687.1,4,REF-3594280
453,925,2023-07-17 00:00:00,9991.63,2,REF-1960876
454,926,2022-12-28 00:00:00,7906.55,2,REF-8956077
455,927,2024-08-07 00:00:00,8235.3,2,REF-3026547
456,928,2023-08-12 00:00:00,4800.19,4,REF-1010327
457,929,2025-09-05 00:00:00,8666.42,2,REF-9720531
458,932,2024-12-07 00:00:00,487.74,2,REF-2132929
459,934,2022-11-05 00:00:00,7310.38,4,REF-3569417
460,936,2023-11-05 00:00:00,3937.33,1,REF-1485751
461,938,2025-10-07 00:00:00,14396.72,1,REF-9574694
462,939,2023-01-17 00:00:00,3988.16,2,REF-6653039
463,941,2025-08-13 00:00:00,6634.61,1,REF-7893924
464,944,2021-01-16 00:00:00,10316.02,2,REF-8880285
465,949,2021-07-29 00:00:00,5431.12,1,REF-1983258
466,950,2022-03-17 00:00:00,5083.7,2,REF-1673131
467,954,2025-07-18 00:00:00,6831.98,3,REF-7914556
468,956,2023-03-05 00:00:00,6421.48,1,REF-7119033
469,960,2022-09-23 00:00:00,7655.73,2,REF-7800599
470,963,2022-12-09 00:00:00,15255.77,2,REF-2649066
471,964,2021-10-16 00:00:00,1572.98,2,REF-8435476
472,965,2023-09-30 00:00:00,4661.19,1,REF-6218267
473,967,2022-09-02 00:00:00,2620.07,1,REF-4231096
474,970,2025-09-04 00:00:00,1703.2,1,REF-5041493
475,971,2025-06-01 00:00:00,1983.15,2,REF-5067175
476,972,2023-08-25 00:00:00,4164.12,4,REF-5282325
477,973,2023-04-13 00:00:00,8028.48,1,REF-8450851
478,976,2024-06-09 00:00:00,9376.12,2,REF-5686369
479,977,2023-08-20 00:00:00,5583.03,4,REF-6642353
480,978,2023-11-20 00:00:00,15471.3,1,REF-1844518
481,981,2022-02-17 00:00:00,7973.74,1,REF-1709303
482,985,2023-04-21 00:00:00,6790.4,3,REF-7469733
483,986,2021-10-24 00:00:00,6282.75,4,REF-9491823
484,989,2022-08-02 00:00:00,3269.29,1,REF-2605257
485,990,2025-09-06 00:00:00,2398.4,2,REF-8807635
486,997,2022-10-25 00:00:00,10140.89,1,REF-8927046
487,998,2022-12-14 00:00:00,18480.15,1,REF-4922785
488,999,2023-09-23 00:00:00,5322.1,2,REF-2913042
489,1002,2023-09-17 00:00:00,10651.16,1,REF-2144699
490,1003,2024-03-10 00:00:00,1406.22,3,REF-4563067
491,1005,2023-09-01 00:00:00,3442.01,4,REF-4904110
492,1006,2022-10-03 00:00:00,4834.56,2,REF-2294360
493,1007,2021-01-27 00:00:00,4411.95,3,REF-7579981
494,1008,2024-08-24 00:00:00,11244.52,1,REF-5029426
495,1013,2023-08-13 00:00:00,19610.33,2,REF-6095965
496,1014,2024-01-27 00:00:00,3683.08,3,REF-5347990
497,1016,2025-01-24 00:00:00,6994.62,3,REF-8709816
498,1018,2025-06-23 00:00:00,4454.71,3,REF-5682225
499,1021,2022-07-19 00:00:00,12749.37,2,REF-6232275
500,1022,2025-06-07 00:00:00,17418.72,2,REF-1166969
501,1023,2025-01-08 00:00:00,778.33,1,REF-6011934
502,1024,2025-08-02 00:00:00,2583.44,3,REF-6115782
503,1025,2023-07-18 00:00:00,5974.6,4,REF-4075167
504,1033,2025-10-05 00:00:00,7648.7,4,REF-1744905
505,1036,2022-08-19 00:00:00,10082.38,3,REF-2482646
506,1037,2022-05-27 00:00:00,847.25,1,REF-9360892
507,1039,2023-11-09 00:00:00,4484.56,4,REF-7645523
508,1041,2022-07-06 00:00:00,703.62,3,REF-3959754
509,1042,2024-05-07 00:00:00,9605.55,1,REF-6697091
510,1044,2022-08-23 00:00:00,2947.16,1,REF-6317995
511,1046,2021-05-09 00:00:00,9481.4,1,REF-3573027
512,1047,2025-01-11 00:00:00,6516.05,4,REF-2017018
513,1049,2022-07-29 00:00:00,8597.91,1,REF-1522380
514,1053,2021-06-24 00:00:00,7256.75,1,REF-9775072
515,1055,2023-09-26 00:00:00,8139.1,1,REF-6786371
516,1056,2021-09-20 00:00:00,3785.81,1,REF-2315043
517,1058,2024-09-14 00:00:00,5439.36,1,REF-9111453
518,1060,2021-09-06 00:00:00,1543.64,3,REF-5298236
519,1062,2025-10-31 00:00:00,11642.83,1,REF-5444131
520,1064,2021-03-29 00:00:00,7281.23,3,REF-2795520
521,1071,2025-05-04 00:00:00,5757.14,1,REF-5181107
522,1074,2024-07-19 00:00:00,2660.28,4,REF-6665302
523,1076,2025-08-29 00:00:00,5907.57,4,REF-7372062
524,1077,2024-03-03 00:00:00,2985.72,2,REF-3937806
525,1081,2022-03-29 00:00:00,5260.57,1,REF-8920083
526,1082,2025-05-26 00:00:00,2859.62,2,REF-7212631
527,1086,2024-10-20 00:00:00,3485.19,1,REF-3541955
528,1087,2023-01-02 00:00:00,4492.8,2,REF-1220350
529,1088,2022-02-18 00:00:00,8236.1,3,REF-8026761
530,1091,2024-04-15 00:00:00,8820.23,3,REF-9169120
531,1094,2024-09-22 00:00:00,2818.15,3,REF-7613794
532,1097,2021-10-13 00:00:00,632.11,4,REF-5831003
533,1100,2022-12-16 00:00:00,3444.38,2,REF-9986017
534,1102,2022-03-01 00:00:00,5347.04,3,REF-4780212
535,1103,2024-06-24 00:00:00,2994.14,1,REF-9777123
536,1104,2024-09-19 00:00:00,4218.05,3,REF-5477203
537,1107,2025-01-29 00:00:00,1518.54,4,REF-7304515
538,1108,2023-02-23 00:00:00,4098.93,1,REF-7016057
539,1112,2022-03-20 00:00:00,4924.5,1,REF-7456979
540,1113,2025-06-21 00:00:00,15290.29,3,REF-6500913
541,1116,2024-11-24 00:00:00,6470.49,4,REF-4650470
542,1120,2023-07-22 00:00:00,941.43,4,REF-7795453
543,1122,2024-03-29 00:00:00,2222.16,1,REF-6471799
544,1123,2021-11-20 00:00:00,12138.75,3,REF-6145020
545,1125,2024-09-10 00:00:00,3303.06,2,REF-8154924
546,1126,2025-09-19 00:00:00,5040.36,3,REF-8417926
547,1127,2022-08-21 00:00:00,9657.59,2,REF-6322642
548,1128,2023-05-10 00:00:00,9311.46,3,REF-3564172
549,1131,2025-09-27 00:00:00,6226.87,3,REF-5992266
550,1132,2024-06-11 00:00:00,10191.68,1,REF-5896307
551,1133,2025-08-03 00:00:00,6925.18,3,REF-4827151
552,1136,2023-06-15 00:00:00,203.48,3,REF-8589971
553,1140,2022-02-12 00:00:00,4773.59,4,REF-6445237
554,1141,2024-03-25 00:00:00,4274.73,4,REF-5039430
555,1142,2025-12-24 00:00:00,3098.8,2,REF-5322248
556,1145,2025-07-20 00:00:00,15567.96,1,REF-6381061
557,1146,2025-06-02 00:00:00,1281.98,4,REF-3468281
558,1149,2023-06-07 00:00:00,5109.12,1,REF-7871882
559,1150,2025-09-14 00:00:00,14785.15,3,REF-7879866
560,1154,2025-09-14 00:00:00,1717.18,2,REF-9415163
561,1155,2021-10-03 00:00:00,12737.92,4,REF-3676326
562,1160,2025-06-05 00:00:00,4514.51,2,REF-4902228
563,1162,2025-02-16 00:00:00,15889.72,3,REF-1191663
564,1166,2024-07-15 00:00:00,8366.88,4,REF-3710417
565,1170,2025-10-26 00:00:00,2354.69,2,REF-8359049
566,1171,2022-09-01 00:00:00,2324.11,4,REF-7453885
567,1172,2023-11-02 00:00:00,6751.88,2,REF-7156994
568,1173,2022-04-07 00:00:00,10030.37,2,REF-7984676
569,1177,2022-12-13 00:00:00,20403.34,1,REF-3771904
570,1179,2022-12-19 00:00:00,5065.86,3,REF-2651118
571,1181,2023-05-31 00:00:00,5115.09,1,REF-9600396
572,1183,2024-05-05 00:00:00,3202.06,4,REF-2227961
573,1184,2022-01-31 00:00:00,14965.05,1,REF-9031490
574,1186,2022-02-01 00:00:00,384.5,1,REF-4181520
575,1189,2025-11-14 00:00:00,4940.14,3,REF-2250428
576,1193,2023-11-07 00:00:00,11289.22,2,REF-1276467
577,1201,2023-01-25 00:00:00,285.91,1,REF-8162639
578,1202,2025-09-06 00:00:00,4292.1,1,REF-6123018
579,1206,2025-01-28 00:00:00,2835.0,3,REF-2384287
580,1207,2023-10-11 00:00:00,6243.92,2,REF-1656983
581,1210,2022-12-08 00:00:00,9255.62,4,REF-5914577
582,1211,2025-05-25 00:00:00,6722.44,3,REF-6928901
583,1212,2023-03-20 00:00:00,4776.23,3,REF-8643431
584,1220,2024-08-07 00:00:00,11018.67,1,REF-5843908
585,1221,2025-06-19 00:00:00,17791.54,3,REF-8053364
586,1224,2025-02-21 00:00:00,9179.5,4,REF-7015635
587,1226,2023-03-20 00:00:00,11592.05,2,REF-2732266
588,1228,2025-07-13 00:00:00,2630.62,3,REF-8186748
589,1229,2023-03-24 00:00:00,3527.13,1,REF-3510363
590,1230,2023-04-26 00:00:00,11964.99,3,REF-6986707
591,1237,2023-03-08 00:00:00,11438.29,2,REF-1979367
592,1238,2025-02-27 00:00:00,2026.69,1,REF-5721516
593,1239,2025-03-26 00:00:00,6417.53,1,REF-5004189
594,1241,2024-05-12 00:00:00,811.61,4,REF-9901076
595,1243,2021-02-21 00:00:00,159.54,4,REF-3093890
596,1245,2021-05-08 00:00:00,3477.7,4,REF-9605622
597,1247,2023-07-05 00:00:00,6145.16,1,REF-7831961
598,1249,2022-10-21 00:00:00,6700.88,1,REF-5399213
599,1251,2021-04-04 00:00:00,4161.13,4,REF-3944624
600,1252,2021-12-09 00:00:00,2803.09,3,REF-7095781
601,1255,2022-03-01 00:00:00,2328.84,3,REF-8452753
602,1257,2023-03-25 00:00:00,4630.26,2,REF-5749416
603,1258,2021-05-08 00:00:00,993.46,3,REF-4366881
604,1262,2023-11-20 00:00:00,2896.22,3,REF-1690696
605,1264,2025-03-04 00:00:00,10422.25,3,REF-8739895
606,1265,2025-09-12 00:00:00,7177.7,2,REF-9035401
607,1268,2023-03-25 00:00:00,2291.19,3,REF-4681365
608,1269,2024-08-16 00:00:00,24648.06,4,REF-9377905
609,1272,2023-03-28 00:00:00,9173.19,3,REF-7311974
610,1277,2023-05-24 00:00:00,2749.9,3,REF-7575819
611,1279,2025-02-28 00:00:00,804.22,2,REF-5963606
612,1280,2022-09-08 00:00:00,3770.32,1,REF-6517039
613,1281,2021-12-10 00:00:00,1052.33,4,REF-1544803
614,1283,2022-10-31 00:00:00,18681.16,4,REF-4890484
615,1285,2025-05-07 00:00:00,11420.14,1,REF-7599346
616,1286,2022-10-19 00:00:00,2937.6,4,REF-9484739
617,1289,2025-01-03 00:00:00,15949.18,4,REF-4726480
618,1290,2024-08-08 00:00:00,2795.03,3,REF-7380218
619,1292,2022-07-25 00:00:00,5015.19,4,REF-4793785
620,1294,2021-12-06 00:00:00,2531.47,2,REF-3534377
621,1299,2022-10-12 00:00:00,6579.02,3,REF-2530362
622,1300,2023-03-27 00:00:00,394.75,4,REF-6669431
623,1301,2022-08-21 00:00:00,2728.32,3,REF-1447046
624,1303,2022-04-23 00:00:00,1571.11,3,REF-5195755
625,1307,2023-01-07 00:00:00,745.63,3,REF-8698542
626,1308,2024-09-09 00:00:00,5332.39,2,REF-7549597
627,1312,2024-08-23 00:00:00,8026.62,2,REF-2196163
628,1313,2024-01-29 00:00:00,8678.86,2,REF-2003780
629,1314,2024-05-24 00:00:00,470.27,2,REF-1201400
630,1315,2022-11-22 00:00:00,3870.66,2,REF-9947890
631,1318,2023-02-23 00:00:00,10057.02,3,REF-4970021
632,1320,2024-05-08 00:00:00,12743.6,4,REF-4274806
633,1321,2024-11-01 00:00:00,5920.75,1,REF-2791295
634,1322,2022-06-11 00:00:00,7650.99,1,REF-3737624
635,1325,2025-11-24 00:00:00,2380.96,4,REF-3422147
636,1329,2022-11-24 00:00:00,1203.18,3,REF-9956495
637,1331,2025-01-25 00:00:00,2517.43,1,REF-2308636
638,1335,2023-07-21 00:00:00,3151.42,4,REF-2601687
639,1339,2024-08-14 00:00:00,12053.62,3,REF-4149795
640,1343,2023-04-25 00:00:00,6886.25,3,REF-8304330
641,1344,2023-04-20 00:00:00,2948.37,1,REF-2483953
642,1345,2022-05-31 00:00:00,640.1,4,REF-3107799
643,1347,2024-10-22 00:00:00,12469.2,1,REF-2267444
644,1348,2022-11-04 00:00:00,3507.35,1,REF-7658143
645,1350,2022-05-10 00:00:00,4609.66,1,REF-5630110
646,1351,2022-01-17 00:00:00,4388.61,4,REF-1867636
647,1352,2023-01-23 00:00:00,4723.76,3,REF-5020151
648,1356,2023-06-09 00:00:00,22005.32,2,REF-2829124
649,1360,2025-11-07 00:00:00,3289.27,3,REF-8824003
650,1361,2021-05-12 00:00:00,4217.85,1,REF-9254323
651,1363,2022-09-21 00:00:00,10135.89,2,REF-6527858
652,1365,2022-12-11 00:00:00,3609.11,4,REF-5662003
653,1366,2024-09-25 00:00:00,5065.73,4,REF-7862929
654,1368,2021-06-19 00:00:00,5237.65,1,REF-2148942
655,1371,2021-02-27 00:00:00,4646.68,4,REF-9286398
656,1373,2022-04-03 00:00:00,5907.07,3,REF-1842238
657,1374,2021-09-28 00:00:00,1500.62,3,REF-4328099
658,1375,2024-01-31 00:00:00,954.69,3,REF-7692277
659,1376,2024-04-03 00:00:00,8868.74,1,REF-4206440
660,1377,2024-04-14 00:00:00,4101.73,2,REF-3739202
661,1384,2022-01-19 00:00:00,6420.81,2,REF-2381779
662,1385,2023-05-17 00:00:00,15560.18,1,REF-3711784
663,1392,2025-11-10 00:00:00,13774.28,1,REF-4776172
664,1393,2021-11-13 00:00:00,2566.07,1,REF-7846391
665,1395,2021-05-22 00:00:00,2045.26,4,REF-2606424
666,1398,2023-09-07 00:00:00,3304.62,3,REF-4306790
667,1400,2024-09-14 00:00:00,5951.63,2,REF-3577352
668,1401,2024-10-17 00:00:00,7176.37,3,REF-3930739
669,1402,2023-05-22 00:00:00,27427.32,3,REF-1478403
670,1405,2025-02-19 00:00:00,1947.8,2,REF-7319278
671,1409,2024-09-04 00:00:00,5753.18,1,REF-3929458
672,1410,2024-06-03 00:00:00,13445.4,1,REF-5545295
673,1412,2023-07-06 00:00:00,2971.62,3,REF-5687495
674,1413,2025-05-30 00:00:00,5769.89,3,REF-3113495
675,1416,2023-02-04 00:00:00,6053.4,2,REF-9948531
676,1417,2023-11-11 00:00:00,1793.88,4,REF-7246283
677,1424,2022-06-21 00:00:00,1167.53,3,REF-1036835
678,1426,2024-12-31 00:00:00,1847.42,3,REF-4869204
679,1429,2023-05-02 00:00:00,7798.49,3,REF-2391118
680,1430,2021-08-25 00:00:00,11321.27,4,REF-7540802
681,1432,2022-01-06 00:00:00,2668.24,3,REF-7218543
682,1433,2025-02-14 00:00:00,5183.14,1,REF-2776212
683,1434,2025-12-06 00:00:00,4588.39,3,REF-2161613
684,1435,2021-10-15 00:00:00,4902.84,3,REF-6968493
685,1437,2021-02-20 00:00:00,6911.02,4,REF-5767672
686,1439,2023-11-14 00:00:00,13818.52,3,REF-4367175
687,1442,2023-04-30 00:00:00,2619.67,4,REF-9621700
688,1443,2025-05-05 00:00:00,6443.01,4,REF-6413812
689,1444,2023-11-01 00:00:00,3973.7,3,REF-5138290
690,1445,2023-05-08 00:00:00,3324.26,4,REF-7447561
691,1446,2023-01-08 00:00:00,12553.53,1,REF-4542410
692,1451,2024-02-01 00:00:00,5378.73,3,REF-8076708
693,1453,2023-09-30 00:00:00,9375.54,3,REF-2178898
694,1455,2022-11-19 00:00:00,13957.97,4,REF-4350875
695,1459,2022-02-27 00:00:00,5338.23,1,REF-7878913
696,1460,2021-01-11 00:00:00,3133.73,4,REF-7365892
697,1461,2022-06-16 00:00:00,5692.0,1,REF-1859237
698,1463,2021-09-02 00:00:00,4668.26,2,REF-2167498
699,1466,2022-05-07 00:00:00,6688.84,4,REF-8170992
700,1467,2023-07-15 00:00:00,5936.56,1,REF-1840661
701,1470,2021-12-04 00:00:00,6712.85,1,REF-6771202
702,1471,2022-04-01 00:00:00,3581.24,4,REF-3091782
703,1472,2026-01-06 00:00:00,9355.84,4,REF-3537050
704,1473,2022-09-26 00:00:00,14882.14,3,REF-8271536
705,1476,2023-03-17 00:00:00,14668.2,4,REF-6428663
706,1478,2025-06-06 00:00:00,10623.42,3,REF-9779776
707,1482,2024-09-27 00:00:00,6983.58,2,REF-2288661
708,1484,2021-01-07 00:00:00,242.56,1,REF-8506845
709,1485,2024-07-08 00:00:00,7022.07,1,REF-5745483
710,1486,2021-08-31 00:00:00,2611.93,1,REF-8767984
711,1487,2022-01-12 00:00:00,2633.64,4,REF-2561117
712,1489,2024-06-01 00:00:00,2794.11,4,REF-6865543
713,1490,2021-11-06 00:00:00,1342.94,2,REF-5126629
714,1491,2021-02-25 00:00:00,16296.43,3,REF-1409082
715,1492,2024-06-30 00:00:00,3543.03,1,REF-8036189
716,1495,2021-08-06 00:00:00,5293.6,2,REF-8095694
717,1496,2023-06-10 00:00:00,5411.66,1,REF-9715061
718,1498,2024-12-05 00:00:00,4837.65,1,REF-2603608
719,1499,2023-08-07 00:00:00,3063.11,4,REF-9104250
720,1500,2023-07-12 00:00:00,5246.77,3,REF-7826590
721,1502,2025-07-01 00:00:00,17408.46,4,REF-8082019
722,1504,2021-10-25 00:00:00,7197.99,4,REF-4938708
723,1505,2024-09-27 00:00:00,11631.55,3,REF-1771962
724,1507,2023-07-17 00:00:00,5266.02,4,REF-4082664
725,1508,2023-09-01 00:00:00,24775.06,4,REF-4766033
726,1510,2021-02-09 00:00:00,8608.19,4,REF-9611978
727,1511,2022-05-07 00:00:00,4624.41,2,REF-6391613
728,1512,2022-02-03 00:00:00,11687.19,4,REF-1297052
729,1513,2023-10-14 00:00:00,4045.24,3,REF-8943699
730,1514,2025-11-11 00:00:00,1164.91,1,REF-3117249
731,1515,2022-01-14 00:00:00,4530.76,1,REF-9591343
732,1516,2024-07-17 00:00:00,8849.76,3,REF-8487289
733,1524,2021-05-19 00:00:00,3511.76,2,REF-7736435
734,1525,2024-12-08 00:00:00,1024.13,2,REF-9431079
735,1531,2021-04-23 00:00:00,510.21,1,REF-8297172
736,1533,2023-05-08 00:00:00,1799.02,1,REF-3055588
737,1535,2025-01-03 00:00:00,4200.16,3,REF-3705598
738,1536,2025-07-11 00:00:00,6892.94,2,REF-9881752
739,1537,2023-07-11 00:00:00,1588.2,4,REF-3755666
740,1539,2023-02-28 00:00:00,1488.53,3,REF-5024492
741,1540,2021-04-24 00:00:00,3103.78,4,REF-5167999
742,1543,2025-03-26 00:00:00,8534.14,3,REF-5102044
743,1544,2025-10-23 00:00:00,1354.16,3,REF-5828268
744,1545,2022-12-28 00:00:00,3399.62,4,REF-9765357
745,1546,2025-02-01 00:00:00,3396.12,4,REF-1170921
746,1547,2023-01-18 00:00:00,4286.06,2,REF-8507497
747,1548,2022-04-28 00:00:00,3149.0,2,REF-7479397
748,1550,2021-05-30 00:00:00,13657.58,1,REF-2813691
749,1552,2021-01-02 00:00:00,5351.56,3,REF-7550794
750,1553,2023-05-06 00:00:00,2069.01,2,REF-3044856
751,1557,2024-03-26 00:00:00,8223.83,4,REF-1619098
752,1558,2021-10-21 00:00:00,531.78,4,REF-5418979
753,1559,2022-03-10 00:00:00,6768.7,1,REF-3644524
754,1560,2025-01-13 00:00:00,3127.29,2,REF-7407852
755,1562,2024-07-27 00:00:00,8195.15,4,REF-2674783
756,1565,2024-07-26 00:00:00,4490.63,4,REF-3984572
757,1566,2022-04-09 00:00:00,6108.49,3,REF-4767659
758,1569,2022-03-31 00:00:00,10589.89,2,REF-6665542
759,1572,2022-03-03 00:00:00,14273.17,4,REF-1345671
760,1573,2021-08-26 00:00:00,14458.1,1,REF-1068931
761,1575,2022-06-07 00:00:00,2659.27,2,REF-1014795
762,1576,2022-03-23 00:00:00,1153.14,1,REF-3123190
763,1577,2025-06-18 00:00:00,5532.45,4,REF-9419150
764,1578,2021-01-12 00:00:00,10730.09,2,REF-1823631
765,1581,2024-12-11 00:00:00,1979.57,4,REF-7841810
766,1582,2025-04-21 00:00:00,664.03,4,REF-1626635
767,1583,2024-10-20 00:00:00,1007.48,1,REF-6925438
768,1586,2025-11-24 00:00:00,7203.42,4,REF-2992410
769,1587,2024-03-08 00:00:00,4784.94,1,REF-3301768
770,1589,2021-03-22 00:00:00,1775.65,2,REF-6870981
771,1591,2021-11-30 00:00:00,3329.86,1,REF-7023819
772,1592,2023-09-12 00:00:00,18513.03,3,REF-7840966
773,1595,2021-10-12 00:00:00,7279.08,3,REF-4405312
774,1596,2024-06-01 00:00:00,5517.48,3,REF-6558613
775,1597,2023-10-21 00:00:00,3019.61,1,REF-4969441
776,1599,2022-09-23 00:00:00,363.69,2,REF-2748836
777,1602,2025-06-21 00:00:00,1330.15,4,REF-4080379
778,1607,2021-10-07 00:00:00,3522.16,2,REF-1835358
779,1609,2025-10-10 00:00:00,16550.21,2,REF-5395878
780,1614,2021-02-12 00:00:00,5075.54,1,REF-1268009
781,1615,2025-03-18 00:00:00,167.19,1,REF-8921580
782,1617,2024-10-15 00:00:00,5838.62,1,REF-2485621
783,1618,2024-08-22 00:00:00,42.4,1,REF-4180814
784,1621,2023-07-09 00:00:00,3201.3,4,REF-9532900
785,1625,2024-11-14 00:00:00,8917.91,1,REF-5686821
786,1630,2022-06-29 00:00:00,5796.94,3,REF-1104170
787,1633,2024-07-29 00:00:00,9326.15,2,REF-7958885
788,1634,2025-04-16 00:00:00,5578.15,3,REF-8900629
789,1635,2021-09-24 00:00:00,5886.9,1,REF-7722897
790,1637,2025-06-02 00:00:00,18224.01,2,REF-9316014
791,1638,2025-04-11 00:00:00,25053.31,3,REF-4699558
792,1640,2021-11-10 00:00:00,8966.53,1,REF-1901201
793,1641,2023-03-31 00:00:00,9010.91,1,REF-5925343
794,1642,2025-01-06 00:00:00,18707.04,2,REF-4253476
795,1643,2022-06-06 00:00:00,1036.66,2,REF-9339530
796,1644,2023-07-08 00:00:00,3034.94,1,REF-7309204
797,1645,2022-05-14 00:00:00,8446.74,4,REF-7111908
798,1647,2023-09-12 00:00:00,6095.39,1,REF-1809180
799,1648,2023-08-14 00:00:00,9006.77,1,REF-3898758
800,1649,2024-04-20 00:00:00,2986.5,2,REF-1302589
801,1651,2022-01-26 00:00:00,886.14,4,REF-5969456
802,1653,2022-08-14 00:00:00,4001.62,2,REF-7102874
803,1656,2025-03-04 00:00:00,7274.77,3,REF-9216694
804,1663,2025-09-26 00:00:00,4428.05,4,REF-9059992
805,1665,2021-04-12 00:00:00,5442.58,2,REF-9910640
806,1666,2024-06-09 00:00:00,8144.54,1,REF-4831407
807,1669,2021-06-13 00:00:00,3738.2,3,REF-4035844
808,1671,2023-09-16 00:00:00,1789.32,3,REF-4184762
809,1673,2022-10-15 00:00:00,61.97,2,REF-9583410
810,1674,2023-09-13 00:00:00,5906.61,4,REF-9877574
811,1676,2024-04-06 00:00:00,2295.03,3,REF-2142186
812,1677,2023-05-18 00:00:00,772.45,3,REF-5013165
813,1679,2025-04-03 00:00:00,12064.25,2,REF-1202313
814,1681,2024-03-05 00:00:00,8034.27,1,REF-2769604
815,1682,2022-09-22 00:00:00,531.79,2,REF-6579537
816,1685,2022-11-14 00:00:00,8288.72,3,REF-6524732
817,1686,2023-02-28 00:00:00,8314.54,3,REF-1106772
818,1688,2024-06-07 00:00:00,11525.3,4,REF-6041850
819,1689,2024-11-21 00:00:00,3662.55,3,REF-6753727
820,1691,2022-05-26 00:00:00,5738.31,4,REF-4661524
821,1693,2022-04-07 00:00:00,1475.09,4,REF-7905660
822,1694,2023-07-02 00:00:00,8235.42,4,REF-4621589
823,1695,2024-04-23 00:00:00,11218.92,4,REF-2844415
824,1699,2025-11-05 00:00:00,2282.8,1,REF-7542364
825,1700,2025-05-02 00:00:00,1011.64,1,REF-5076024
826,1702,2022-05-13 00:00:00,8796.34,3,REF-5359990
827,1704,2023-11-06 00:00:00,4056.71,3,REF-3526410
828,1705,2025-04-05 00:00:00,4592.77,2,REF-1129135
829,1710,2021-09-19 00:00:00,6465.51,3,REF-9373476
830,1714,2022-03-23 00:00:00,17965.57,3,REF-4382524
831,1716,2021-10-16 00:00:00,4964.59,3,REF-3309885
832,1718,2024-04-30 00:00:00,853.73,4,REF-1659782
833,1721,2023-02-22 00:00:00,4221.67,1,REF-4622991
834,1724,2024-12-15 00:00:00,5702.81,2,REF-8290880
835,1726,2025-01-12 00:00:00,1377.37,1,REF-1325665
836,1728,2022-06-20 00:00:00,8217.1,4,REF-2082114
837,1729,2024-06-04 00:00:00,5250.31,1,REF-8947514
838,1730,2024-01-26 00:00:00,1013.4,1,REF-9515732
839,1731,2022-08-23 00:00:00,7465.27,1,REF-7366494
840,1733,2025-11-23 00:00:00,10988.86,1,REF-9184488
841,1734,2021-07-02 00:00:00,5780.71,4,REF-4437777
842,1738,2021-06-18 00:00:00,11953.81,3,REF-4348106
843,1743,2022-08-09 00:00:00,2525.34,2,REF-3812186
844,1744,2022-10-22 00:00:00,4726.02,3,REF-3528817
845,1748,2024-02-08 00:00:00,3519.93,2,REF-9207013
846,1751,2024-07-23 00:00:00,7301.65,2,REF-5865899
847,1752,2025-10-03 00:00:00,6423.04,1,REF-3706200
848,1753,2023-10-09 00:00:00,10484.18,1,REF-9107710
849,1754,2022-05-02 00:00:00,13701.98,4,REF-9897129
850,1757,2024-06-10 00:00:00,2032.78,3,REF-5711463
851,1758,2022-07-30 00:00:00,2588.51,1,REF-6390109
852,1765,2022-05-27 00:00:00,8455.9,2,REF-4971252
853,1768,2024-03-23 00:00:00,5303.34,2,REF-9892823
854,1769,2023-06-12 00:00:00,7531.87,3,REF-2204768
855,1776,2021-01-18 00:00:00,11135.69,1,REF-5417339
856,1777,2025-08-03 00:00:00,4340.03,3,REF-9144275
857,1779,2023-01-01 00:00:00,9401.14,3,REF-4503828
858,1781,2024-08-29 00:00:00,2421.32,4,REF-2520526
859,1786,2023-08-10 00:00:00,3336.47,4,REF-1922121
860,1787,2022-06-10 00:00:00,7109.48,2,REF-7753968
861,1789,2021-09-24 00:00:00,9380.01,4,REF-6707233
862,1790,2024-10-11 00:00:00,24139.71,4,REF-9056968
863,1799,2025-05-26 00:00:00,2715.93,3,REF-2096712
864,1800,2025-12-23 00:00:00,11965.32,3,REF-4602765
865,1802,2023-07-03 00:00:00,2847.64,4,REF-1402980
866,1804,2022-03-01 00:00:00,708.06,3,REF-9793375
867,1805,2024-05-11 00:00:00,4207.77,4,REF-4860565
868,1806,2025-10-27 00:00:00,13246.62,1,REF-5832077
869,1810,2021-10-01 00:00:00,5186.13,3,REF-2883477
870,1811,2021-07-25 00:00:00,5544.59,1,REF-9132642
871,1814,2026-01-12 00:00:00,961.62,4,REF-8903781
872,1816,2025-02-05 00:00:00,345.12,4,REF-3749093
873,1819,2022-06-27 00:00:00,10035.85,2,REF-2240388
874,1821,2021-12-14 00:00:00,15241.27,3,REF-1653191
875,1822,2024-09-16 00:00:00,1229.4,2,REF-3532901
876,1824,2021-03-02 00:00:00,8223.91,4,REF-3462330
877,1828,2022-03-16 00:00:00,12597.71,3,REF-6910876
878,1829,2021-02-28 00:00:00,1340.37,2,REF-9383637
879,1832,2025-04-04 00:00:00,4808.13,1,REF-8293274
880,1836,2023-03-08 00:00:00,3121.95,2,REF-6874100
881,1838,2021-02-06 00:00:00,7650.58,3,REF-7364924
882,1840,2023-05-23 00:00:00,3856.69,2,REF-7511216
883,1841,2021-05-08 00:00:00,9653.43,3,REF-6656999
884,1842,2022-01-20 00:00:00,2651.89,4,REF-8780826
885,1845,2023-08-11 00:00:00,5273.69,4,REF-6300198
886,1849,2025-07-06 00:00:00,15732.54,4,REF-6715852
887,1855,2022-08-31 00:00:00,13214.07,3,REF-6225146
888,1857,2023-08-05 00:00:00,6049.56,3,REF-7243703
889,1858,2021-11-15 00:00:00,13613.09,4,REF-3728611
890,1859,2022-09-25 00:00:00,7669.24,4,REF-4333806
891,1861,2025-02-17 00:00:00,25847.66,2,REF-7556098
892,1862,2023-11-14 00:00:00,13217.27,2,REF-7490524
893,1864,2021-11-24 00:00:00,13998.82,2,REF-9093904
894,1865,2023-11-04 00:00:00,933.08,3,REF-7983560
895,1867,2022-06-03 00:00:00,739.95,2,REF-9988608
896,1869,2023-03-14 00:00:00,5977.19,4,REF-7366750
897,1870,2022-11-02 00:00:00,4031.45,4,REF-6415984
898,1875,2021-02-10 00:00:00,2821.62,1,REF-3858611
899,1876,2024-06-27 00:00:00,8400.9,4,REF-3866486
900,1877,2023-07-19 00:00:00,5760.06,1,REF-6745890
901,1879,2023-05-30 00:00:00,1184.72,1,REF-6392889
902,1881,2022-05-07 00:00:00,7192.13,2,REF-5247926
903,1883,2022-04-11 00:00:00,12297.78,1,REF-5362289
904,1885,2022-07-21 00:00:00,10500.47,4,REF-1910956
905,1887,2021-02-23 00:00:00,12657.74,4,REF-5154171
906,1888,2021-03-18 00:00:00,10740.83,4,REF-5896034
907,1889,2021-08-26 00:00:00,21615.06,2,REF-2175729
908,1890,2023-02-26 00:00:00,4935.98,2,REF-7037807
909,1894,2021-04-12 00:00:00,1498.16,2,REF-6000250
910,1896,2022-02-10 00:00:00,5501.16,2,REF-1263044
911,1898,2022-10-12 00:00:00,15021.05,3,REF-4233296
912,1899,2024-01-06 00:00:00,9607.46,1,REF-1785987
913,1900,2024-04-26 00:00:00,11795.04,3,REF-2709714
914,1906,2021-02-02 00:00:00,12763.38,2,REF-7635646
915,1909,2023-10-16 00:00:00,2238.49,1,REF-9634412
916,1910,2023-11-19 00:00:00,4632.69,2,REF-2956512
917,1911,2021-01-27 00:00:00,4967.28,2,REF-9614304
918,1912,2023-06-12 00:00:00,8359.38,4,REF-4815436
919,1914,2023-03-22 00:00:00,1045.18,4,REF-4455926
920,1916,2024-09-07 00:00:00,18803.78,2,REF-6778233
921,1917,2023-10-09 00:00:00,5426.11,3,REF-3725553
922,1918,2024-12-23 00:00:00,8775.01,4,REF-3268925
923,1921,2024-11-22 00:00:00,9763.7,1,REF-9748529
924,1925,2025-01-27 00:00:00,684.58,2,REF-8048203
925,1928,2022-07-14 00:00:00,8546.6,4,REF-3022333
926,1930,2024-01-24 00:00:00,5338.63,4,REF-4744297
927,1931,2022-08-24 00:00:00,2540.69,1,REF-8395085
928,1934,2022-02-01 00:00:00,1046.03,2,REF-7631453
929,1936,2025-12-31 00:00:00,3637.74,3,REF-9191053
930,1938,2024-05-25 00:00:00,3821.41,1,REF-8729173
931,1941,2023-03-06 00:00:00,1170.02,3,REF-1096454
932,1944,2023-09-03 00:00:00,6558.69,1,REF-8376397
933,1946,2023-11-19 00:00:00,6159.69,2,REF-1420498
934,1948,2023-10-09 00:00:00,2445.81,1,REF-5842152
935,1951,2023-05-17 00:00:00,2494.15,1,REF-5623586
936,1952,2022-11-06 00:00:00,11925.12,2,REF-7877409
937,1957,2022-01-22 00:00:00,25761.18,2,REF-8251252
938,1962,2024-09-16 00:00:00,10902.55,4,REF-7917370
939,1963,2021-08-12 00:00:00,4437.21,1,REF-5951762
940,1964,2021-03-04 00:00:00,5629.09,1,REF-9873869
941,1965,2021-11-24 00:00:00,15549.71,2,REF-7268025
942,1967,2022-05-07 00:00:00,4639.51,2,REF-1844202
943,1969,2024-09-21 00:00:00,20285.36,1,REF-8899059
944,1970,2023-05-14 00:00:00,1664.39,1,REF-9775878
945,1975,2023-01-05 00:00:00,3836.96,4,REF-7793098
946,1976,2024-08-04 00:00:00,3738.89,3,REF-7163779
947,1977,2024-08-09 00:00:00,14416.78,3,REF-6531367
948,1979,2021-01-12 00:00:00,909.51,1,REF-1794839
949,1980,2023-03-12 00:00:00,20263.81,4,REF-6097882
950,1983,2022-12-28 00:00:00,5324.75,4,REF-3036952
951,1984,2022-11-07 00:00:00,5748.31,1,REF-3374157
952,1986,2025-01-19 00:00:00,9790.67,2,REF-5309166
953,1990,2024-04-22 00:00:00,2168.89,2,REF-9683229
954,1991,2022-02-20 00:00:00,2023.61,1,REF-9461300
955,1992,2023-06-18 00:00:00,7184.11,4,REF-8472274
956,1994,2025-11-23 00:00:00,6548.13,4,REF-8727707
957,1995,2022-07-24 00:00:00,1110.6,2,REF-7288504
958,1996,2025-10-04 00:00:00,2885.09,2,REF-9674714
959,1999,2022-12-10 00:00:00,7496.12,1,REF-9010535
960,2001,2023-08-05 00:00:00,6407.84,3,REF-7223226
961,2002,2024-06-05 00:00:00,5091.61,2,REF-2737051
962,2003,2023-10-04 00:00:00,8471.17,4,REF-1482030
963,2004,2021-02-24 00:00:00,5749.23,4,REF-1367336
964,2006,2025-03-12 00:00:00,3000.64,2,REF-3587742
965,2010,2021-12-03 00:00:00,4754.9,3,REF-8666745
966,2013,2023-11-20 00:00:00,1212.38,3,REF-5852904
967,2017,2022-05-27 00:00:00,5764.67,3,REF-4270066
968,2018,2025-07-25 00:00:00,633.66,1,REF-2893553
969,2019,2025-06-03 00:00:00,18982.22,1,REF-1377608
970,2021,2024-04-15 00:00:00,949.05,1,REF-1010115
971,2026,2024-01-13 00:00:00,1311.99,1,REF-7193204
972,2029,2021-01-30 00:00:00,1614.22,2,REF-1671338
973,2030,2021-01-11 00:00:00,11032.17,3,REF-5121326
974,2031,2021-05-15 00:00:00,7326.47,4,REF-2257862
975,2032,2022-05-01 00:00:00,8583.72,4,REF-4879309
976,2034,2022-08-11 00:00:00,10779.02,4,REF-7930042
977,2037,2022-09-08 00:00:00,16509.27,4,REF-4188866
978,2042,2024-03-02 00:00:00,2832.54,2,REF-2867802
979,2044,2024-07-14 00:00:00,7882.41,3,REF-5984086
980,2046,2024-11-01 00:00:00,1525.42,4,REF-9184540
981,2048,2021-06-16 00:00:00,12391.25,2,REF-1573049
982,2050,2023-09-03 00:00:00,7196.6,4,REF-1723328
983,2053,2024-09-28 00:00:00,8734.37,3,REF-3637391
984,2055,2024-03-11 00:00:00,14637.92,1,REF-3780401
985,2056,2023-08-20 00:00:00,17204.16,4,REF-3562787
986,2058,2025-07-30 00:00:00,13432.19,4,REF-1673497
987,2059,2022-07-07 00:00:00,588.5,3,REF-9847922
988,2061,2021-09-24 00:00:00,5414.03,3,REF-9337623
989,2062,2023-02-11 00:00:00,706.16,4,REF-3712125
990,2068,2021-09-10 00:00:00,2049.39,1,REF-2296757
991,2070,2025-11-30 00:00:00,916.4,2,REF-3359840
992,2072,2024-03-28 00:00:00,13306.29,1,REF-1172482
993,2076,2024-06-06 00:00:00,1649.82,3,REF-2395036
994,2078,2024-12-08 00:00:00,1665.9,3,REF-3493909
995,2079,2021-08-31 00:00:00,1114.98,4,REF-3650559
996,2080,2024-09-13 00:00:00,5475.01,4,REF-5222622
997,2085,2024-09-27 00:00:00,894.15,4,REF-1539120
998,2086,2024-06-24 00:00:00,3667.01,2,REF-1755001
999,2088,2021-08-28 00:00:00,11326.72,4,REF-5867202
1000,2089,2021-08-17 00:00:00,2223.02,4,REF-6652327
1001,2091,2023-09-09 00:00:00,1506.48,1,REF-5456196
1002,2092,2023-08-27 00:00:00,10414.88,4,REF-8084215
1003,2096,2021-10-05 00:00:00,5548.01,2,REF-5374851
1004,2099,2021-04-26 00:00:00,6094.31,1,REF-6065310
1005,2101,2022-03-29 00:00:00,10136.39,2,REF-2138147
1006,2102,2023-07-10 00:00:00,17854.66,4,REF-8427906
1007,2105,2024-12-19 00:00:00,3721.46,2,REF-5616823
1008,2107,2024-01-26 00:00:00,9637.37,1,REF-6529887
1009,2108,2024-08-22 00:00:00,3913.94,2,REF-9542628
1010,2113,2021-10-03 00:00:00,2473.73,1,REF-5704190
1011,2116,2024-11-12 00:00:00,13679.86,4,REF-2811789
1012,2117,2023-12-01 00:00:00,3410.51,1,REF-5455996
1013,2119,2021-05-11 00:00:00,4082.58,2,REF-9780969
1014,2123,2022-05-27 00:00:00,1739.13,4,REF-1229920
1015,2124,2024-07-15 00:00:00,11146.54,3,REF-9300458
1016,2126,2023-12-21 00:00:00,7172.23,2,REF-8458457
1017,2127,2023-04-12 00:00:00,9372.94,4,REF-8229253
1018,2129,2021-04-04 00:00:00,10917.33,1,REF-5723963
1019,2133,2021-12-14 00:00:00,13783.23,1,REF-8454227
1020,2135,2024-11-18 00:00:00,4283.64,1,REF-7390367
1021,2139,2021-08-03 00:00:00,1267.18,3,REF-5932384
1022,2140,2025-11-22 00:00:00,9604.37,1,REF-4121867
1023,2141,2022-04-10 00:00:00,21022.76,1,REF-8828762
1024,2142,2022-11-14 00:00:00,11414.41,4,REF-5130449
1025,2143,2023-08-16 00:00:00,6881.25,4,REF-3218665
1026,2144,2023-05-26 00:00:00,5166.15,3,REF-3909503
1027,2146,2022-08-23 00:00:00,9973.51,2,REF-8901458
1028,2147,2023-07-16 00:00:00,3666.52,3,REF-1289354
1029,2149,2022-08-04 00:00:00,10162.64,4,REF-2499750
1030,2151,2022-04-10 00:00:00,4301.38,3,REF-2118918
1031,2152,2022-02-05 00:00:00,5940.36,2,REF-7891805
1032,2153,2022-08-14 00:00:00,5708.39,3,REF-3548476
1033,2156,2022-12-13 00:00:00,1126.89,1,REF-5143845
1034,2157,2021-06-21 00:00:00,10861.51,4,REF-2433457
1035,2160,2022-01-11 00:00:00,13546.9,2,REF-8091698
1036,2161,2024-06-09 00:00:00,1916.35,2,REF-2564998
1037,2165,2025-04-03 00:00:00,1787.1,2,REF-5569671
1038,2167,2022-06-22 00:00:00,7487.37,2,REF-8088938
1039,2169,2022-10-29 00:00:00,2849.34,4,REF-1806952
1040,2173,2026-01-03 00:00:00,4362.86,2,REF-8736617
1041,2174,2024-08-22 00:00:00,6902.14,2,REF-3300482
1042,2175,2022-02-25 00:00:00,7417.67,4,REF-1570105
1043,2176,2023-10-19 00:00:00,7770.36,2,REF-5979082
1044,2178,2025-08-12 00:00:00,7403.39,1,REF-4107725
1045,2180,2023-06-13 00:00:00,2563.34,4,REF-1192669
1046,2186,2025-09-26 00:00:00,24.79,4,REF-2644828
1047,2188,2023-06-11 00:00:00,5637.4,4,REF-7332468
1048,2189,2022-03-19 00:00:00,13618.37,2,REF-6359476
1049,2191,2023-08-02 00:00:00,17489.81,4,REF-7917508
1050,2195,2021-09-23 00:00:00,7097.85,3,REF-3522682
1051,2196,2021-02-13 00:00:00,2792.01,4,REF-2580261
1052,2201,2023-12-04 00:00:00,4196.66,3,REF-2839848
1053,2211,2023-09-09 00:00:00,1224.06,3,REF-6273624
1054,2212,2025-04-18 00:00:00,2864.3,2,REF-5130983
1055,2213,2025-07-16 00:00:00,6181.16,1,REF-1784452
1056,2214,2022-11-19 00:00:00,19110.0,1,REF-4177519
1057,2216,2024-04-27 00:00:00,5600.26,3,REF-3643186
1058,2217,2021-05-19 00:00:00,1932.9,1,REF-2359262
1059,2218,2025-10-16 00:00:00,1873.43,4,REF-3256163
1060,2219,2025-02-14 00:00:00,4089.34,4,REF-3430860
1061,2222,2022-03-20 00:00:00,11738.08,1,REF-6625236
1062,2223,2023-11-18 00:00:00,15851.83,2,REF-2578666
1063,2225,2023-02-24 00:00:00,5492.2,4,REF-3820693
1064,2228,2024-04-06 00:00:00,15711.6,2,REF-6567872
1065,2230,2022-11-05 00:00:00,2663.16,4,REF-5106103
1066,2231,2021-02-01 00:00:00,1442.46,4,REF-9844773
1067,2233,2022-01-13 00:00:00,1507.53,4,REF-9408456
1068,2236,2024-07-22 00:00:00,17765.52,3,REF-9938397
1069,2240,2022-12-12 00:00:00,1908.15,3,REF-6768486
1070,2242,2025-01-22 00:00:00,5912.64,4,REF-6392187
1071,2243,2024-04-18 00:00:00,6025.72,1,REF-4856242
1072,2246,2021-02-22 00:00:00,237.25,1,REF-4983465
1073,2247,2022-09-13 00:00:00,2790.4,1,REF-2565978
1074,2250,2025-12-04 00:00:00,5372.92,2,REF-9820334
1075,2251,2022-05-07 00:00:00,268.75,4,REF-3031995
1076,2255,2023-08-19 00:00:00,1087.23,1,REF-7667686
1077,2257,2023-05-10 00:00:00,7199.91,3,REF-6809994
1078,2259,2021-12-24 00:00:00,2293.54,4,REF-8716924
1079,2260,2025-02-03 00:00:00,3771.84,1,REF-4978782
1080,2262,2022-11-10 00:00:00,13211.67,1,REF-7847933
1081,2263,2022-03-30 00:00:00,14154.09,2,REF-2286134
1082,2264,2021-09-23 00:00:00,17515.77,3,REF-2261616
1083,2266,2024-09-10 00:00:00,1486.31,4,REF-9488363
1084,2268,2024-05-10 00:00:00,6247.44,1,REF-2500192
1085,2271,2021-10-19 00:00:00,6622.8,1,REF-6645890
1086,2275,2021-02-18 00:00:00,10660.51,3,REF-4561480
1087,2277,2022-07-13 00:00:00,3752.41,3,REF-7023199
1088,2280,2022-05-21 00:00:00,7127.8,3,REF-3213857
1089,2282,2025-10-02 00:00:00,23863.94,2,REF-7877955
1090,2284,2023-05-31 00:00:00,3314.83,3,REF-8011597
1091,2286,2021-07-20 00:00:00,6419.85,2,REF-9547908
1092,2288,2024-09-14 00:00:00,6757.94,2,REF-3501750
1093,2290,2023-07-13 00:00:00,10937.0,2,REF-6593279
1094,2291,2025-01-13 00:00:00,3206.69,3,REF-1274801
1095,2293,2023-12-29 00:00:00,4471.01,4,REF-7105318
1096,2294,2023-12-22 00:00:00,9275.53,2,REF-8368191
1097,2295,2023-05-24 00:00:00,8250.22,1,REF-5943971
1098,2298,2024-04-03 00:00:00,2131.6,2,REF-1723662
1099,2299,2025-05-17 00:00:00,3894.05,2,REF-1800097
1100,2300,2025-04-01 00:00:00,4074.53,1,REF-1707993
1101,2301,2023-11-01 00:00:00,5178.02,2,REF-4083709
1102,2302,2024-08-08 00:00:00,9367.33,2,REF-1708039
1103,2309,2022-09-19 00:00:00,1932.55,1,REF-2519430
1104,2310,2021-09-30 00:00:00,235.65,2,REF-6345233
1105,2311,2021-03-08 00:00:00,9224.72,1,REF-8799379
1106,2314,2021-07-02 00:00:00,2295.7,3,REF-8253939
1107,2324,2023-03-07 00:00:00,11363.55,1,REF-6760980
1108,2326,2022-06-15 00:00:00,5919.41,2,REF-8489326
1109,2330,2023-02-06 00:00:00,6794.05,2,REF-8912500
1110,2332,2025-04-05 00:00:00,2943.61,1,REF-9281128
1111,2333,2022-06-27 00:00:00,7730.41,3,REF-7028856
1112,2334,2023-07-30 00:00:00,10359.71,1,REF-9532510
1113,2335,2024-05-06 00:00:00,4288.17,3,REF-6810715
1114,2336,2021-11-28 00:00:00,3093.69,2,REF-6676210
1115,2337,2022-04-09 00:00:00,3177.92,2,REF-2922125
1116,2339,2022-02-08 00:00:00,1411.72,4,REF-6132701
1117,2340,2022-04-11 00:00:00,18369.23,2,REF-6404242
1118,2341,2021-07-05 00:00:00,8327.29,2,REF-2841549
1119,2345,2021-08-12 00:00:00,5917.72,1,REF-9227607
1120,2347,2025-03-05 00:00:00,3982.91,3,REF-5047262
1121,2348,2021-07-23 00:00:00,4653.05,1,REF-6872262
1122,2349,2022-04-22 00:00:00,172.54,3,REF-8831451
1123,2351,2023-07-02 00:00:00,7276.14,3,REF-1011676
1124,2353,2021-07-07 00:00:00,3398.7,1,REF-8389042
1125,2355,2025-08-07 00:00:00,2226.95,1,REF-8433882
1126,2357,2024-12-16 00:00:00,15484.73,1,REF-6702447
1127,2359,2022-05-02 00:00:00,4180.6,3,REF-6963907
1128,2362,2024-01-29 00:00:00,10611.58,4,REF-8335362
1129,2365,2022-06-29 00:00:00,1803.19,1,REF-8577579
1130,2366,2024-05-17 00:00:00,4649.18,3,REF-6703754
1131,2368,2025-02-27 00:00:00,15785.47,4,REF-8716673
1132,2371,2023-10-24 00:00:00,1082.13,4,REF-9875739
1133,2372,2024-07-26 00:00:00,4002.53,4,REF-7741757
1134,2373,2022-05-17 00:00:00,4296.54,4,REF-3031926
1135,2374,2023-01-07 00:00:00,4990.17,3,REF-1625397
1136,2379,2022-08-16 00:00:00,3825.59,2,REF-1352695
1137,2383,2024-09-08 00:00:00,8484.03,1,REF-8933392
1138,2384,2022-10-15 00:00:00,12601.61,3,REF-7161413
1139,2385,2021-07-02 00:00:00,11914.01,4,REF-3009372
1140,2386,2024-05-14 00:00:00,6308.94,1,REF-8392567
1141,2387,2022-06-12 00:00:00,6570.43,2,REF-5788372
1142,2391,2022-07-27 00:00:00,15474.76,2,REF-7067762
1143,2392,2023-05-14 00:00:00,4709.52,1,REF-2901584
1144,2396,2024-01-27 00:00:00,2910.68,2,REF-5094867
1145,2397,2023-04-25 00:00:00,1147.86,4,REF-6986480
1146,2399,2021-11-03 00:00:00,8899.09,3,REF-3878624
1147,2403,2022-12-29 00:00:00,4219.11,4,REF-7906432
1148,2404,2025-01-15 00:00:00,8056.7,3,REF-7555201
1149,2406,2022-04-18 00:00:00,639.97,1,REF-4981579
1150,2408,2021-10-26 00:00:00,347.61,4,REF-1585034
1151,2409,2022-03-01 00:00:00,10029.98,2,REF-2402996
1152,2411,2023-05-18 00:00:00,2017.42,3,REF-8393222
1153,2418,2021-11-30 00:00:00,8124.52,3,REF-9549342
1154,2421,2023-08-02 00:00:00,249.78,3,REF-7885769
1155,2422,2022-10-02 00:00:00,21140.51,1,REF-6051390
1156,2423,2022-09-23 00:00:00,7146.44,4,REF-3144217
1157,2424,2023-06-13 00:00:00,3957.42,4,REF-2656866
1158,2426,2023-02-02 00:00:00,2008.51,1,REF-4203813
1159,2427,2021-12-27 00:00:00,24720.78,4,REF-6569935
1160,2428,2025-01-27 00:00:00,9297.2,2,REF-7361972
1161,2432,2021-11-11 00:00:00,1688.07,2,REF-6695309
1162,2434,2023-02-01 00:00:00,10461.77,1,REF-8063785
1163,2436,2022-02-28 00:00:00,2737.54,4,REF-9132765
1164,2440,2022-12-18 00:00:00,513.37,1,REF-1038978
1165,2445,2025-06-07 00:00:00,2472.26,2,REF-8674368
1166,2446,2022-10-08 00:00:00,2695.74,4,REF-3328334
1167,2448,2025-07-16 00:00:00,4369.14,3,REF-5590761
1168,2450,2023-06-08 00:00:00,2705.25,2,REF-2429566
1169,2451,2022-03-22 00:00:00,9221.8,2,REF-7044944
1170,2454,2022-03-24 00:00:00,8262.42,4,REF-7068270
1171,2460,2025-11-15 00:00:00,5176.94,4,REF-2323911
1172,2462,2021-10-30 00:00:00,4883.92,2,REF-9471407
1173,2464,2021-05-05 00:00:00,14916.94,3,REF-2911225
1174,2467,2021-11-18 00:00:00,3447.08,4,REF-9724189
1175,2471,2021-03-31 00:00:00,2026.74,3,REF-2484090
1176,2472,2024-02-19 00:00:00,3032.43,4,REF-3462003
1177,2473,2022-09-04 00:00:00,1461.16,4,REF-9288286
1178,2474,2022-12-10 00:00:00,1039.49,4,REF-9141139
1179,2476,2023-09-20 00:00:00,3737.13,4,REF-9238702
1180,2477,2022-04-12 00:00:00,2740.41,3,REF-8682755
1181,2478,2022-03-25 00:00:00,2418.72,2,REF-4725164
1182,2479,2023-10-02 00:00:00,2568.78,2,REF-8120640
1183,2481,2024-09-07 00:00:00,8418.55,4,REF-2811493
1184,2484,2025-12-20 00:00:00,20545.12,2,REF-9359269
1185,2486,2021-10-27 00:00:00,4204.91,3,REF-5217095
1186,2488,2023-10-22 00:00:00,2515.06,3,REF-3552007
1187,2490,2022-11-10 00:00:00,7925.65,1,REF-4367810
1188,2493,2023-10-02 00:00:00,1095.34,3,REF-6738987
1189,2494,2023-12-29 00:00:00,548.82,1,REF-5815389
1190,2497,2025-05-07 00:00:00,11149.68,4,REF-1262523
1191,2502,2021-01-08 00:00:00,5654.24,3,REF-7243371
1192,2503,2023-01-13 00:00:00,10322.05,3,REF-3369341
1193,2504,2022-04-07 00:00:00,3655.36,3,REF-5213129
1194,2505,2023-11-28 00:00:00,11600.23,1,REF-4804854
1195,2506,2022-02-12 00:00:00,4656.16,4,REF-1966906
1196,2510,2021-07-26 00:00:00,10351.31,4,REF-2763369
1197,2511,2023-12-07 00:00:00,6316.93,3,REF-4048006
1198,2515,2024-12-22 00:00:00,1861.92,3,REF-3912762
1199,2518,2024-12-13 00:00:00,633.39,2,REF-1080537
1200,2522,2023-02-02 00:00:00,10955.6,2,REF-7532720
1201,2524,2023-07-30 00:00:00,961.98,1,REF-9337198
1202,2530,2022-06-28 00:00:00,4131.06,3,REF-3920909
1203,2533,2022-12-18 00:00:00,6608.63,3,REF-3773523
1204,2536,2025-09-13 00:00:00,5093.47,3,REF-3738541
1205,2537,2021-10-13 00:00:00,5537.23,2,REF-4592363
1206,2544,2025-08-18 00:00:00,2097.99,2,REF-6049309
1207,2545,2022-01-14 00:00:00,269.93,2,REF-3742576
1208,2546,2023-08-07 00:00:00,652.12,1,REF-2458350
1209,2547,2022-02-11 00:00:00,8430.47,3,REF-1032790
1210,2549,2025-05-26 00:00:00,7700.07,2,REF-2509204
1211,2550,2023-01-06 00:00:00,1442.13,3,REF-8270911
1212,2552,2022-03-14 00:00:00,3890.91,1,REF-6116891
1213,2553,2022-09-21 00:00:00,4383.73,2,REF-6489466
1214,2557,2023-06-05 00:00:00,11660.26,4,REF-1487101
1215,2558,2023-05-07 00:00:00,8006.74,1,REF-2983958
1216,2559,2024-01-15 00:00:00,7465.23,4,REF-4528506
1217,2560,2023-11-23 00:00:00,6708.48,1,REF-5161201
1218,2561,2024-03-30 00:00:00,6894.84,3,REF-1677578
1219,2562,2024-08-24 00:00:00,493.92,1,REF-7234032
1220,2564,2022-05-29 00:00:00,3917.11,1,REF-2087801
1221,2565,2023-09-22 00:00:00,2197.39,1,REF-1631559
1222,2566,2024-11-11 00:00:00,1088.73,3,REF-9303856
1223,2569,2022-12-03 00:00:00,119.18,3,REF-5301052
1224,2570,2022-10-10 00:00:00,654.38,1,REF-3278313
1225,2571,2021-10-19 00:00:00,12373.14,3,REF-2436379
1226,2572,2023-03-03 00:00:00,12991.0,4,REF-1569574
1227,2573,2021-06-05 00:00:00,6294.1,4,REF-8241771
1228,2574,2025-07-14 00:00:00,5024.95,2,REF-6499240
1229,2575,2024-10-03 00:00:00,1686.7,2,REF-5239875
1230,2576,2023-04-10 00:00:00,6823.03,4,REF-3416400
1231,2578,2022-08-01 00:00:00,157.47,4,REF-9802855
1232,2579,2021-05-09 00:00:00,3634.66,3,REF-1989890
1233,2580,2023-07-24 00:00:00,6928.88,2,REF-4638013
1234,2586,2021-05-01 00:00:00,4209.83,3,REF-4518471
1235,2589,2022-10-27 00:00:00,6727.07,2,REF-9146457
1236,2591,2024-02-24 00:00:00,1800.71,4,REF-1398807
1237,2592,2023-10-18 00:00:00,6414.88,2,REF-8760252
1238,2594,2022-06-08 00:00:00,8585.91,1,REF-5126275
1239,2595,2021-09-09 00:00:00,2549.32,3,REF-3139544
1240,2596,2023-08-24 00:00:00,2927.46,1,REF-9427188
1241,2597,2022-10-25 00:00:00,4325.59,4,REF-9965807
1242,2599,2023-05-24 00:00:00,18260.32,3,REF-6338363
1243,2601,2024-08-31 00:00:00,6323.25,3,REF-5352034
1244,2608,2024-01-18 00:00:00,7231.11,1,REF-1466742
1245,2612,2022-02-01 00:00:00,2299.99,1,REF-3597217
1246,2617,2021-02-10 00:00:00,11212.99,3,REF-8110656
1247,2618,2021-07-11 00:00:00,2627.64,1,REF-2934745
1248,2619,2021-11-21 00:00:00,3737.71,4,REF-1085346
1249,2620,2022-04-15 00:00:00,4179.91,2,REF-1695115
1250,2621,2025-11-24 00:00:00,4309.93,2,REF-8119068
1251,2623,2022-04-24 00:00:00,169.66,3,REF-4362658
1252,2632,2021-05-27 00:00:00,1513.07,1,REF-3746115
1253,2635,2023-06-07 00:00:00,7020.17,4,REF-5345071
1254,2637,2022-11-12 00:00:00,1740.68,3,REF-1837210
1255,2641,2025-01-07 00:00:00,3022.28,1,REF-5933523
1256,2642,2025-03-15 00:00:00,9053.31,4,REF-2196024
1257,2647,2021-11-02 00:00:00,6485.81,3,REF-5906839
1258,2648,2024-11-02 00:00:00,13473.66,2,REF-3536392
1259,2653,2025-06-10 00:00:00,5428.85,4,REF-9650492
1260,2656,2021-07-19 00:00:00,1923.96,2,REF-1766410
1261,2657,2024-09-05 00:00:00,3089.79,1,REF-1181190
1262,2658,2025-03-19 00:00:00,2401.05,3,REF-2879609
1263,2660,2023-12-12 00:00:00,8949.42,3,REF-7862686
1264,2661,2022-03-02 00:00:00,2214.26,4,REF-2253929
1265,2662,2025-05-07 00:00:00,7244.7,2,REF-3403662
1266,2664,2024-11-08 00:00:00,433.75,4,REF-8130535
1267,2665,2022-06-15 00:00:00,5912.62,2,REF-5702061
1268,2668,2025-03-08 00:00:00,20324.03,1,REF-3601694
1269,2669,2024-07-17 00:00:00,1356.38,3,REF-6103246
1270,2670,2025-04-28 00:00:00,10498.37,4,REF-2883514
1271,2672,2023-09-02 00:00:00,11961.22,2,REF-7182702
1272,2673,2021-07-20 00:00:00,8323.85,1,REF-4136124
1273,2674,2025-02-04 00:00:00,9190.1,1,REF-2709543
1274,2675,2021-07-02 00:00:00,2285.43,2,REF-8403847
1275,2679,2023-03-12 00:00:00,2455.8,3,REF-4048384
1276,2680,2025-04-07 00:00:00,4902.09,3,REF-2557819
1277,2684,2024-12-21 00:00:00,5845.51,4,REF-4589753
1278,2685,2025-10-30 00:00:00,1643.52,3,REF-5347991
1279,2686,2021-02-14 00:00:00,2604.07,4,REF-7869641
1280,2687,2022-03-10 00:00:00,5531.1,3,REF-4060868
1281,2691,2022-11-23 00:00:00,485.11,3,REF-1218551
1282,2694,2021-10-14 00:00:00,5698.35,2,REF-2511202
1283,2696,2024-08-14 00:00:00,31853.08,1,REF-5980062
1284,2700,2022-09-18 00:00:00,8051.23,2,REF-8947446
1285,2701,2023-10-19 00:00:00,6732.62,2,REF-8481918
1286,2702,2022-06-04 00:00:00,1031.41,1,REF-7774577
1287,2703,2026-01-07 00:00:00,5645.14,4,REF-6272982
1288,2704,2022-05-07 00:00:00,4437.13,1,REF-2177130
1289,2705,2022-12-31 00:00:00,4672.42,2,REF-2096625
1290,2709,2022-02-16 00:00:00,2702.22,1,REF-1638204
1291,2710,2021-12-02 00:00:00,3673.86,2,REF-4929723
1292,2711,2021-02-27 00:00:00,3425.09,1,REF-7160387
1293,2712,2025-05-15 00:00:00,6709.89,3,REF-9413887
1294,2716,2021-05-16 00:00:00,10090.32,4,REF-5137971
1295,2717,2023-02-25 00:00:00,9362.8,3,REF-8070881
1296,2718,2023-02-15 00:00:00,3343.63,2,REF-7868910
1297,2719,2021-08-17 00:00:00,5458.36,2,REF-4514137
1298,2721,2023-09-06 00:00:00,13506.64,4,REF-6039542
1299,2724,2021-10-08 00:00:00,5796.09,4,REF-2539917
1300,2727,2024-12-15 00:00:00,2814.26,1,REF-9012771
1301,2728,2024-02-13 00:00:00,4651.88,1,REF-9018425
1302,2733,2022-08-22 00:00:00,8396.27,4,REF-8518574
1303,2734,2021-03-03 00:00:00,1696.02,2,REF-4764135
1304,2735,2025-06-14 00:00:00,9471.71,3,REF-7743294
1305,2738,2025-12-24 00:00:00,8433.08,3,REF-9004930
1306,2739,2023-10-20 00:00:00,6820.69,2,REF-9852062
1307,2740,2021-07-15 00:00:00,13817.69,3,REF-1736044
1308,2741,2024-12-29 00:00:00,5349.76,1,REF-5326905
1309,2742,2023-10-15 00:00:00,4359.73,4,REF-8400221
1310,2743,2023-07-12 00:00:00,4550.63,3,REF-8560911
1311,2749,2025-03-02 00:00:00,4806.09,4,REF-2255024
1312,2754,2024-01-18 00:00:00,12005.6,3,REF-2451591
1313,2756,2022-10-23 00:00:00,11860.35,2,REF-4612331
1314,2759,2024-04-19 00:00:00,719.11,3,REF-1301685
1315,2762,2024-07-28 00:00:00,3011.68,3,REF-5539328
1316,2763,2023-04-24 00:00:00,7477.01,1,REF-4445465
1317,2764,2025-11-07 00:00:00,1235.42,3,REF-2327612
1318,2765,2025-02-08 00:00:00,9258.56,2,REF-1356046
1319,2766,2021-01-06 00:00:00,5528.95,3,REF-4086952
1320,2767,2024-09-16 00:00:00,9618.16,3,REF-3577718
1321,2768,2023-05-26 00:00:00,2912.11,2,REF-1966501
1322,2769,2021-10-11 00:00:00,13497.09,2,REF-2479053
1323,2773,2022-02-16 00:00:00,2670.39,3,REF-5010428
1324,2774,2024-07-08 00:00:00,9068.99,3,REF-6780380
1325,2775,2023-06-08 00:00:00,7688.47,2,REF-5110642
