shipment_id,order_id,shipment_date,carrier_name,tracking_number,delivery_status
1,2,2023-11-25 19:05:17,UPS,1Z30497AX43694414,DELIVERED
2,4,2024-03-10 06:17:49,DHL,1Z45550AX77051693,DELIVERED
3,5,2023-04-04 08:10:41,UPS,1Z42011AX23633365,IN_TRANSIT
4,7,2021-02-08 05:02:36,UPS,1Z11960AX45893935,DELIVERED
5,9,2025-11-18 09:56:08,Amazon Logistics,1Z86930AX29062252,DELIVERED
6,11,2022-10-09 21:22:51,Amazon Logistics,1Z49135AX97732056,DELIVERED
7,13,2025-02-04 09:14:38,USPS,1Z76973AX64862856,IN_TRANSIT
8,15,2022-09-07 01:43:24,Amazon Logistics,1Z95896AX37901475,DELIVERED
9,19,2021-01-16 10:30:02,UPS,1Z97661AX36223952,DELIVERED
10,20,2024-07-23 05:02:48,FedEx,1Z74030AX95654838,DELIVERED
11,23,2024-01-12 13:04:03,DHL,1Z52421AX60266531,DELIVERED
12,26,2024-12-11 16:12:56,UPS,1Z96566AX57429741,IN_TRANSIT
13,28,2024-09-28 12:45:41,UPS,1Z90033AX61913313,DELIVERED
14,31,2021-09-13 10:55:22,Amazon Logistics,1Z82954AX37928367,IN_TRANSIT
15,33,2024-12-20 22:47:26,DHL,1Z62293AX78445128,DELIVERED
16,36,2021-11-05 22:30:38,USPS,1Z66717AX44544815,IN_TRANSIT
17,39,2023-10-02 04:58:45,Amazon Logistics,1Z27824AX43145181,DELIVERED
18,40,2024-10-05 04:10:34,UPS,1Z75946AX20420097,IN_TRANSIT
19,42,2021-03-12 17:43:10,UPS,1Z82518AX76649742,DELIVERED
20,46,2022-09-12 19:33:22,Amazon Logistics,1Z83340AX34231265,DELIVERED
21,49,2022-08-18 12:02:35,DHL,1Z70843AX56617488,IN_TRANSIT
22,50,2021-09-25 12:29:25,DHL,1Z76108AX61341224,IN_TRANSIT
23,59,2023-03-11 09:06:03,FedEx,1Z40930AX34763372,DELIVERED
24,61,2025-07-09 01:16:54,USPS,1Z42893AX26505884,IN_TRANSIT
25,68,2025-01-23 00:43:34,USPS,1Z33386AX44526936,DELIVERED
26,74,2021-04-24 13:04:57,UPS,1Z56048AX12943125,IN_TRANSIT
27,76,2023-08-01 17:59:09,USPS,1Z95562AX25305603,IN_TRANSIT
28,78,2025-09-06 22:36:43,USPS,1Z58407AX19928989,IN_TRANSIT
29,80,2024-12-05 19:11:52,USPS,1Z70844AX21916575,IN_TRANSIT
30,83,2023-04-24 01:19:55,DHL,1Z87906AX35034183,IN_TRANSIT
31,86,2022-12-05 07:33:03,FedEx,1Z50015AX94983982,IN_TRANSIT
32,87,2022-03-17 15:18:57,Amazon Logistics,1Z98151AX38432383,DELIVERED
33,89,2022-03-04 15:00:02,Amazon Logistics,1Z27314AX98572409,IN_TRANSIT
34,99,2022-07-15 03:33:45,Amazon Logistics,1Z39160AX83382652,IN_TRANSIT
35,101,2023-02-28 15:55:00,DHL,1Z44711AX14435794,IN_TRANSIT
36,104,2023-02-11 22:38:26,FedEx,1Z86183AX88395501,DELIVERED
37,109,2024-01-27 15:18:12,USPS,1Z87882AX47316338,DELIVERED
38,110,2022-03-17 00:36:37,USPS,1Z30572AX55819550,IN_TRANSIT
39,111,2021-04-05 09:43:36,Amazon Logistics,1Z86040AX94548710,IN_TRANSIT
40,113,2024-10-05 12:34:06,UPS,1Z37563AX13019068,DELIVERED
41,119,2023-09-13 08:04:27,FedEx,1Z38968AX32224037,IN_TRANSIT
42,121,2022-03-20 06:42:26,Amazon Logistics,1Z27875AX31917481,DELIVERED
43,122,2023-08-24 05:32:35,UPS,1Z98129AX12148880,DELIVERED
44,126,2024-10-28 17:03:17,USPS,1Z74177AX87441232,IN_TRANSIT
45,134,2023-04-19 20:22:33,UPS,1Z70892AX63848811,IN_TRANSIT
46,137,2023-07-03 03:40:46,Amazon Logistics,1Z22024AX42922249,IN_TRANSIT
47,140,2021-06-28 03:32:36,UPS,1Z43166AX55609273,IN_TRANSIT
48,147,2022-12-27 09:36:29,Amazon Logistics,1Z23500AX48328636,DELIVERED
49,148,2021-01-24 10:12:55,DHL,1Z53096AX97065364,IN_TRANSIT
50,153,2021-06-17 20:55:59,FedEx,1Z28487AX50931556,IN_TRANSIT
51,164,2021-03-04 13:39:14,USPS,1Z32813AX75369836,IN_TRANSIT
52,165,2021-07-13 12:06:06,USPS,1Z63123AX99516349,IN_TRANSIT
53,167,2023-12-20 17:20:44,UPS,1Z35868AX18829626,DELIVERED
54,168,2024-05-18 13:47:13,FedEx,1Z24059AX15492652,IN_TRANSIT
55,171,2022-05-10 11:24:22,FedEx,1Z90342AX41936839,DELIVERED
56,174,2025-01-26 17:31:40,Amazon Logistics,1Z13656AX58725844,IN_TRANSIT
57,185,2022-11-09 23:02:02,USPS,1Z44431AX51620032,DELIVERED
58,187,2024-02-02 10:57:49,USPS,1Z47641AX62550703,DELIVERED
59,189,2024-06-16 05:12:02,UPS,1Z53559AX57144510,DELIVERED
60,191,2022-06-08 23:32:42,FedEx,1Z30294AX71794433,DELIVERED
61,192,2021-08-10 06:54:05,Amazon Logistics,1Z31768AX43899215,DELIVERED
62,193,2023-05-21 01:50:20,DHL,1Z66330AX46014062,DELIVERED
63,194,2023-12-16 06:24:39,FedEx,1Z84902AX43753631,DELIVERED
64,196,2021-07-27 03:23:26,USPS,1Z79141AX85276349,IN_TRANSIT
65,200,2025-08-28 19:21:27,FedEx,1Z29658AX95595201,DELIVERED
66,208,2023-06-19 13:15:12,UPS,1Z54048AX55452775,DELIVERED
67,211,2025-01-05 11:11:19,USPS,1Z57151AX98987040,IN_TRANSIT
68,213,2024-04-06 12:45:51,Amazon Logistics,1Z77430AX10859966,DELIVERED
69,214,2022-01-19 00:41:11,UPS,1Z12388AX22542906,IN_TRANSIT
70,216,2024-11-23 03:31:09,USPS,1Z92857AX22914302,DELIVERED
71,218,2024-02-28 22:33:37,DHL,1Z58487AX42179473,IN_TRANSIT
72,220,2022-06-27 06:57:33,USPS,1Z40281AX24693903,IN_TRANSIT
73,221,2023-06-07 09:50:13,UPS,1Z63239AX88435858,DELIVERED
74,222,2023-09-23 05:57:35,UPS,1Z12161AX96378992,DELIVERED
75,224,2025-09-02 16:30:46,DHL,1Z42361AX58722559,IN_TRANSIT
76,227,2021-04-14 16:28:56,FedEx,1Z26542AX66830546,IN_TRANSIT
77,228,2021-01-17 09:12:32,Amazon Logistics,1Z34087AX60424323,IN_TRANSIT
78,231,2021-04-21 15:09:05,USPS,1Z61385AX37653867,IN_TRANSIT
79,237,2025-09-26 11:06:13,USPS,1Z37074AX73938078,IN_TRANSIT
80,238,2022-11-08 17:43:22,UPS,1Z90901AX14062534,IN_TRANSIT
81,239,2023-04-14 16:41:14,Amazon Logistics,1Z85510AX27878808,DELIVERED
82,241,2022-01-21 12:00:27,DHL,1Z37415AX91792600,IN_TRANSIT
83,242,2024-09-26 16:57:27,DHL,1Z76507AX99774868,DELIVERED
84,244,2022-08-01 14:36:33,DHL,1Z30478AX81096383,IN_TRANSIT
85,248,2025-11-22 12:37:52,USPS,1Z78782AX46920127,DELIVERED
86,252,2025-10-25 09:51:58,FedEx,1Z59284AX66625075,IN_TRANSIT
87,253,2023-08-29 20:21:48,DHL,1Z64776AX52056120,DELIVERED
88,255,2022-11-15 15:40:22,Amazon Logistics,1Z80034AX45552579,IN_TRANSIT
89,259,2021-05-26 23:53:11,USPS,1Z39314AX33701657,IN_TRANSIT
90,261,2023-01-21 09:31:59,USPS,1Z13302AX57592743,IN_TRANSIT
91,262,2021-09-12 19:59:08,DHL,1Z28628AX47538154,DELIVERED
92,267,2022-04-05 01:07:28,Amazon Logistics,1Z50670AX26700296,IN_TRANSIT
93,272,2023-07-09 21:36:18,DHL,1Z70315AX69032039,IN_TRANSIT
94,274,2024-08-30 04:45:05,FedEx,1Z30807AX37657158,DELIVERED
95,276,2021-12-21 10:03:47,FedEx,1Z52581AX56729740,DELIVERED
96,277,2025-09-15 06:50:41,USPS,1Z32376AX86163985,IN_TRANSIT
97,279,2021-06-13 10:09:07,FedEx,1Z42993AX62361493,IN_TRANSIT
98,287,2025-08-11 20:32:10,FedEx,1Z80077AX79355424,IN_TRANSIT
99,288,2021-06-26 06:23:42,Amazon Logistics,1Z15065AX88241523,DELIVERED
100,295,2023-12-22 21:58:44,DHL,1Z71729AX87895839,DELIVERED
101,301,2022-12-14 14:14:40,DHL,1Z33532AX54718147,IN_TRANSIT
102,305,2025-07-27 00:11:30,Amazon Logistics,1Z21217AX81529982,IN_TRANSIT
103,306,2024-06-25 23:23:29,UPS,1Z78002AX30271496,IN_TRANSIT
104,307,2022-12-29 13:13:28,UPS,1Z23824AX81310707,IN_TRANSIT
105,308,2024-12-06 13:05:54,Amazon Logistics,1Z97684AX30183636,DELIVERED
106,311,2025-02-20 13:44:02,Amazon Logistics,1Z15138AX65766653,DELIVERED
107,316,2024-07-24 06:25:52,DHL,1Z36641AX75300130,DELIVERED
108,317,2022-02-06 20:26:12,Amazon Logistics,1Z39286AX57211362,IN_TRANSIT
109,320,2023-12-01 02:22:35,DHL,1Z81610AX68612352,IN_TRANSIT
110,321,2024-12-02 16:35:49,Amazon Logistics,1Z21287AX32375590,DELIVERED
111,324,2022-12-13 21:28:13,UPS,1Z25283AX21441455,DELIVERED
112,326,2021-04-18 03:51:57,DHL,1Z86135AX85588322,IN_TRANSIT
113,327,2023-07-07 04:34:05,Amazon Logistics,1Z48261AX11535461,IN_TRANSIT
114,329,2023-09-08 12:48:50,DHL,1Z68215AX49555898,DELIVERED
115,333,2022-05-02 19:21:28,Amazon Logistics,1Z19175AX87706345,IN_TRANSIT
116,334,2025-03-08 07:31:49,UPS,1Z82105AX41887895,IN_TRANSIT
117,336,2023-01-15 01:03:13,FedEx,1Z71744AX78416521,DELIVERED
118,337,2024-04-28 17:33:46,FedEx,1Z35302AX71289206,IN_TRANSIT
119,348,2024-09-13 13:19:33,UPS,1Z31485AX24682240,DELIVERED
120,350,2025-01-18 16:44:05,FedEx,1Z25316AX37766958,DELIVERED
121,351,2023-02-11 17:24:28,FedEx,1Z90413AX79295379,DELIVERED
122,353,2025-01-19 14:42:11,FedEx,1Z72231AX61460612,IN_TRANSIT
123,356,2021-10-31 03:30:34,FedEx,1Z86935AX58263752,IN_TRANSIT
124,357,2023-03-09 09:00:17,UPS,1Z57373AX64801267,IN_TRANSIT
125,358,2024-09-08 20:10:10,Amazon Logistics,1Z62316AX29376879,IN_TRANSIT
126,361,2021-02-08 20:23:53,UPS,1Z49024AX96466585,IN_TRANSIT
127,362,2022-12-17 07:08:54,UPS,1Z79667AX83497492,DELIVERED
128,366,2021-07-21 23:14:11,FedEx,1Z64129AX28466368,DELIVERED
129,370,2025-08-25 03:43:51,FedEx,1Z74110AX98686832,IN_TRANSIT
130,371,2025-07-22 05:57:18,DHL,1Z43847AX84845936,DELIVERED
131,376,2023-09-20 19:52:05,USPS,1Z66870AX75574836,IN_TRANSIT
132,382,2025-08-22 20:01:33,DHL,1Z17372AX84166254,IN_TRANSIT
133,385,2021-09-16 20:12:19,UPS,1Z61304AX98735888,DELIVERED
134,387,2021-02-27 17:46:49,USPS,1Z85550AX61781629,DELIVERED
135,388,2021-12-13 08:39:39,UPS,1Z76529AX73425747,IN_TRANSIT
136,389,2024-12-17 17:45:01,Amazon Logistics,1Z80153AX25062686,DELIVERED
137,390,2023-07-29 02:57:52,Amazon Logistics,1Z28186AX68064298,IN_TRANSIT
138,391,2023-03-06 11:57:31,Amazon Logistics,1Z17063AX44721902,IN_TRANSIT
139,395,2025-08-25 22:36:28,USPS,1Z52608AX10528184,IN_TRANSIT
140,406,2023-11-18 02:24:14,FedEx,1Z41234AX48811449,DELIVERED
141,407,2025-01-13 02:05:38,DHL,1Z85886AX58114644,DELIVERED
142,415,2024-11-30 11:14:46,FedEx,1Z63761AX25204777,DELIVERED
143,418,2022-06-21 09:38:41,DHL,1Z91097AX91701671,DELIVERED
144,419,2023-09-09 08:38:07,FedEx,1Z99132AX48139506,DELIVERED
145,427,2025-05-15 13:02:31,FedEx,1Z53832AX25737530,IN_TRANSIT
146,429,2022-10-01 19:59:53,FedEx,1Z32810AX54662896,IN_TRANSIT
147,430,2025-07-25 19:50:58,UPS,1Z85362AX99030170,IN_TRANSIT
148,433,2024-01-23 00:19:15,USPS,1Z80761AX73135505,DELIVERED
149,436,2024-03-12 19:31:24,UPS,1Z82413AX97745429,IN_TRANSIT
150,442,2022-06-17 18:41:37,FedEx,1Z60467AX72390200,IN_TRANSIT
151,444,2023-03-09 03:45:57,Amazon Logistics,1Z26340AX42734722,IN_TRANSIT
152,445,2024-02-27 09:33:01,UPS,1Z38784AX46178463,IN_TRANSIT
153,446,2021-02-19 02:28:08,Amazon Logistics,1Z64636AX68221751,IN_TRANSIT
154,450,2025-11-24 00:35:00,FedEx,1Z10961AX29734094,IN_TRANSIT
155,451,2022-03-12 06:39:58,Amazon Logistics,1Z19286AX34092402,IN_TRANSIT
156,453,2022-07-08 08:08:56,DHL,1Z64636AX28956575,DELIVERED
157,454,2021-07-04 20:16:20,Amazon Logistics,1Z52917AX18929624,DELIVERED
158,455,2023-07-09 06:47:57,UPS,1Z73503AX20930278,IN_TRANSIT
159,456,2022-04-20 01:40:07,USPS,1Z57342AX26913351,IN_TRANSIT
160,459,2023-04-19 00:58:04,UPS,1Z88343AX67736067,DELIVERED
161,460,2022-02-10 07:04:21,UPS,1Z71769AX14750990,DELIVERED
162,462,2023-01-17 22:58:57,UPS,1Z96978AX32339669,DELIVERED
163,464,2021-10-20 02:50:32,FedEx,1Z92394AX17877722,IN_TRANSIT
164,465,2021-09-30 19:35:58,FedEx,1Z27146AX84080817,IN_TRANSIT
165,466,2024-09-08 17:59:22,FedEx,1Z16859AX51365732,DELIVERED
166,470,2021-03-14 10:24:13,Amazon Logistics,1Z65912AX36210324,DELIVERED
167,473,2025-04-08 16:28:47,USPS,1Z10858AX24567415,DELIVERED
168,480,2022-11-18 17:54:10,DHL,1Z52163AX88351171,IN_TRANSIT
169,481,2024-12-20 02:03:11,DHL,1Z96451AX13259761,IN_TRANSIT
170,484,2025-07-10 21:57:37,Amazon Logistics,1Z83182AX10575774,DELIVERED
171,491,2023-01-21 00:26:22,FedEx,1Z48525AX16098188,DELIVERED
172,495,2025-05-30 01:59:07,Amazon Logistics,1Z35639AX15171516,DELIVERED
173,496,2024-01-24 07:53:06,USPS,1Z17306AX45484448,IN_TRANSIT
174,498,2025-11-03 16:22:06,FedEx,1Z44515AX80719079,IN_TRANSIT
175,503,2021-06-03 07:46:16,Amazon Logistics,1Z99984AX26478699,IN_TRANSIT
176,504,2025-03-06 10:45:10,UPS,1Z70638AX48057846,IN_TRANSIT
177,506,2022-03-09 14:01:16,USPS,1Z89180AX88783991,IN_TRANSIT
178,507,2025-08-12 05:35:39,USPS,1Z61970AX46874082,DELIVERED
179,510,2025-02-28 10:59:30,Amazon Logistics,1Z14519AX33097495,DELIVERED
180,515,2024-11-06 06:07:05,FedEx,1Z75187AX10750261,DELIVERED
181,516,2022-06-18 20:35:37,UPS,1Z24336AX41211298,IN_TRANSIT
182,519,2023-07-12 13:46:11,FedEx,1Z66385AX76541919,DELIVERED
183,523,2024-09-23 04:54:28,FedEx,1Z34116AX18407603,DELIVERED
184,524,2022-09-18 14:08:47,USPS,1Z26974AX25817857,DELIVERED
185,528,2023-10-05 17:04:59,UPS,1Z62275AX74605138,DELIVERED
186,529,2024-05-17 05:08:51,DHL,1Z99711AX10310603,IN_TRANSIT
187,531,2023-08-14 05:25:57,DHL,1Z33544AX85167133,DELIVERED
188,533,2022-08-03 06:44:37,FedEx,1Z33599AX19561463,DELIVERED
189,536,2025-05-16 10:48:39,Amazon Logistics,1Z31511AX83423989,IN_TRANSIT
190,541,2022-10-30 19:19:23,USPS,1Z49173AX26347771,DELIVERED
191,545,2022-09-07 07:32:27,UPS,1Z27847AX40736441,IN_TRANSIT
192,547,2021-06-28 11:22:29,USPS,1Z82907AX43607799,IN_TRANSIT
193,548,2023-02-15 20:28:50,UPS,1Z51191AX76326234,DELIVERED
194,549,2021-06-25 17:46:00,UPS,1Z72942AX90986372,IN_TRANSIT
195,550,2024-05-22 07:17:38,FedEx,1Z93409AX72335385,DELIVERED
196,551,2023-06-09 06:01:24,Amazon Logistics,1Z82352AX51980263,IN_TRANSIT
197,552,2024-10-09 14:22:59,DHL,1Z83939AX40443787,DELIVERED
198,553,2024-03-20 20:13:02,USPS,1Z12936AX66461130,IN_TRANSIT
199,554,2022-11-12 07:19:09,DHL,1Z19880AX25395903,DELIVERED
200,555,2023-10-03 00:18:26,USPS,1Z49890AX87925390,IN_TRANSIT
201,556,2021-03-02 01:42:45,UPS,1Z29052AX49553043,DELIVERED
202,559,2024-01-22 04:20:44,USPS,1Z43226AX98062417,DELIVERED
203,560,2021-11-10 20:39:40,Amazon Logistics,1Z16737AX14909885,IN_TRANSIT
204,564,2021-06-01 10:00:55,UPS,1Z27359AX58661662,DELIVERED
205,565,2025-08-04 01:25:44,USPS,1Z65311AX58108050,DELIVERED
206,570,2024-10-06 13:47:48,USPS,1Z93735AX59071549,DELIVERED
207,574,2022-12-03 06:38:01,Amazon Logistics,1Z19748AX41273166,DELIVERED
208,577,2024-06-25 03:08:40,FedEx,1Z10562AX35473502,IN_TRANSIT
209,579,2023-06-11 00:47:59,Amazon Logistics,1Z21442AX70357397,DELIVERED
210,580,2023-01-25 16:47:31,DHL,1Z56106AX66982360,DELIVERED
211,583,2021-03-28 12:32:17,USPS,1Z40723AX23638566,DELIVERED
212,593,2021-08-29 13:59:40,Amazon Logistics,1Z13529AX49278133,DELIVERED
213,594,2024-08-19 04:47:48,DHL,1Z57557AX81255091,DELIVERED
214,595,2025-05-25 09:58:29,FedEx,1Z95987AX82371691,IN_TRANSIT
215,596,2024-06-13 19:19:27,UPS,1Z68794AX87150327,DELIVERED
216,597,2024-07-23 14:40:45,USPS,1Z15823AX33401705,IN_TRANSIT
217,598,2023-12-05 09:50:04,USPS,1Z41669AX52762047,IN_TRANSIT
218,599,2023-09-12 16:18:03,USPS,1Z48914AX33884047,IN_TRANSIT
219,600,2021-05-18 04:11:29,Amazon Logistics,1Z47193AX54737008,DELIVERED
220,604,2022-05-10 17:04:07,DHL,1Z21228AX71152470,DELIVERED
221,606,2025-08-23 21:31:28,UPS,1Z90093AX25300578,DELIVERED
222,607,2021-04-13 21:17:10,Amazon Logistics,1Z71536AX61528711,IN_TRANSIT
223,610,2025-04-26 01:38:04,UPS,1Z48671AX22770725,IN_TRANSIT
224,613,2021-02-23 04:31:46,FedEx,1Z82365AX16676991,DELIVERED
225,614,2022-04-05 18:52:38,DHL,1Z87184AX71619310,IN_TRANSIT
226,616,2021-10-03 13:22:44,FedEx,1Z31303AX81910367,DELIVERED
227,624,2024-07-30 16:09:37,FedEx,1Z72019AX94441560,IN_TRANSIT
228,626,2024-06-06 20:19:16,FedEx,1Z91783AX94256262,DELIVERED
229,627,2021-12-17 22:22:10,Amazon Logistics,1Z85626AX17351023,IN_TRANSIT
230,628,2021-01-20 11:48:37,DHL,1Z66777AX46262961,DELIVERED
231,630,2024-03-31 08:40:34,USPS,1Z33352AX56131078,DELIVERED
232,634,2022-05-02 23:55:13,FedEx,1Z32849AX31409441,IN_TRANSIT
233,638,2023-12-28 23:38:58,FedEx,1Z95754AX82769734,IN_TRANSIT
234,639,2021-02-20 18:07:44,UPS,1Z96630AX68004197,DELIVERED
235,640,2022-08-03 04:58:00,USPS,1Z47812AX53630017,IN_TRANSIT
236,644,2024-03-29 11:00:05,UPS,1Z64044AX34686324,DELIVERED
237,645,2024-03-14 11:30:06,UPS,1Z17738AX71430266,DELIVERED
238,649,2025-11-17 17:52:19,USPS,1Z26074AX42627690,IN_TRANSIT
239,650,2025-09-02 19:28:14,DHL,1Z11669AX90736994,DELIVERED
240,653,2024-06-29 11:52:36,FedEx,1Z23751AX53691679,DELIVERED
241,654,2022-11-22 03:43:39,USPS,1Z23779AX20238530,IN_TRANSIT
242,655,2022-05-16 21:36:50,Amazon Logistics,1Z96815AX81256490,DELIVERED
243,656,2024-10-20 14:56:56,UPS,1Z24235AX24254457,IN_TRANSIT
244,658,2024-02-08 10:22:11,Amazon Logistics,1Z30484AX50986319,DELIVERED
245,660,2021-01-17 16:09:52,FedEx,1Z44257AX22243783,IN_TRANSIT
246,661,2022-06-25 11:06:30,DHL,1Z19644AX73413874,IN_TRANSIT
247,663,2021-01-27 23:47:11,FedEx,1Z34036AX27001204,DELIVERED
248,665,2024-03-13 06:49:19,UPS,1Z43559AX34351957,DELIVERED
249,667,2023-05-26 22:08:24,DHL,1Z99027AX96767042,DELIVERED
250,674,2023-01-15 11:41:32,FedEx,1Z71576AX96133751,IN_TRANSIT
251,675,2025-11-24 13:06:31,UPS,1Z31849AX48061516,IN_TRANSIT
252,676,2025-09-09 14:59:29,USPS,1Z82214AX27617460,DELIVERED
253,679,2021-04-29 05:39:25,UPS,1Z78353AX66160784,IN_TRANSIT
254,682,2022-12-30 22:50:47,Amazon Logistics,1Z49589AX66238308,DELIVERED
255,686,2023-11-11 17:59:11,USPS,1Z40988AX78672434,DELIVERED
256,692,2022-10-28 14:19:40,FedEx,1Z12129AX79091413,DELIVERED
257,694,2023-11-14 11:49:54,UPS,1Z89761AX51637881,DELIVERED
258,696,2025-01-22 22:27:41,FedEx,1Z98092AX10449033,IN_TRANSIT
259,705,2022-07-06 20:19:57,USPS,1Z62197AX50365862,DELIVERED
260,707,2024-06-01 14:16:18,FedEx,1Z97244AX49949415,IN_TRANSIT
261,708,2022-09-22 19:40:52,FedEx,1Z12809AX70542981,IN_TRANSIT
262,709,2023-03-12 10:39:43,FedEx,1Z57654AX79009282,IN_TRANSIT
263,713,2024-06-01 23:44:16,Amazon Logistics,1Z23673AX33616895,IN_TRANSIT
264,715,2022-07-02 19:07:49,FedEx,1Z56129AX63132164,IN_TRANSIT
265,717,2022-07-09 01:58:06,USPS,1Z43346AX31556856,DELIVERED
266,718,2025-02-07 12:04:00,Amazon Logistics,1Z32646AX36392712,DELIVERED
267,719,2025-10-22 08:32:52,FedEx,1Z43581AX76116233,IN_TRANSIT
268,721,2021-06-19 22:40:37,Amazon Logistics,1Z17346AX39847223,IN_TRANSIT
269,722,2023-03-23 02:18:03,UPS,1Z46428AX36337087,IN_TRANSIT
270,725,2025-12-31 07:32:50,UPS,1Z86568AX83230299,IN_TRANSIT
271,728,2022-10-21 20:29:31,Amazon Logistics,1Z86011AX98492227,DELIVERED
272,729,2024-12-16 11:39:46,Amazon Logistics,1Z66564AX30656178,IN_TRANSIT
273,730,2022-09-10 13:15:11,FedEx,1Z13709AX18319779,DELIVERED
274,733,2023-01-23 00:49:39,FedEx,1Z99033AX75741235,IN_TRANSIT
275,740,2024-04-05 05:52:56,Amazon Logistics,1Z13742AX46547055,IN_TRANSIT
276,742,2023-12-28 12:21:12,USPS,1Z70441AX81625576,DELIVERED
277,743,2022-12-19 20:53:07,USPS,1Z77403AX86632380,DELIVERED
278,745,2025-05-19 20:07:26,Amazon Logistics,1Z58784AX29007382,DELIVERED
279,749,2024-04-23 14:23:19,DHL,1Z70921AX19081626,IN_TRANSIT
280,751,2021-06-27 09:50:07,UPS,1Z31312AX56639956,DELIVERED
281,752,2021-10-07 02:18:03,DHL,1Z77318AX41945150,IN_TRANSIT
282,753,2025-05-25 21:24:48,FedEx,1Z42336AX53056818,IN_TRANSIT
283,755,2021-03-31 22:23:19,USPS,1Z34480AX31611514,IN_TRANSIT
284,756,2024-08-04 17:18:13,Amazon Logistics,1Z72244AX27577518,DELIVERED
285,759,2025-05-26 07:21:28,UPS,1Z77140AX55079774,IN_TRANSIT
286,760,2023-11-13 13:14:37,DHL,1Z85301AX67117185,IN_TRANSIT
287,769,2023-10-03 10:26:33,UPS,1Z39110AX63480302,DELIVERED
288,770,2025-06-02 13:46:22,USPS,1Z63919AX67268095,DELIVERED
289,771,2024-04-30 17:01:30,USPS,1Z27992AX13526472,DELIVERED
290,772,2022-09-16 23:02:00,FedEx,1Z47008AX75627699,DELIVERED
291,774,2023-10-12 08:58:24,FedEx,1Z27831AX33337820,DELIVERED
292,776,2023-08-03 19:31:58,UPS,1Z68562AX16630820,IN_TRANSIT
293,781,2025-01-14 10:23:09,FedEx,1Z77417AX29856390,DELIVERED
294,782,2024-01-05 11:55:10,UPS,1Z81952AX14640122,IN_TRANSIT
295,783,2021-06-28 15:06:33,USPS,1Z84715AX55589533,IN_TRANSIT
296,784,2022-03-05 10:25:29,USPS,1Z78711AX78139579,IN_TRANSIT
297,788,2022-08-12 19:45:40,FedEx,1Z31116AX93114915,DELIVERED
298,791,2022-06-29 20:16:14,USPS,1Z69831AX93964495,IN_TRANSIT
299,792,2021-07-11 12:42:27,UPS,1Z67743AX44704051,IN_TRANSIT
300,794,2024-10-14 07:49:06,FedEx,1Z74536AX52492644,IN_TRANSIT
301,796,2022-01-12 10:13:06,UPS,1Z66600AX47561832,IN_TRANSIT
302,799,2022-01-17 07:17:20,UPS,1Z98191AX90056498,IN_TRANSIT
303,804,2025-09-29 12:12:48,UPS,1Z16250AX42245990,DELIVERED
304,808,2022-11-06 06:29:35,USPS,1Z45063AX12904756,DELIVERED
305,809,2022-05-01 14:16:41,Amazon Logistics,1Z96994AX16670919,IN_TRANSIT
306,810,2025-12-30 13:00:02,USPS,1Z22425AX56363363,IN_TRANSIT
307,814,2021-04-24 05:21:15,DHL,1Z77942AX38228819,IN_TRANSIT
308,816,2025-07-19 09:46:54,Amazon Logistics,1Z69616AX39093359,IN_TRANSIT
309,818,2024-08-10 08:22:57,FedEx,1Z43724AX16308208,DELIVERED
310,819,2022-01-18 18:06:59,Amazon Logistics,1Z37833AX17200713,IN_TRANSIT
311,821,2022-11-03 14:48:50,Amazon Logistics,1Z75616AX68631978,IN_TRANSIT
312,826,2025-02-28 19:39:44,UPS,1Z53826AX86549121,IN_TRANSIT
313,828,2022-07-15 13:12:03,DHL,1Z47311AX26320037,DELIVERED
314,829,2021-07-14 12:01:40,Amazon Logistics,1Z32512AX62860025,DELIVERED
315,832,2025-03-26 18:07:51,FedEx,1Z33598AX74572968,DELIVERED
316,835,2023-09-16 12:26:18,Amazon Logistics,1Z19910AX47771531,DELIVERED
317,838,2022-05-29 16:36:59,USPS,1Z12828AX53691923,DELIVERED
318,843,2023-10-16 00:21:57,Amazon Logistics,1Z38261AX70488723,DELIVERED
319,844,2024-10-24 14:59:35,DHL,1Z89262AX48366428,DELIVERED
320,846,2023-08-23 03:48:43,USPS,1Z37669AX75145759,IN_TRANSIT
321,856,2023-03-25 14:41:43,FedEx,1Z60766AX45436141,IN_TRANSIT
322,857,2021-07-10 04:50:50,UPS,1Z70050AX43810149,DELIVERED
323,858,2024-09-21 09:35:19,Amazon Logistics,1Z87703AX10560203,DELIVERED
324,859,2023-06-19 23:49:47,FedEx,1Z26092AX52060043,DELIVERED
325,860,2024-06-11 00:37:04,FedEx,1Z54524AX12641736,DELIVERED
326,868,2023-03-02 13:58:50,FedEx,1Z66580AX99320141,IN_TRANSIT
327,873,2025-09-10 12:53:55,Amazon Logistics,1Z38128AX88632067,IN_TRANSIT
328,881,2023-05-09 07:27:12,DHL,1Z91202AX20480885,IN_TRANSIT
329,886,2023-05-24 23:25:08,USPS,1Z18732AX19382078,IN_TRANSIT
330,887,2025-04-20 20:58:18,Amazon Logistics,1Z49440AX71940425,DELIVERED
331,891,2021-01-15 12:43:34,UPS,1Z50094AX41543763,IN_TRANSIT
332,892,2021-01-07 06:38:53,UPS,1Z39977AX98068395,DELIVERED
333,894,2025-06-10 01:21:49,UPS,1Z89551AX15166317,IN_TRANSIT
334,899,2022-07-28 04:30:48,Amazon Logistics,1Z63728AX11122794,DELIVERED
335,903,2025-12-24 10:55:28,DHL,1Z11317AX36564846,DELIVERED
336,904,2022-07-14 00:49:36,USPS,1Z15193AX63540780,DELIVERED
337,906,2021-11-02 01:45:01,FedEx,1Z66879AX93243747,DELIVERED
338,909,2021-01-20 09:35:59,FedEx,1Z94788AX67672256,DELIVERED
339,910,2022-08-23 11:45:17,Amazon Logistics,1Z63310AX17462332,IN_TRANSIT
340,912,2023-10-04 03:08:00,UPS,1Z46252AX71209722,DELIVERED
341,916,2023-09-12 15:33:04,UPS,1Z15906AX78590101,IN_TRANSIT
342,917,2023-07-13 05:52:20,USPS,1Z60118AX62385887,IN_TRANSIT
343,918,2023-06-02 20:40:26,FedEx,1Z83399AX22157161,IN_TRANSIT
344,919,2023-03-10 19:10:14,UPS,1Z97408AX34665558,IN_TRANSIT
345,923,2024-09-22 00:26:10,USPS,1Z78881AX22210546,DELIVERED
346,924,2021-08-13 07:29:47,DHL,1Z43724AX35470646,IN_TRANSIT
347,927,2023-01-22 00:27:23,DHL,1Z10667AX54060895,IN_TRANSIT
348,928,2022-05-27 16:11:46,UPS,1Z25533AX47226909,IN_TRANSIT
349,929,2024-05-09 19:45:02,Amazon Logistics,1Z51018AX59206310,IN_TRANSIT
350,931,2022-09-01 11:05:35,USPS,1Z46708AX71707391,IN_TRANSIT
351,934,2025-01-09 10:03:01,DHL,1Z95912AX13325989,DELIVERED
352,935,2024-06-20 11:36:21,UPS,1Z93860AX24594730,IN_TRANSIT
353,939,2021-02-28 18:58:23,UPS,1Z19675AX50217388,DELIVERED
354,942,2024-09-04 08:40:26,UPS,1Z80374AX96973904,IN_TRANSIT
355,947,2024-07-01 23:13:52,UPS,1Z15412AX28611682,IN_TRANSIT
356,949,2025-03-12 04:55:22,Amazon Logistics,1Z90310AX80298391,DELIVERED
357,953,2022-04-28 17:30:45,Amazon Logistics,1Z36866AX91158420,IN_TRANSIT
358,954,2024-03-23 05:24:12,Amazon Logistics,1Z53130AX66977877,DELIVERED
359,955,2025-01-17 08:24:53,USPS,1Z46833AX26231544,IN_TRANSIT
360,956,2022-02-21 04:28:28,UPS,1Z26897AX79653553,DELIVERED
361,957,2022-09-02 05:32:32,FedEx,1Z36705AX85885812,IN_TRANSIT
362,958,2021-01-08 08:37:00,DHL,1Z70241AX62162687,DELIVERED
363,959,2021-08-08 19:37:32,Amazon Logistics,1Z45747AX10403173,IN_TRANSIT
364,963,2023-05-20 03:07:35,FedEx,1Z58393AX96366585,IN_TRANSIT
365,964,2023-06-13 02:58:18,DHL,1Z30101AX62289146,IN_TRANSIT
366,965,2025-04-24 22:06:11,USPS,1Z47625AX48616228,IN_TRANSIT
367,969,2025-01-06 22:24:51,Amazon Logistics,1Z64216AX42063452,DELIVERED
368,970,2022-12-20 06:07:03,DHL,1Z54464AX27544095,IN_TRANSIT
369,971,2025-12-30 06:01:47,Amazon Logistics,1Z96848AX43523574,DELIVERED
370,972,2023-09-18 15:02:11,USPS,1Z29023AX27948157,DELIVERED
371,974,2022-11-26 13:42:51,USPS,1Z81908AX85166974,IN_TRANSIT
372,975,2023-11-12 11:37:26,DHL,1Z86876AX51184969,IN_TRANSIT
373,979,2023-04-22 12:01:01,UPS,1Z59120AX98659080,DELIVERED
374,982,2021-02-07 05:10:03,FedEx,1Z88113AX51647693,DELIVERED
375,983,2022-12-26 07:18:01,UPS,1Z17390AX89083742,IN_TRANSIT
376,984,2025-11-03 05:28:22,USPS,1Z20470AX35736146,DELIVERED
377,987,2023-04-25 16:31:04,FedEx,1Z97843AX80610940,IN_TRANSIT
378,988,2023-03-08 15:55:13,Amazon Logistics,1Z54785AX72556017,IN_TRANSIT
379,990,2021-08-16 12:26:57,DHL,1Z23293AX25224220,DELIVERED
380,991,2024-10-17 00:36:25,DHL,1Z43459AX89447679,DELIVERED
381,993,2021-05-27 19:24:45,USPS,1Z95030AX31335669,IN_TRANSIT
382,996,2025-10-20 12:19:07,Amazon Logistics,1Z93695AX87247777,IN_TRANSIT
383,1000,2023-05-04 09:35:57,Amazon Logistics,1Z57168AX81258931,IN_TRANSIT
384,1007,2025-07-06 18:24:23,FedEx,1Z21945AX89822813,IN_TRANSIT
385,1013,2021-04-01 19:47:49,USPS,1Z26450AX87466976,IN_TRANSIT
386,1014,2023-06-14 10:03:25,FedEx,1Z86629AX63647479,DELIVERED
387,1016,2022-01-16 07:36:57,UPS,1Z13404AX83100857,DELIVERED
388,1018,2024-07-17 20:19:58,USPS,1Z84122AX84946565,IN_TRANSIT
389,1021,2025-02-17 23:35:19,UPS,1Z61800AX14499657,IN_TRANSIT
390,1024,2022-03-02 16:33:06,Amazon Logistics,1Z55533AX28495426,DELIVERED
391,1025,2024-02-10 14:11:40,DHL,1Z91950AX41673504,DELIVERED
392,1029,2023-12-14 03:17:22,UPS,1Z99814AX80307275,DELIVERED
393,1030,2021-12-05 00:01:29,UPS,1Z27594AX58570596,DELIVERED
394,1032,2021-05-09 11:53:05,UPS,1Z22934AX56829125,DELIVERED
395,1040,2023-08-21 19:06:00,DHL,1Z34258AX85239105,IN_TRANSIT
396,1041,2025-07-22 19:30:49,FedEx,1Z97641AX93460546,IN_TRANSIT
397,1046,2022-08-29 13:24:14,USPS,1Z47446AX24915071,DELIVERED
398,1049,2025-10-27 20:30:33,UPS,1Z90566AX47192987,IN_TRANSIT
399,1050,2023-03-31 08:18:03,USPS,1Z48047AX15560978,DELIVERED
400,1055,2024-02-27 08:49:07,USPS,1Z89566AX29997669,DELIVERED
401,1058,2022-09-28 12:05:26,DHL,1Z61954AX65576061,IN_TRANSIT
402,1060,2023-08-23 18:57:09,Amazon Logistics,1Z99613AX78204712,IN_TRANSIT
403,1064,2022-12-10 00:47:56,Amazon Logistics,1Z28937AX26054422,DELIVERED
404,1065,2022-11-23 07:29:40,Amazon Logistics,1Z80826AX95106136,DELIVERED
405,1071,2024-01-31 11:46:25,USPS,1Z41701AX45329178,DELIVERED
406,1072,2023-10-22 09:28:49,FedEx,1Z86696AX47086044,DELIVERED
407,1074,2021-08-05 10:13:41,Amazon Logistics,1Z39223AX63947714,IN_TRANSIT
408,1075,2022-05-31 18:40:00,Amazon Logistics,1Z29190AX57065783,DELIVERED
409,1076,2024-04-25 04:56:14,DHL,1Z70703AX55230671,IN_TRANSIT
410,1078,2021-06-01 17:34:22,Amazon Logistics,1Z23283AX73057592,IN_TRANSIT
411,1081,2024-05-11 16:57:48,DHL,1Z14972AX80240904,IN_TRANSIT
412,1082,2022-12-21 11:32:41,Amazon Logistics,1Z56099AX98062451,IN_TRANSIT
413,1084,2024-02-22 01:33:54,DHL,1Z63185AX20758357,DELIVERED
414,1090,2025-03-19 18:34:33,DHL,1Z58074AX97045867,IN_TRANSIT
415,1091,2025-01-02 11:28:50,UPS,1Z85667AX23631921,DELIVERED
416,1096,2024-02-02 22:27:31,USPS,1Z47539AX94383521,DELIVERED
417,1097,2024-02-02 14:29:20,Amazon Logistics,1Z95028AX90211726,IN_TRANSIT
418,1098,2024-02-20 15:58:48,USPS,1Z76556AX54019373,DELIVERED
419,1099,2024-10-25 16:50:25,USPS,1Z42226AX49913522,IN_TRANSIT
420,1100,2024-08-01 06:56:44,DHL,1Z47561AX95847194,DELIVERED
421,1104,2024-12-31 20:57:37,FedEx,1Z71381AX84215422,DELIVERED
422,1105,2025-06-06 07:59:25,USPS,1Z90898AX24938966,IN_TRANSIT
423,1107,2022-09-30 08:30:07,FedEx,1Z30716AX23712267,IN_TRANSIT
424,1108,2025-08-10 23:35:15,UPS,1Z55910AX28847191,DELIVERED
425,1110,2025-06-07 15:18:57,DHL,1Z35624AX86935936,IN_TRANSIT
426,1112,2025-11-13 16:58:28,Amazon Logistics,1Z77072AX88513751,IN_TRANSIT
427,1113,2021-05-07 21:34:19,FedEx,1Z83250AX21269187,DELIVERED
428,1117,2021-10-13 05:38:04,USPS,1Z73639AX82932173,IN_TRANSIT
429,1121,2022-04-08 17:09:47,USPS,1Z97933AX83374739,IN_TRANSIT
430,1123,2024-01-19 17:04:05,DHL,1Z33951AX98232351,DELIVERED
431,1124,2022-01-30 04:36:48,Amazon Logistics,1Z38931AX45433251,IN_TRANSIT
432,1126,2024-12-30 05:26:57,FedEx,1Z85952AX68488753,DELIVERED
433,1128,2025-10-19 02:41:43,FedEx,1Z47517AX78837416,DELIVERED
434,1129,2025-08-27 03:23:33,USPS,1Z98517AX90905683,DELIVERED
435,1136,2025-11-10 05:58:42,USPS,1Z58268AX23864655,IN_TRANSIT
436,1137,2021-08-07 17:57:48,FedEx,1Z72233AX32184683,IN_TRANSIT
437,1139,2022-01-10 22:48:07,FedEx,1Z65339AX90929244,IN_TRANSIT
438,1143,2025-02-17 17:46:19,USPS,1Z42631AX46778655,IN_TRANSIT
439,1146,2023-07-19 01:28:07,Amazon Logistics,1Z24218AX18601001,DELIVERED
440,1148,2024-07-24 18:31:47,FedEx,1Z72212AX34097154,DELIVERED
441,1150,2023-08-05 01:03:18,UPS,1Z62838AX68547680,DELIVERED
442,1155,2024-11-25 17:43:11,USPS,1Z15020AX92943488,DELIVERED
443,1160,2024-08-02 02:28:57,Amazon Logistics,1Z19233AX97163110,IN_TRANSIT
444,1161,2023-10-24 02:16:40,USPS,1Z18767AX46906266,DELIVERED
445,1163,2025-10-05 16:38:55,Amazon Logistics,1Z75413AX81950267,DELIVERED
446,1166,2025-08-13 06:46:44,Amazon Logistics,1Z90548AX65721284,DELIVERED
447,1169,2023-05-26 21:19:59,UPS,1Z95161AX48310480,IN_TRANSIT
448,1175,2024-02-28 20:29:31,DHL,1Z72917AX91903034,IN_TRANSIT
449,1181,2024-03-14 08:59:58,FedEx,1Z78627AX13924376,IN_TRANSIT
450,1183,2025-05-09 22:26:20,FedEx,1Z62459AX61896878,IN_TRANSIT
451,1184,2025-07-18 11:39:32,Amazon Logistics,1Z19464AX10358692,IN_TRANSIT
452,1193,2025-02-03 18:33:55,Amazon Logistics,1Z13739AX21889934,IN_TRANSIT
453,1194,2022-12-02 09:12:32,Amazon Logistics,1Z48603AX45986354,DELIVERED
454,1198,2021-10-15 01:15:20,FedEx,1Z87456AX64152650,IN_TRANSIT
455,1200,2023-08-18 05:28:27,Amazon Logistics,1Z47347AX63739552,IN_TRANSIT
456,1201,2022-09-02 22:10:26,FedEx,1Z53847AX51638036,DELIVERED
457,1203,2023-06-19 09:54:54,USPS,1Z43789AX37812140,IN_TRANSIT
458,1205,2025-09-03 13:10:16,DHL,1Z73657AX17866478,DELIVERED
459,1206,2025-05-22 10:55:37,DHL,1Z96949AX12323921,IN_TRANSIT
460,1208,2023-04-06 06:24:42,USPS,1Z39504AX62700295,DELIVERED
461,1214,2024-06-09 08:21:36,USPS,1Z96492AX92143828,DELIVERED
462,1216,2023-08-12 09:09:14,Amazon Logistics,1Z27859AX33426177,IN_TRANSIT
463,1217,2023-11-12 22:24:07,FedEx,1Z62489AX58574211,DELIVERED
464,1221,2022-02-17 07:12:00,USPS,1Z38668AX14408151,DELIVERED
465,1224,2022-03-03 02:52:23,DHL,1Z37271AX11648465,IN_TRANSIT
466,1228,2021-10-17 02:29:34,USPS,1Z43220AX35213854,DELIVERED
467,1229,2024-02-03 16:59:44,UPS,1Z68808AX86008978,IN_TRANSIT
468,1230,2024-12-08 14:14:20,USPS,1Z78177AX80208432,IN_TRANSIT
469,1233,2025-08-27 23:38:57,UPS,1Z83930AX38111849,DELIVERED
470,1235,2021-09-06 07:47:57,Amazon Logistics,1Z38648AX35370834,IN_TRANSIT
471,1237,2025-09-11 22:57:50,DHL,1Z96004AX56639538,IN_TRANSIT
472,1239,2024-08-05 02:15:17,UPS,1Z91392AX38226081,IN_TRANSIT
473,1241,2021-04-04 13:37:14,Amazon Logistics,1Z34148AX38117983,IN_TRANSIT
474,1246,2022-12-04 23:14:34,FedEx,1Z78648AX62896898,DELIVERED
475,1254,2024-03-11 15:06:49,USPS,1Z69586AX16399942,DELIVERED
476,1257,2022-10-02 03:21:29,FedEx,1Z14929AX18756256,DELIVERED
477,1259,2024-08-16 06:25:39,DHL,1Z76021AX94543443,DELIVERED
478,1261,2025-05-11 13:36:55,FedEx,1Z96728AX63277215,IN_TRANSIT
479,1263,2024-04-10 20:18:51,UPS,1Z84834AX23650186,IN_TRANSIT
480,1264,2023-08-12 12:21:37,DHL,1Z17646AX23386867,DELIVERED
481,1265,2024-01-27 13:48:08,DHL,1Z38363AX41920943,DELIVERED
482,1268,2025-01-25 08:32:11,UPS,1Z93558AX87100993,IN_TRANSIT
483,1269,2025-02-02 06:17:33,FedEx,1Z36897AX25288602,IN_TRANSIT
484,1271,2025-06-22 18:32:41,Amazon Logistics,1Z52489AX50804955,DELIVERED
485,1275,2022-07-14 07:08:13,UPS,1Z64362AX73351498,DELIVERED
486,1276,2025-05-27 08:25:39,Amazon Logistics,1Z83290AX73070911,DELIVERED
487,1278,2024-12-26 16:19:58,FedEx,1Z30787AX61185826,IN_TRANSIT
488,1279,2025-08-02 13:57:34,UPS,1Z21691AX61058179,IN_TRANSIT
489,1284,2025-04-01 02:17:47,UPS,1Z28980AX24687083,IN_TRANSIT
490,1285,2024-03-14 05:56:41,FedEx,1Z18178AX21659319,IN_TRANSIT
491,1287,2024-04-12 10:53:32,DHL,1Z53384AX42809059,IN_TRANSIT
492,1291,2025-09-25 03:10:31,UPS,1Z76630AX48648376,IN_TRANSIT
493,1292,2023-01-15 19:37:23,DHL,1Z95557AX31233805,IN_TRANSIT
494,1293,2023-10-07 11:51:10,DHL,1Z96884AX18787988,IN_TRANSIT
495,1294,2022-08-09 08:13:17,Amazon Logistics,1Z83493AX92683561,DELIVERED
496,1296,2022-05-21 11:02:39,USPS,1Z74379AX49771300,DELIVERED
497,1297,2023-04-18 16:16:08,USPS,1Z29417AX45257702,IN_TRANSIT
498,1299,2023-10-31 19:24:12,Amazon Logistics,1Z98368AX98711464,DELIVERED
499,1302,2024-05-07 02:49:31,FedEx,1Z24265AX25465009,DELIVERED
500,1306,2021-04-29 10:01:21,Amazon Logistics,1Z36035AX33003766,DELIVERED
501,1307,2025-01-13 23:41:21,USPS,1Z84162AX12836255,DELIVERED
502,1310,2021-03-03 07:43:10,USPS,1Z66685AX45427584,IN_TRANSIT
503,1313,2021-06-20 05:18:59,FedEx,1Z63965AX24618025,IN_TRANSIT
504,1316,2023-09-13 07:33:54,DHL,1Z98459AX45663381,DELIVERED
505,1317,2021-09-19 14:56:56,USPS,1Z88395AX18277403,DELIVERED
506,1318,2024-12-28 05:21:24,DHL,1Z14634AX11036917,IN_TRANSIT
507,1320,2025-06-28 15:49:25,DHL,1Z13929AX92094342,IN_TRANSIT
508,1321,2021-08-24 22:07:36,FedEx,1Z33962AX92564978,DELIVERED
509,1323,2025-11-02 19:21:05,USPS,1Z78539AX80888279,IN_TRANSIT
510,1325,2021-03-27 22:50:58,Amazon Logistics,1Z19905AX76679027,DELIVERED
511,1335,2021-01-17 11:01:11,USPS,1Z64824AX13246103,IN_TRANSIT
512,1337,2024-07-08 21:13:07,DHL,1Z70953AX40719087,DELIVERED
513,1338,2025-08-22 01:34:49,FedEx,1Z84024AX62801512,IN_TRANSIT
514,1339,2025-08-27 20:36:37,Amazon Logistics,1Z94729AX96727294,IN_TRANSIT
515,1340,2024-02-28 17:44:01,FedEx,1Z27643AX77009007,DELIVERED
516,1341,2023-07-15 10:31:10,USPS,1Z74993AX52263847,IN_TRANSIT
517,1343,2024-06-11 18:02:34,Amazon Logistics,1Z41297AX18897869,IN_TRANSIT
518,1346,2022-03-18 17:38:11,USPS,1Z18193AX46532054,DELIVERED
519,1347,2025-05-13 12:06:49,UPS,1Z39217AX91302039,IN_TRANSIT
520,1348,2025-07-01 08:30:42,DHL,1Z54267AX35267194,IN_TRANSIT
521,1351,2024-10-10 17:10:40,USPS,1Z58445AX50609308,IN_TRANSIT
522,1354,2022-02-07 19:34:50,DHL,1Z59713AX86910653,DELIVERED
523,1363,2024-08-25 08:14:13,FedEx,1Z24416AX54524689,IN_TRANSIT
524,1367,2025-02-19 22:15:27,Amazon Logistics,1Z99321AX35841531,IN_TRANSIT
525,1368,2021-10-09 06:53:54,FedEx,1Z44731AX68920072,DELIVERED
526,1375,2022-03-26 12:10:17,USPS,1Z37628AX79631968,IN_TRANSIT
527,1378,2024-09-09 04:53:22,DHL,1Z29365AX79125592,DELIVERED
528,1384,2023-02-16 11:28:14,UPS,1Z23368AX93031630,IN_TRANSIT
529,1389,2022-03-12 04:36:02,USPS,1Z59322AX43177449,DELIVERED
530,1391,2025-06-19 09:10:15,Amazon Logistics,1Z62169AX87098375,DELIVERED
531,1393,2025-01-09 00:49:22,USPS,1Z82748AX82493435,IN_TRANSIT
532,1394,2024-11-17 03:30:39,USPS,1Z78392AX95038117,DELIVERED
533,1400,2023-07-23 22:22:50,FedEx,1Z13159AX79959203,IN_TRANSIT
534,1403,2024-03-25 06:25:18,DHL,1Z56414AX90358523,DELIVERED
535,1404,2021-11-18 23:55:00,FedEx,1Z31998AX14826505,DELIVERED
536,1406,2024-09-08 19:12:58,FedEx,1Z58245AX12823858,DELIVERED
537,1408,2022-08-23 21:15:19,DHL,1Z61853AX24307954,DELIVERED
538,1409,2023-05-01 15:19:20,Amazon Logistics,1Z77160AX35466574,DELIVERED
539,1412,2025-09-28 20:04:05,UPS,1Z12658AX34207944,DELIVERED
540,1413,2024-06-08 13:16:36,DHL,1Z92109AX84282384,IN_TRANSIT
541,1414,2025-08-03 01:05:10,Amazon Logistics,1Z60156AX73575215,DELIVERED
542,1417,2023-06-09 07:00:46,FedEx,1Z12701AX31519011,DELIVERED
543,1420,2021-05-22 20:52:47,Amazon Logistics,1Z20830AX59597533,IN_TRANSIT
544,1421,2022-02-11 06:10:09,DHL,1Z52993AX95048982,DELIVERED
545,1424,2025-12-14 03:32:06,UPS,1Z89079AX67381181,DELIVERED
546,1427,2025-07-20 06:51:13,FedEx,1Z70319AX34062390,DELIVERED
547,1428,2025-05-29 07:34:08,DHL,1Z49591AX70146631,IN_TRANSIT
548,1431,2025-07-08 19:19:53,DHL,1Z64970AX89938797,IN_TRANSIT
549,1433,2025-09-10 08:53:09,USPS,1Z75460AX77767760,DELIVERED
550,1440,2022-10-24 01:26:42,Amazon Logistics,1Z45121AX54688371,IN_TRANSIT
551,1442,2024-12-03 23:24:10,FedEx,1Z64318AX87009555,IN_TRANSIT
552,1445,2022-06-19 13:11:09,DHL,1Z67875AX50482315,IN_TRANSIT
553,1446,2025-02-09 05:18:22,UPS,1Z73100AX30634831,DELIVERED
554,1447,2025-03-08 18:46:32,Amazon Logistics,1Z15840AX98739331,IN_TRANSIT
555,1449,2023-09-25 03:16:48,FedEx,1Z11833AX14281308,IN_TRANSIT
556,1452,2024-07-05 08:25:21,Amazon Logistics,1Z31491AX67549623,IN_TRANSIT
557,1454,2022-05-10 15:40:18,Amazon Logistics,1Z57848AX69250046,IN_TRANSIT
558,1456,2025-07-15 16:47:19,Amazon Logistics,1Z39595AX18629490,IN_TRANSIT
559,1461,2023-10-27 02:04:50,FedEx,1Z42720AX77028362,IN_TRANSIT
560,1462,2022-03-25 22:55:44,FedEx,1Z99970AX89623946,DELIVERED
561,1463,2024-09-16 07:21:35,USPS,1Z66326AX72382484,IN_TRANSIT
562,1467,2022-12-03 14:17:02,UPS,1Z82863AX15959695,DELIVERED
563,1470,2024-12-10 10:16:25,UPS,1Z96916AX12524152,IN_TRANSIT
564,1471,2022-12-20 14:43:34,USPS,1Z79004AX97983696,IN_TRANSIT
565,1472,2023-05-11 01:37:02,FedEx,1Z76329AX62796318,IN_TRANSIT
566,1473,2023-05-31 12:47:33,DHL,1Z28672AX11519506,DELIVERED
567,1474,2022-12-08 04:18:04,USPS,1Z77732AX29434541,IN_TRANSIT
568,1476,2022-01-28 16:59:56,DHL,1Z84776AX44286904,DELIVERED
569,1478,2025-10-22 20:02:59,DHL,1Z67667AX80887865,IN_TRANSIT
570,1479,2022-01-21 11:18:19,UPS,1Z19627AX74074818,DELIVERED
571,1481,2023-01-08 18:47:05,USPS,1Z58638AX65456757,IN_TRANSIT
572,1484,2025-11-14 21:47:05,USPS,1Z25454AX30309389,DELIVERED
573,1486,2025-05-07 18:20:48,FedEx,1Z79111AX94497415,IN_TRANSIT
574,1487,2023-09-21 10:53:03,Amazon Logistics,1Z94008AX87619809,IN_TRANSIT
575,1489,2023-10-31 06:56:16,Amazon Logistics,1Z33279AX96198416,DELIVERED
576,1493,2021-08-03 05:52:42,UPS,1Z43257AX85688236,IN_TRANSIT
577,1494,2025-07-06 12:33:31,Amazon Logistics,1Z43283AX14414595,IN_TRANSIT
578,1496,2025-03-04 13:57:41,FedEx,1Z77321AX55172242,IN_TRANSIT
579,1498,2023-01-14 01:48:20,UPS,1Z69710AX74084935,DELIVERED
580,1501,2024-02-06 03:15:25,UPS,1Z39083AX57969144,IN_TRANSIT
581,1505,2023-09-30 14:37:31,FedEx,1Z37071AX27625852,DELIVERED
582,1509,2023-04-07 11:56:33,Amazon Logistics,1Z26684AX27833053,IN_TRANSIT
583,1512,2022-11-29 13:42:42,DHL,1Z58501AX15713685,DELIVERED
584,1514,2023-03-15 06:27:55,FedEx,1Z64448AX93205413,IN_TRANSIT
585,1518,2022-07-10 10:33:17,Amazon Logistics,1Z84198AX20817155,IN_TRANSIT
586,1521,2021-12-01 03:12:22,FedEx,1Z85069AX86925452,IN_TRANSIT
587,1523,2024-07-30 07:59:43,DHL,1Z29823AX66098072,DELIVERED
588,1524,2025-06-08 19:27:16,FedEx,1Z19647AX48303023,DELIVERED
589,1525,2021-04-09 19:49:33,Amazon Logistics,1Z74637AX16823083,IN_TRANSIT
590,1528,2025-02-21 20:28:05,UPS,1Z30625AX68728732,DELIVERED
591,1531,2023-03-17 11:15:11,Amazon Logistics,1Z38060AX62441389,DELIVERED
592,1535,2023-03-19 09:04:03,UPS,1Z70015AX71738476,IN_TRANSIT
593,1538,2023-04-21 13:03:58,Amazon Logistics,1Z12098AX21417573,DELIVERED
594,1539,2024-04-21 06:26:26,FedEx,1Z14513AX10375435,IN_TRANSIT
595,1540,2022-05-13 04:22:19,Amazon Logistics,1Z64863AX93933307,IN_TRANSIT
596,1547,2023-03-09 16:10:20,DHL,1Z28269AX82421114,DELIVERED
597,1549,2025-03-15 01:07:36,Amazon Logistics,1Z13587AX21187024,DELIVERED
598,1550,2021-04-06 18:17:42,UPS,1Z60390AX29511277,IN_TRANSIT
599,1554,2022-01-02 10:24:10,USPS,1Z90907AX40817946,IN_TRANSIT
600,1555,2021-05-06 05:06:09,USPS,1Z99749AX58398910,DELIVERED
601,1559,2023-06-26 07:08:32,UPS,1Z36667AX90071487,DELIVERED
602,1560,2021-02-14 10:31:10,USPS,1Z71077AX62903825,IN_TRANSIT
603,1561,2022-10-10 16:02:51,DHL,1Z83114AX17701486,IN_TRANSIT
604,1563,2024-01-15 09:28:04,FedEx,1Z25087AX82124734,IN_TRANSIT
605,1564,2021-03-30 20:17:10,USPS,1Z48027AX61591854,DELIVERED
606,1565,2021-12-10 03:48:27,DHL,1Z25475AX37515846,DELIVERED
607,1569,2024-03-05 05:05:03,Amazon Logistics,1Z45951AX78384560,IN_TRANSIT
608,1570,2023-03-17 09:28:59,UPS,1Z84485AX56218687,DELIVERED
609,1571,2021-04-26 19:43:34,FedEx,1Z45300AX83341184,DELIVERED
610,1577,2025-10-31 15:47:13,DHL,1Z91727AX32946190,IN_TRANSIT
611,1579,2025-09-05 13:09:10,DHL,1Z62471AX43161029,IN_TRANSIT
612,1580,2023-09-01 03:17:34,Amazon Logistics,1Z67933AX99954278,IN_TRANSIT
613,1582,2023-03-21 12:02:41,Amazon Logistics,1Z54649AX78669621,IN_TRANSIT
614,1583,2024-08-12 13:34:13,Amazon Logistics,1Z15078AX94672307,DELIVERED
615,1584,2021-11-08 22:06:12,DHL,1Z63139AX87054595,IN_TRANSIT
616,1586,2023-03-27 01:07:59,USPS,1Z30253AX37868223,DELIVERED
617,1591,2024-04-18 19:06:13,FedEx,1Z46491AX61917060,IN_TRANSIT
618,1592,2025-12-19 07:13:12,Amazon Logistics,1Z91368AX70566506,IN_TRANSIT
619,1595,2023-05-20 23:32:44,FedEx,1Z51660AX77470586,IN_TRANSIT
620,1596,2023-09-24 15:06:56,Amazon Logistics,1Z69691AX62625763,IN_TRANSIT
621,1598,2022-09-08 11:36:52,UPS,1Z61937AX66943701,IN_TRANSIT
622,1602,2022-10-24 07:09:06,FedEx,1Z39145AX36259105,DELIVERED
623,1605,2025-05-04 13:27:19,UPS,1Z14550AX54024230,DELIVERED
624,1608,2024-05-14 23:59:15,USPS,1Z44924AX24140151,IN_TRANSIT
625,1610,2023-12-15 06:52:46,FedEx,1Z97325AX59343142,IN_TRANSIT
626,1611,2025-01-05 06:22:31,UPS,1Z61965AX70917799,DELIVERED
627,1612,2024-07-28 05:26:14,USPS,1Z15987AX92546198,DELIVERED
628,1614,2022-07-16 15:47:48,UPS,1Z10996AX14960488,DELIVERED
629,1615,2025-04-14 08:35:32,Amazon Logistics,1Z79738AX75542203,IN_TRANSIT
630,1617,2021-01-09 22:44:40,Amazon Logistics,1Z89461AX40833263,IN_TRANSIT
631,1620,2024-12-10 16:44:23,Amazon Logistics,1Z31318AX36856332,IN_TRANSIT
632,1624,2022-08-10 05:23:01,Amazon Logistics,1Z10609AX54861481,DELIVERED
633,1629,2021-07-14 12:44:10,DHL,1Z83347AX58917525,IN_TRANSIT
634,1636,2024-08-23 09:43:35,FedEx,1Z52405AX71744891,DELIVERED
635,1637,2024-01-16 03:08:15,USPS,1Z39470AX14980878,DELIVERED
636,1640,2022-11-24 17:19:52,USPS,1Z16309AX92078400,DELIVERED
637,1643,2023-02-11 22:13:12,Amazon Logistics,1Z27249AX90394898,DELIVERED
638,1645,2024-05-04 10:43:24,USPS,1Z73278AX61853218,DELIVERED
639,1646,2024-10-30 07:49:23,DHL,1Z90608AX45534615,DELIVERED
640,1649,2022-09-09 08:31:35,FedEx,1Z54035AX86624717,IN_TRANSIT
641,1652,2025-11-14 19:22:58,DHL,1Z31565AX59990534,DELIVERED
642,1653,2022-03-20 11:09:30,UPS,1Z27335AX88400532,IN_TRANSIT
643,1655,2025-03-14 16:34:30,UPS,1Z38944AX26721162,IN_TRANSIT
644,1659,2022-12-06 14:52:28,USPS,1Z98429AX59668714,IN_TRANSIT
645,1665,2023-11-01 21:57:19,DHL,1Z38913AX98537829,IN_TRANSIT
646,1667,2024-08-16 04:30:04,FedEx,1Z17149AX24025731,DELIVERED
647,1672,2023-04-24 17:55:07,FedEx,1Z20630AX77268950,DELIVERED
648,1673,2023-04-06 03:42:21,FedEx,1Z38257AX12768344,DELIVERED
649,1676,2024-10-18 06:04:41,FedEx,1Z47176AX84077814,DELIVERED
650,1677,2022-11-07 21:48:07,Amazon Logistics,1Z30318AX89988423,IN_TRANSIT
651,1679,2022-04-26 13:07:20,Amazon Logistics,1Z18294AX79347568,IN_TRANSIT
652,1680,2022-01-07 17:26:23,Amazon Logistics,1Z64189AX93350804,DELIVERED
653,1682,2022-04-15 16:00:34,USPS,1Z26441AX24473855,IN_TRANSIT
654,1684,2023-12-10 20:19:40,UPS,1Z12711AX34875416,IN_TRANSIT
655,1685,2021-01-05 17:02:21,Amazon Logistics,1Z47326AX17610515,IN_TRANSIT
656,1686,2023-05-29 03:51:38,USPS,1Z61331AX35628351,DELIVERED
657,1693,2022-09-12 21:06:05,UPS,1Z45498AX87602609,IN_TRANSIT
658,1694,2021-03-14 04:36:27,UPS,1Z69684AX71910424,IN_TRANSIT
659,1700,2021-06-15 15:41:09,Amazon Logistics,1Z47579AX91377615,IN_TRANSIT
660,1704,2021-03-04 21:43:34,USPS,1Z24051AX21289215,IN_TRANSIT
661,1708,2024-01-24 10:25:34,Amazon Logistics,1Z21473AX30574441,DELIVERED
662,1709,2024-04-01 00:15:51,FedEx,1Z34378AX52934692,DELIVERED
663,1714,2023-01-22 17:14:35,UPS,1Z55481AX69704090,IN_TRANSIT
664,1718,2022-01-14 17:53:18,DHL,1Z72738AX58893501,IN_TRANSIT
665,1719,2023-05-04 13:42:53,Amazon Logistics,1Z97205AX18576110,DELIVERED
666,1727,2023-03-03 14:31:45,FedEx,1Z96920AX77953467,IN_TRANSIT
667,1729,2025-11-04 13:31:16,UPS,1Z61237AX16280868,DELIVERED
668,1731,2021-11-02 14:04:24,DHL,1Z70329AX28291105,IN_TRANSIT
669,1732,2022-12-30 18:42:27,DHL,1Z93427AX23558252,IN_TRANSIT
670,1735,2021-05-15 11:00:53,DHL,1Z74419AX74858484,DELIVERED
671,1738,2023-08-26 08:08:54,FedEx,1Z31971AX39450733,IN_TRANSIT
672,1739,2025-12-20 15:52:29,FedEx,1Z27617AX94292980,IN_TRANSIT
673,1740,2024-09-17 04:42:01,USPS,1Z72425AX73739752,DELIVERED
674,1741,2024-10-18 07:57:47,DHL,1Z92882AX78085150,DELIVERED
675,1743,2023-05-21 01:40:58,USPS,1Z48375AX66997534,DELIVERED
676,1744,2021-08-15 17:09:39,Amazon Logistics,1Z57751AX38595009,IN_TRANSIT
677,1749,2021-08-13 23:57:10,USPS,1Z25191AX26173096,IN_TRANSIT
678,1752,2024-08-21 08:38:29,DHL,1Z26283AX77744569,IN_TRANSIT
679,1753,2024-05-22 15:36:27,FedEx,1Z60762AX82410746,DELIVERED
680,1754,2021-07-16 18:50:59,DHL,1Z65370AX70864503,IN_TRANSIT
681,1755,2023-06-29 19:46:39,FedEx,1Z41873AX48016851,IN_TRANSIT
682,1756,2025-05-26 03:05:11,FedEx,1Z36788AX64972153,DELIVERED
683,1758,2023-12-27 09:55:16,UPS,1Z88561AX24980858,IN_TRANSIT
684,1760,2023-11-03 23:23:00,UPS,1Z16893AX85763543,IN_TRANSIT
685,1761,2024-01-18 14:57:25,UPS,1Z40485AX96274531,IN_TRANSIT
686,1762,2022-05-04 13:47:48,DHL,1Z40701AX45514183,IN_TRANSIT
687,1772,2025-05-05 13:51:10,FedEx,1Z83729AX35677359,IN_TRANSIT
688,1774,2022-03-11 00:36:53,DHL,1Z68764AX71684773,IN_TRANSIT
689,1780,2025-03-22 10:43:40,Amazon Logistics,1Z62541AX35202562,IN_TRANSIT
690,1781,2022-01-09 09:46:24,FedEx,1Z65834AX37934230,DELIVERED
691,1782,2025-02-08 01:31:19,USPS,1Z94142AX60601604,IN_TRANSIT
692,1783,2025-11-27 15:33:25,Amazon Logistics,1Z98135AX45581489,IN_TRANSIT
693,1784,2021-10-03 07:51:46,UPS,1Z46015AX73600667,DELIVERED
694,1787,2023-02-08 21:53:46,UPS,1Z11120AX89804330,IN_TRANSIT
695,1788,2023-10-31 00:43:51,Amazon Logistics,1Z94444AX50678198,DELIVERED
696,1789,2025-08-02 20:50:14,DHL,1Z72083AX48398919,IN_TRANSIT
697,1790,2025-06-05 08:48:08,FedEx,1Z13266AX24879331,IN_TRANSIT
698,1791,2023-04-29 13:10:31,DHL,1Z80842AX95110803,DELIVERED
699,1795,2023-01-02 14:45:54,DHL,1Z48334AX64952412,DELIVERED
700,1799,2022-03-10 22:45:38,FedEx,1Z25928AX23733680,IN_TRANSIT
701,1802,2023-09-21 17:26:05,UPS,1Z66752AX62605005,DELIVERED
702,1812,2022-02-14 15:29:57,FedEx,1Z76645AX15000868,DELIVERED
703,1813,2021-01-12 20:47:45,FedEx,1Z88261AX79644942,DELIVERED
704,1814,2022-06-17 22:40:07,Amazon Logistics,1Z85176AX80037047,DELIVERED
705,1817,2021-08-29 03:22:43,FedEx,1Z66409AX55075917,DELIVERED
706,1818,2021-06-27 23:23:49,Amazon Logistics,1Z33108AX79568667,IN_TRANSIT
707,1822,2023-07-02 07:01:56,DHL,1Z23405AX77123551,IN_TRANSIT
708,1823,2025-01-19 07:56:08,DHL,1Z89594AX13166291,IN_TRANSIT
709,1825,2021-11-26 14:13:00,FedEx,1Z31551AX77925315,DELIVERED
710,1826,2022-03-18 06:19:02,USPS,1Z87118AX60564095,IN_TRANSIT
711,1828,2022-09-24 08:14:11,FedEx,1Z16305AX51693001,DELIVERED
712,1832,2023-03-08 16:31:56,USPS,1Z70433AX21761638,DELIVERED
713,1834,2025-05-28 15:36:45,Amazon Logistics,1Z97215AX36330880,DELIVERED
714,1835,2021-07-27 16:18:36,FedEx,1Z84457AX89493606,IN_TRANSIT
715,1836,2024-10-16 06:43:45,USPS,1Z97071AX50445950,IN_TRANSIT
716,1845,2024-07-04 06:04:32,USPS,1Z13621AX44889941,DELIVERED
717,1848,2021-08-19 21:37:00,FedEx,1Z68351AX62832561,DELIVERED
718,1849,2022-01-04 18:33:06,FedEx,1Z80435AX49403648,DELIVERED
719,1850,2021-12-04 14:46:57,FedEx,1Z23638AX40815329,IN_TRANSIT
720,1852,2021-10-26 13:06:57,DHL,1Z52818AX38306058,IN_TRANSIT
721,1853,2021-02-21 16:56:24,UPS,1Z24297AX10083736,DELIVERED
722,1859,2023-06-03 04:13:10,DHL,1Z97333AX20697632,IN_TRANSIT
723,1862,2024-12-04 17:10:55,DHL,1Z45665AX49756781,DELIVERED
724,1865,2023-07-30 23:03:14,USPS,1Z51662AX15594555,DELIVERED
725,1867,2023-07-10 21:37:21,USPS,1Z74455AX38737365,IN_TRANSIT
726,1868,2023-06-22 15:19:56,FedEx,1Z85152AX20778474,IN_TRANSIT
727,1869,2025-06-29 02:53:47,UPS,1Z88242AX92553777,DELIVERED
728,1872,2021-10-16 02:41:09,Amazon Logistics,1Z71348AX50021535,IN_TRANSIT
729,1873,2024-09-21 09:42:18,UPS,1Z86876AX25111868,DELIVERED
730,1877,2023-08-19 06:43:35,DHL,1Z55655AX60824747,DELIVERED
731,1879,2021-02-08 23:42:01,Amazon Logistics,1Z15532AX65732440,DELIVERED
732,1882,2022-01-23 13:25:43,DHL,1Z36579AX56480045,IN_TRANSIT
733,1883,2023-10-06 01:48:17,FedEx,1Z55717AX61200743,DELIVERED
734,1884,2025-11-13 15:37:27,FedEx,1Z13516AX67019458,DELIVERED
735,1885,2022-01-09 21:05:52,FedEx,1Z17790AX73952929,IN_TRANSIT
736,1886,2024-07-15 13:21:14,USPS,1Z20213AX31707374,IN_TRANSIT
737,1887,2023-11-26 17:40:53,Amazon Logistics,1Z34007AX75642072,IN_TRANSIT
738,1889,2024-07-14 10:25:54,FedEx,1Z23222AX29289147,IN_TRANSIT
739,1898,2021-05-11 05:43:06,DHL,1Z78493AX31190282,IN_TRANSIT
740,1904,2025-06-03 20:15:34,DHL,1Z80908AX58293701,IN_TRANSIT
741,1905,2025-12-23 03:40:54,Amazon Logistics,1Z77420AX45928627,IN_TRANSIT
742,1908,2021-04-23 01:59:12,DHL,1Z19399AX54124569,DELIVERED
743,1917,2023-07-03 22:02:59,Amazon Logistics,1Z84279AX68117330,DELIVERED
744,1920,2025-09-04 08:26:31,Amazon Logistics,1Z85207AX41507971,IN_TRANSIT
745,1921,2023-02-28 09:39:23,UPS,1Z73673AX98198478,DELIVERED
746,1925,2023-07-12 22:36:58,USPS,1Z91485AX73635863,IN_TRANSIT
747,1927,2025-03-26 20:42:59,Amazon Logistics,1Z69912AX39423078,DELIVERED
748,1929,2022-12-26 04:23:42,FedEx,1Z22831AX52525239,DELIVERED
749,1935,2021-05-18 12:30:58,DHL,1Z18112AX88074335,DELIVERED
750,1937,2021-01-03 09:37:44,USPS,1Z67286AX38980836,DELIVERED
751,1939,2023-10-08 01:14:58,Amazon Logistics,1Z46884AX60928394,IN_TRANSIT
752,1942,2024-03-20 05:13:38,FedEx,1Z49708AX92082288,DELIVERED
753,1950,2024-07-14 17:14:06,UPS,1Z68044AX83142162,IN_TRANSIT
754,1959,2022-01-11 13:08:53,FedEx,1Z26021AX85750740,IN_TRANSIT
755,1960,2022-08-10 18:43:52,USPS,1Z47971AX56466231,IN_TRANSIT
756,1961,2022-03-06 03:46:51,USPS,1Z19493AX31765915,DELIVERED
757,1962,2021-08-17 19:15:23,USPS,1Z13328AX24788881,DELIVERED
758,1964,2022-05-26 02:29:01,USPS,1Z42058AX13797073,DELIVERED
759,1966,2025-06-11 14:41:19,Amazon Logistics,1Z41476AX59420217,IN_TRANSIT
760,1967,2021-01-09 11:44:34,UPS,1Z39108AX68413571,DELIVERED
761,1972,2025-04-19 06:26:49,UPS,1Z57949AX83815301,DELIVERED
762,1980,2025-11-17 21:00:44,Amazon Logistics,1Z25380AX37348753,DELIVERED
763,1981,2024-02-24 22:50:32,DHL,1Z36170AX75159593,IN_TRANSIT
764,1986,2023-08-29 19:11:52,USPS,1Z78133AX74057991,IN_TRANSIT
765,1989,2023-09-11 02:00:03,Amazon Logistics,1Z64164AX96956417,DELIVERED
766,1990,2023-01-02 11:22:22,Amazon Logistics,1Z57241AX46069743,IN_TRANSIT
767,1991,2024-03-29 20:23:36,DHL,1Z54780AX77779686,IN_TRANSIT
768,1993,2024-05-26 23:23:07,Amazon Logistics,1Z66377AX85963156,DELIVERED
769,1994,2023-10-23 05:00:49,Amazon Logistics,1Z57452AX73260507,IN_TRANSIT
770,1995,2022-11-02 23:25:40,DHL,1Z22514AX44263855,IN_TRANSIT
771,1999,2023-03-25 00:09:39,DHL,1Z43917AX23057443,IN_TRANSIT
772,2002,2025-06-19 15:15:06,Amazon Logistics,1Z69207AX76261703,IN_TRANSIT
773,2009,2025-09-28 08:16:57,USPS,1Z62916AX38784851,DELIVERED
774,2013,2025-01-24 04:51:59,FedEx,1Z44445AX35915022,IN_TRANSIT
775,2015,2021-02-03 11:17:41,FedEx,1Z62921AX88590010,DELIVERED
776,2016,2025-03-04 00:17:02,DHL,1Z27201AX67807778,IN_TRANSIT
777,2017,2024-10-02 02:03:46,UPS,1Z12804AX42640089,IN_TRANSIT
778,2018,2024-10-15 13:17:49,UPS,1Z94035AX76927530,IN_TRANSIT
779,2021,2024-08-11 07:03:38,USPS,1Z99113AX25759736,DELIVERED
780,2023,2023-11-07 06:15:56,Amazon Logistics,1Z36712AX46920604,IN_TRANSIT
781,2026,2025-05-20 08:09:48,Amazon Logistics,1Z80918AX83816061,IN_TRANSIT
782,2029,2024-11-09 20:51:29,FedEx,1Z54224AX23400857,DELIVERED
783,2030,2021-06-26 22:26:00,FedEx,1Z37483AX91630710,IN_TRANSIT
784,2037,2024-07-22 22:43:02,FedEx,1Z49049AX34254806,DELIVERED
785,2038,2025-04-17 23:19:37,DHL,1Z70477AX11645801,DELIVERED
786,2039,2021-09-17 08:45:26,FedEx,1Z41027AX22243514,IN_TRANSIT
787,2042,2025-05-30 06:33:49,FedEx,1Z63591AX55618613,DELIVERED
788,2043,2025-04-05 00:18:21,Amazon Logistics,1Z49776AX99331845,DELIVERED
789,2045,2021-11-01 11:45:07,Amazon Logistics,1Z29512AX13688794,DELIVERED
790,2047,2024-12-28 09:46:17,Amazon Logistics,1Z48444AX71374201,DELIVERED
791,2048,2022-06-03 07:26:17,DHL,1Z76337AX71447487,DELIVERED
792,2055,2023-09-11 13:00:30,Amazon Logistics,1Z47095AX24801191,DELIVERED
793,2056,2023-08-10 10:39:24,UPS,1Z84458AX98478718,DELIVERED
794,2057,2024-04-06 02:32:20,FedEx,1Z20336AX47616266,DELIVERED
795,2059,2021-08-13 23:41:17,USPS,1Z30641AX99538943,IN_TRANSIT
796,2060,2022-01-19 19:56:48,FedEx,1Z99643AX94580533,IN_TRANSIT
797,2063,2022-08-02 14:24:12,UPS,1Z17235AX76952599,DELIVERED
798,2065,2022-04-26 09:56:39,USPS,1Z28087AX59141304,IN_TRANSIT
799,2066,2025-03-01 00:08:44,Amazon Logistics,1Z54548AX90983005,DELIVERED
800,2068,2025-02-23 22:16:55,DHL,1Z55632AX85421520,IN_TRANSIT
801,2072,2021-10-20 21:05:23,Amazon Logistics,1Z57547AX59460956,IN_TRANSIT
802,2078,2021-04-05 03:29:18,UPS,1Z51950AX47177143,DELIVERED
803,2079,2024-06-02 17:12:36,FedEx,1Z30211AX33796608,DELIVERED
804,2082,2021-06-03 22:27:30,USPS,1Z31816AX54270192,IN_TRANSIT
805,2084,2023-09-06 02:48:39,DHL,1Z62745AX96767454,DELIVERED
806,2086,2022-10-01 07:06:24,DHL,1Z56030AX17484748,IN_TRANSIT
807,2087,2023-09-11 07:30:55,UPS,1Z15968AX53895867,DELIVERED
808,2090,2023-05-09 17:13:35,DHL,1Z73495AX76422473,IN_TRANSIT
809,2092,2025-04-04 14:59:45,UPS,1Z82672AX78848607,IN_TRANSIT
810,2094,2024-03-01 01:05:37,FedEx,1Z51556AX86524753,DELIVERED
811,2099,2022-09-12 23:55:34,FedEx,1Z84735AX39022894,DELIVERED
812,2103,2021-05-03 13:49:56,UPS,1Z44427AX81884202,IN_TRANSIT
813,2104,2022-11-16 00:45:59,DHL,1Z76714AX17920791,DELIVERED
814,2105,2023-02-28 00:38:40,Amazon Logistics,1Z32989AX36391200,DELIVERED
815,2107,2024-06-02 14:31:23,UPS,1Z58393AX75777250,IN_TRANSIT
816,2108,2024-11-23 13:33:55,USPS,1Z45047AX46257422,IN_TRANSIT
817,2114,2023-06-29 21:25:06,USPS,1Z33023AX57337538,DELIVERED
818,2115,2024-04-26 02:39:26,Amazon Logistics,1Z68546AX48274115,DELIVERED
819,2116,2025-03-27 01:34:35,Amazon Logistics,1Z95388AX46263437,IN_TRANSIT
820,2120,2025-04-18 01:36:28,FedEx,1Z81617AX75667202,IN_TRANSIT
821,2121,2023-07-01 12:42:17,Amazon Logistics,1Z68222AX83144916,IN_TRANSIT
822,2122,2022-05-09 12:44:24,DHL,1Z99213AX20358515,DELIVERED
823,2125,2023-11-09 03:57:15,Amazon Logistics,1Z16140AX30445946,DELIVERED
824,2129,2022-11-10 17:05:22,DHL,1Z94646AX65490816,IN_TRANSIT
825,2131,2021-01-13 01:19:59,UPS,1Z57594AX96402031,IN_TRANSIT
826,2132,2021-09-07 12:53:54,FedEx,1Z62251AX68085734,IN_TRANSIT
827,2136,2022-03-11 17:04:45,Amazon Logistics,1Z94606AX38191360,DELIVERED
828,2139,2021-10-04 04:52:46,Amazon Logistics,1Z57523AX98949657,DELIVERED
829,2145,2023-02-13 04:16:37,DHL,1Z83538AX28258811,DELIVERED
830,2146,2025-10-27 04:06:39,DHL,1Z79492AX57992281,IN_TRANSIT
831,2150,2024-12-11 00:19:40,FedEx,1Z70545AX92612624,IN_TRANSIT
832,2152,2025-01-05 16:47:48,FedEx,1Z67327AX83180251,DELIVERED
833,2154,2023-05-29 04:22:09,DHL,1Z82015AX10070573,IN_TRANSIT
834,2155,2022-06-14 10:58:48,FedEx,1Z54282AX51744027,DELIVERED
835,2157,2024-01-16 13:42:36,USPS,1Z82583AX42642520,IN_TRANSIT
836,2159,2022-08-14 08:12:18,FedEx,1Z14524AX61607587,DELIVERED
837,2162,2025-11-16 12:57:53,FedEx,1Z28521AX61764690,IN_TRANSIT
838,2163,2021-06-29 11:23:33,DHL,1Z37634AX92485319,DELIVERED
839,2167,2021-06-20 09:30:05,USPS,1Z87613AX56043561,DELIVERED
840,2172,2022-08-02 22:12:24,USPS,1Z33249AX74619167,DELIVERED
841,2173,2022-10-13 23:32:11,DHL,1Z18114AX59471660,IN_TRANSIT
842,2176,2022-11-27 07:51:15,DHL,1Z50314AX14871514,IN_TRANSIT
843,2179,2022-10-04 00:13:51,UPS,1Z65274AX11882922,IN_TRANSIT
844,2180,2025-08-20 19:47:10,DHL,1Z68614AX98892453,IN_TRANSIT
845,2182,2025-10-02 05:26:05,FedEx,1Z61809AX50423825,IN_TRANSIT
846,2183,2023-10-06 14:04:16,FedEx,1Z12948AX29151380,DELIVERED
847,2185,2022-04-20 17:00:52,USPS,1Z31001AX33910226,DELIVERED
848,2190,2024-06-05 19:13:58,USPS,1Z22439AX98624751,IN_TRANSIT
849,2193,2024-07-12 07:14:09,Amazon Logistics,1Z87610AX89063758,IN_TRANSIT
850,2197,2021-03-05 08:30:08,USPS,1Z24726AX86603850,IN_TRANSIT
851,2198,2022-05-22 14:35:16,USPS,1Z94400AX93818466,DELIVERED
852,2199,2023-07-08 08:12:51,DHL,1Z32016AX71408841,IN_TRANSIT
853,2202,2023-06-04 12:28:28,DHL,1Z88194AX91057466,DELIVERED
854,2203,2023-01-15 10:21:05,DHL,1Z80047AX98001176,IN_TRANSIT
855,2209,2021-01-18 07:24:51,Amazon Logistics,1Z80715AX45689479,DELIVERED
856,2210,2025-08-02 11:50:13,FedEx,1Z36287AX40132649,DELIVERED
857,2214,2022-12-29 21:10:56,DHL,1Z86370AX28791574,DELIVERED
858,2216,2025-03-01 00:12:44,USPS,1Z91478AX63888066,IN_TRANSIT
859,2217,2024-08-29 05:27:20,FedEx,1Z78676AX74957354,DELIVERED
860,2221,2022-09-19 05:54:17,Amazon Logistics,1Z53601AX82149173,IN_TRANSIT
861,2222,2023-08-03 09:37:10,DHL,1Z24847AX98702527,DELIVERED
862,2224,2021-04-20 12:39:02,DHL,1Z93397AX11100466,IN_TRANSIT
863,2225,2021-09-13 19:25:04,UPS,1Z77995AX41128739,DELIVERED
864,2226,2024-09-30 09:20:33,UPS,1Z88104AX30778403,DELIVERED
865,2233,2022-06-11 03:59:07,FedEx,1Z86482AX65645540,IN_TRANSIT
866,2236,2023-02-26 08:49:33,USPS,1Z20000AX49909401,IN_TRANSIT
867,2238,2025-12-14 02:54:51,USPS,1Z99530AX87550571,DELIVERED
868,2240,2023-07-04 12:00:03,FedEx,1Z52147AX28805830,DELIVERED
869,2241,2021-06-24 10:04:07,FedEx,1Z14622AX62470944,IN_TRANSIT
870,2244,2024-05-11 23:01:51,Amazon Logistics,1Z73103AX94023875,IN_TRANSIT
871,2249,2022-07-16 06:14:55,DHL,1Z14667AX10800730,IN_TRANSIT
872,2250,2021-09-29 22:34:32,DHL,1Z98403AX32763787,DELIVERED
873,2252,2021-07-13 05:04:23,USPS,1Z31978AX36622036,IN_TRANSIT
874,2254,2022-12-08 19:08:15,USPS,1Z79357AX77363235,IN_TRANSIT
875,2255,2025-12-30 15:55:56,DHL,1Z64128AX79050588,IN_TRANSIT
876,2257,2025-01-25 07:55:12,USPS,1Z40111AX82495215,DELIVERED
877,2258,2022-11-05 21:50:41,UPS,1Z96721AX33206767,IN_TRANSIT
878,2260,2022-06-23 14:36:07,UPS,1Z20471AX33364469,DELIVERED
879,2264,2021-12-16 12:09:03,UPS,1Z40826AX43364627,DELIVERED
880,2267,2021-02-25 15:03:27,FedEx,1Z42385AX51446989,DELIVERED
881,2271,2023-03-19 22:29:38,DHL,1Z37387AX90560181,IN_TRANSIT
882,2272,2022-03-08 03:27:57,Amazon Logistics,1Z49692AX27484661,DELIVERED
883,2276,2025-03-27 01:45:06,USPS,1Z91923AX20052265,DELIVERED
884,2282,2023-03-04 04:05:54,FedEx,1Z67986AX98163776,DELIVERED
885,2285,2021-02-08 05:24:52,USPS,1Z19965AX28028784,DELIVERED
886,2288,2023-05-24 20:22:14,DHL,1Z17308AX62008204,DELIVERED
887,2290,2021-04-27 06:35:45,FedEx,1Z49797AX30963749,DELIVERED
888,2291,2022-01-20 07:08:02,Amazon Logistics,1Z16390AX21319050,IN_TRANSIT
889,2295,2023-08-12 04:29:21,UPS,1Z58336AX40947793,DELIVERED
890,2297,2022-06-10 15:12:32,USPS,1Z25861AX21576411,IN_TRANSIT
891,2299,2025-07-05 01:57:18,UPS,1Z63203AX98485186,DELIVERED
892,2301,2022-12-25 23:38:29,USPS,1Z35005AX41303084,IN_TRANSIT
893,2302,2023-03-29 10:19:17,UPS,1Z98879AX17186545,IN_TRANSIT
894,2303,2023-05-18 06:13:19,Amazon Logistics,1Z34926AX12913933,IN_TRANSIT
895,2307,2022-08-26 17:38:20,USPS,1Z41899AX14552159,DELIVERED
896,2311,2021-11-15 04:34:22,FedEx,1Z54085AX79747322,DELIVERED
897,2312,2022-09-23 20:05:17,FedEx,1Z22295AX65357376,DELIVERED
898,2314,2025-02-17 18:45:13,FedEx,1Z75106AX38178472,DELIVERED
899,2315,2023-11-04 23:45:43,UPS,1Z98208AX12075236,DELIVERED
900,2318,2021-11-16 10:04:17,FedEx,1Z99999AX34775620,DELIVERED
901,2319,2023-11-06 16:13:41,FedEx,1Z21844AX93825239,IN_TRANSIT
902,2320,2023-04-07 15:18:28,DHL,1Z77099AX85369795,IN_TRANSIT
903,2322,2024-09-06 01:45:14,UPS,1Z58307AX78486880,IN_TRANSIT
904,2325,2022-10-28 02:17:26,FedEx,1Z12325AX11631513,DELIVERED
905,2326,2023-08-07 09:55:17,UPS,1Z26963AX14796576,IN_TRANSIT
906,2330,2021-02-07 01:52:49,DHL,1Z31528AX52373923,DELIVERED
907,2331,2024-06-13 20:51:22,DHL,1Z65861AX25927488,IN_TRANSIT
908,2337,2024-12-01 04:39:11,Amazon Logistics,1Z14066AX31076896,IN_TRANSIT
909,2341,2022-04-12 15:26:31,FedEx,1Z95331AX43679114,DELIVERED
910,2342,2022-03-31 09:20:28,UPS,1Z63076AX72368361,IN_TRANSIT
911,2343,2022-07-14 17:54:24,UPS,1Z68506AX44848859,DELIVERED
912,2345,2021-02-20 09:48:26,USPS,1Z20931AX95429773,DELIVERED
913,2346,2021-03-13 06:14:34,DHL,1Z14314AX23343334,DELIVERED
914,2348,2021-08-29 06:36:55,Amazon Logistics,1Z92659AX25458352,DELIVERED
915,2350,2023-02-17 19:04:49,UPS,1Z76044AX62186729,DELIVERED
916,2352,2024-12-30 07:16:44,FedEx,1Z53914AX96703089,IN_TRANSIT
917,2354,2021-04-12 08:21:50,UPS,1Z10724AX47835659,IN_TRANSIT
918,2357,2025-01-16 09:21:41,USPS,1Z64909AX41048385,IN_TRANSIT
919,2360,2023-12-26 08:11:04,UPS,1Z97599AX75530028,IN_TRANSIT
920,2361,2022-10-13 03:30:14,UPS,1Z61811AX83491042,DELIVERED
921,2364,2023-12-27 04:10:30,UPS,1Z62057AX20571705,DELIVERED
922,2365,2024-04-28 13:45:05,UPS,1Z97288AX77969790,DELIVERED
923,2367,2022-10-12 11:11:46,FedEx,1Z78533AX65399767,IN_TRANSIT
924,2374,2021-01-23 04:36:08,USPS,1Z68836AX15083297,DELIVERED
925,2376,2023-05-26 02:27:44,Amazon Logistics,1Z60036AX34310932,IN_TRANSIT
926,2380,2023-11-20 00:58:55,DHL,1Z12528AX52815232,DELIVERED
927,2381,2021-01-25 09:45:24,Amazon Logistics,1Z65597AX90727990,DELIVERED
928,2386,2024-09-06 12:05:50,USPS,1Z49829AX88492084,DELIVERED
929,2388,2023-10-07 14:28:10,USPS,1Z99406AX71306015,DELIVERED
930,2390,2024-12-12 06:42:03,UPS,1Z21147AX31649432,IN_TRANSIT
931,2392,2024-01-14 01:38:04,UPS,1Z36321AX17731117,IN_TRANSIT
932,2393,2024-11-17 23:41:14,Amazon Logistics,1Z81559AX68557947,DELIVERED
933,2400,2021-02-19 17:23:01,DHL,1Z29350AX84197416,IN_TRANSIT
934,2404,2024-01-17 14:46:15,FedEx,1Z34601AX15636395,DELIVERED
935,2405,2022-08-18 11:07:23,USPS,1Z76087AX37084643,IN_TRANSIT
936,2408,2022-08-03 04:59:10,UPS,1Z82158AX34700506,IN_TRANSIT
937,2410,2022-01-25 09:51:14,USPS,1Z85898AX88318238,IN_TRANSIT
938,2413,2025-12-19 17:48:09,Amazon Logistics,1Z60892AX38252202,IN_TRANSIT
939,2415,2024-05-16 17:03:46,USPS,1Z67693AX96382810,DELIVERED
940,2424,2025-01-02 03:23:26,Amazon Logistics,1Z12094AX57225217,IN_TRANSIT
941,2425,2023-11-08 10:11:20,Amazon Logistics,1Z80611AX63986356,IN_TRANSIT
942,2427,2021-03-23 14:18:44,FedEx,1Z36066AX56380417,IN_TRANSIT
943,2430,2025-12-09 01:44:07,UPS,1Z19108AX99105614,IN_TRANSIT
944,2431,2023-05-03 13:43:30,FedEx,1Z51125AX46533492,DELIVERED
945,2432,2022-11-05 11:22:22,UPS,1Z99572AX69318606,DELIVERED
946,2438,2022-04-24 02:12:38,UPS,1Z63900AX87840984,IN_TRANSIT
947,2440,2022-01-19 08:24:07,USPS,1Z20855AX83775722,DELIVERED
948,2445,2024-09-13 21:31:02,Amazon Logistics,1Z78300AX17697937,DELIVERED
949,2446,2021-08-07 01:35:04,UPS,1Z83419AX32034964,IN_TRANSIT
950,2448,2021-11-14 09:18:38,DHL,1Z23141AX81916833,DELIVERED
951,2449,2025-01-11 16:12:45,Amazon Logistics,1Z26592AX46987460,IN_TRANSIT
952,2450,2022-05-06 19:12:23,USPS,1Z57917AX36705034,DELIVERED
953,2452,2025-02-03 13:39:15,USPS,1Z66434AX93884161,IN_TRANSIT
954,2453,2024-09-10 00:49:51,UPS,1Z59003AX49682792,DELIVERED
955,2465,2024-08-05 09:54:24,DHL,1Z58458AX24691661,IN_TRANSIT
956,2467,2024-07-31 01:58:36,Amazon Logistics,1Z28339AX96088259,DELIVERED
957,2471,2025-04-23 12:11:42,USPS,1Z20610AX51393514,IN_TRANSIT
958,2472,2021-01-07 14:10:21,UPS,1Z44428AX35788647,IN_TRANSIT
959,2474,2023-03-06 03:58:00,UPS,1Z65691AX64604245,DELIVERED
960,2476,2023-01-31 11:35:16,DHL,1Z67740AX43921324,IN_TRANSIT
961,2480,2022-11-08 13:07:32,FedEx,1Z16111AX81169689,DELIVERED
962,2481,2023-09-06 05:24:04,DHL,1Z73234AX23052538,IN_TRANSIT
963,2486,2024-07-31 20:03:59,Amazon Logistics,1Z79479AX68303801,IN_TRANSIT
964,2488,2022-02-11 15:01:38,UPS,1Z79989AX87114453,IN_TRANSIT
965,2492,2025-11-24 21:00:14,USPS,1Z82665AX56712868,DELIVERED
966,2493,2022-07-22 20:28:52,FedEx,1Z18228AX52497966,DELIVERED
967,2495,2025-11-18 21:26:00,FedEx,1Z77456AX87406090,IN_TRANSIT
968,2496,2024-02-19 00:46:30,USPS,1Z87622AX89502612,IN_TRANSIT
969,2497,2022-12-06 23:32:50,FedEx,1Z86867AX46466603,IN_TRANSIT
970,2498,2025-06-04 23:46:42,USPS,1Z76949AX85676166,IN_TRANSIT
971,2500,2024-06-07 15:10:07,DHL,1Z47326AX48455192,DELIVERED
972,2501,2023-09-26 04:17:19,FedEx,1Z28021AX56050266,DELIVERED
973,2502,2021-02-22 22:01:54,DHL,1Z10801AX49355096,DELIVERED
974,2513,2021-11-21 02:50:51,UPS,1Z83766AX36086328,IN_TRANSIT
975,2514,2023-11-20 17:58:45,FedEx,1Z99686AX59529861,IN_TRANSIT
976,2516,2023-11-10 13:37:08,Amazon Logistics,1Z78015AX28415632,IN_TRANSIT
977,2517,2022-01-25 23:56:47,USPS,1Z50015AX75098337,IN_TRANSIT
978,2521,2022-05-23 09:55:46,DHL,1Z92181AX75029986,DELIVERED
979,2523,2025-05-24 19:34:44,USPS,1Z82908AX18892941,DELIVERED
980,2524,2025-09-21 00:35:32,USPS,1Z83768AX69098132,IN_TRANSIT
981,2536,2021-01-08 14:54:57,FedEx,1Z42918AX55597377,DELIVERED
982,2538,2022-04-25 07:57:30,DHL,1Z39718AX72702042,IN_TRANSIT
983,2540,2022-07-31 20:31:41,UPS,1Z42710AX12360304,DELIVERED
984,2543,2021-01-19 23:49:20,USPS,1Z37684AX90019335,IN_TRANSIT
985,2545,2022-09-05 12:09:13,Amazon Logistics,1Z75406AX12835430,DELIVERED
986,2548,2023-07-03 05:30:38,Amazon Logistics,1Z28788AX36436780,IN_TRANSIT
987,2550,2021-12-23 00:00:07,UPS,1Z75014AX78730570,IN_TRANSIT
988,2553,2024-03-01 15:14:27,FedEx,1Z66941AX94184742,DELIVERED
989,2562,2021-06-08 16:59:42,USPS,1Z69264AX41030144,DELIVERED
990,2564,2023-08-25 08:31:20,UPS,1Z38435AX23547350,DELIVERED
991,2568,2024-09-26 21:38:38,DHL,1Z52867AX54756119,DELIVERED
992,2572,2024-03-10 22:24:17,USPS,1Z12817AX10354127,DELIVERED
993,2573,2023-08-10 14:34:42,UPS,1Z56447AX47116430,DELIVERED
994,2574,2023-08-15 09:19:20,Amazon Logistics,1Z57873AX96776037,IN_TRANSIT
995,2576,2025-07-23 07:14:55,DHL,1Z56645AX64003353,DELIVERED
996,2577,2022-07-02 10:52:13,DHL,1Z75837AX59625840,IN_TRANSIT
997,2581,2022-02-23 07:02:21,Amazon Logistics,1Z55836AX97944389,IN_TRANSIT
998,2585,2024-07-21 11:33:13,FedEx,1Z66395AX65515219,IN_TRANSIT
999,2586,2025-07-25 10:14:00,DHL,1Z54894AX98421465,IN_TRANSIT
1000,2590,2025-11-19 23:22:00,DHL,1Z30912AX77130015,DELIVERED
1001,2592,2024-03-22 19:33:19,UPS,1Z19538AX95109488,DELIVERED
1002,2593,2025-09-09 16:39:42,FedEx,1Z62290AX97677514,IN_TRANSIT
1003,2598,2024-06-07 07:58:52,USPS,1Z89776AX22158883,IN_TRANSIT
1004,2605,2024-09-07 11:49:59,Amazon Logistics,1Z15728AX61796501,DELIVERED
1005,2613,2024-06-16 21:56:35,UPS,1Z11709AX81577174,DELIVERED
1006,2615,2021-08-24 13:10:52,Amazon Logistics,1Z71326AX41750709,DELIVERED
1007,2616,2021-08-08 12:55:45,Amazon Logistics,1Z75007AX70783199,DELIVERED
1008,2619,2023-09-07 10:15:58,DHL,1Z43962AX58434052,IN_TRANSIT
1009,2620,2023-08-14 18:53:13,UPS,1Z61392AX34318893,DELIVERED
1010,2622,2025-01-01 11:24:18,USPS,1Z85857AX44057179,IN_TRANSIT
1011,2624,2021-10-03 01:02:22,UPS,1Z97788AX69540033,DELIVERED
1012,2626,2025-05-30 10:53:30,FedEx,1Z37290AX97843086,IN_TRANSIT
1013,2627,2025-11-27 10:00:36,UPS,1Z63456AX24224294,IN_TRANSIT
1014,2631,2023-07-05 10:23:43,Amazon Logistics,1Z34811AX38350230,DELIVERED
1015,2632,2021-06-29 10:52:04,USPS,1Z93891AX94154407,IN_TRANSIT
1016,2636,2024-01-19 17:20:16,FedEx,1Z88604AX98315953,DELIVERED
1017,2638,2024-08-25 05:15:01,DHL,1Z42229AX79759051,DELIVERED
1018,2640,2024-05-06 07:59:41,FedEx,1Z84609AX52955669,IN_TRANSIT
1019,2641,2025-05-09 14:59:34,USPS,1Z99204AX86867460,IN_TRANSIT
1020,2642,2021-07-23 12:10:34,UPS,1Z21155AX51578279,IN_TRANSIT
1021,2647,2024-10-31 21:30:21,Amazon Logistics,1Z43950AX78485307,DELIVERED
1022,2650,2023-12-02 18:47:07,UPS,1Z33318AX19928813,DELIVERED
1023,2654,2022-03-21 14:12:27,USPS,1Z24774AX76034290,IN_TRANSIT
1024,2659,2022-05-27 22:29:43,DHL,1Z63463AX60121407,IN_TRANSIT
1025,2660,2024-07-04 05:16:16,FedEx,1Z55233AX17977908,DELIVERED
1026,2662,2021-10-21 09:40:41,Amazon Logistics,1Z57477AX90103206,IN_TRANSIT
1027,2663,2023-12-22 13:54:19,DHL,1Z58585AX83488341,DELIVERED
1028,2664,2023-04-04 00:33:28,FedEx,1Z21951AX36683057,DELIVERED
1029,2666,2021-03-31 03:32:11,FedEx,1Z27001AX82380365,DELIVERED
1030,2670,2021-12-12 22:40:35,FedEx,1Z85198AX34301218,DELIVERED
1031,2671,2024-11-13 09:10:07,Amazon Logistics,1Z49184AX27131679,IN_TRANSIT
1032,2673,2023-04-02 13:41:19,USPS,1Z33005AX77396279,IN_TRANSIT
1033,2675,2023-01-06 05:36:38,UPS,1Z36758AX35830662,IN_TRANSIT
1034,2676,2021-07-22 03:32:58,FedEx,1Z23142AX33309170,IN_TRANSIT
1035,2678,2022-03-31 18:05:44,FedEx,1Z84040AX35318610,DELIVERED
1036,2679,2022-11-14 23:59:42,FedEx,1Z81804AX90145026,DELIVERED
1037,2680,2023-08-09 15:31:34,FedEx,1Z17989AX56228533,DELIVERED
1038,2683,2022-08-16 03:31:45,Amazon Logistics,1Z73724AX44316399,DELIVERED
1039,2684,2023-07-12 00:48:38,FedEx,1Z59870AX50902927,DELIVERED
1040,2685,2023-09-13 19:45:01,USPS,1Z39122AX56336717,IN_TRANSIT
1041,2687,2022-07-27 03:30:21,USPS,1Z69404AX62881323,DELIVERED
1042,2688,2022-06-06 23:50:59,DHL,1Z11045AX58869155,IN_TRANSIT
1043,2689,2022-04-11 23:06:53,DHL,1Z75789AX18956950,DELIVERED
1044,2694,2022-12-06 09:14:04,Amazon Logistics,1Z13822AX72076123,DELIVERED
1045,2695,2021-06-17 13:11:27,FedEx,1Z44260AX14816213,DELIVERED
1046,2698,2022-05-25 00:47:55,UPS,1Z68564AX39676880,IN_TRANSIT
1047,2699,2022-01-13 16:36:25,FedEx,1Z87183AX54118297,IN_TRANSIT
1048,2701,2024-01-04 16:31:08,Amazon Logistics,1Z51345AX91758260,IN_TRANSIT
1049,2704,2025-03-30 07:16:46,USPS,1Z14362AX77446557,DELIVERED
1050,2706,2022-06-25 14:47:01,FedEx,1Z63106AX98393010,DELIVERED
1051,2707,2023-10-26 09:18:04,USPS,1Z17828AX15032866,IN_TRANSIT
1052,2709,2022-10-21 18:29:36,Amazon Logistics,1Z77618AX12678309,IN_TRANSIT
1053,2710,2021-10-13 04:39:54,DHL,1Z99756AX83254754,IN_TRANSIT
1054,2712,2025-05-26 08:50:30,USPS,1Z96085AX32033800,IN_TRANSIT
1055,2713,2025-12-16 23:58:00,FedEx,1Z14830AX28207399,IN_TRANSIT
1056,2717,2023-10-10 05:46:05,DHL,1Z30056AX31886898,DELIVERED
1057,2718,2022-01-31 18:57:50,Amazon Logistics,1Z72917AX74668280,IN_TRANSIT
1058,2719,2025-08-08 09:42:45,DHL,1Z82955AX42316911,IN_TRANSIT
1059,2725,2021-07-28 04:49:50,DHL,1Z91005AX69948017,IN_TRANSIT
1060,2732,2025-09-20 03:39:06,FedEx,1Z43856AX97108189,DELIVERED
1061,2733,2022-06-01 10:14:20,FedEx,1Z28240AX61809582,IN_TRANSIT
1062,2737,2022-03-06 15:01:54,DHL,1Z90398AX59386774,DELIVERED
1063,2738,2022-05-16 17:01:59,USPS,1Z78704AX23434762,IN_TRANSIT
1064,2739,2023-07-26 01:44:26,FedEx,1Z97562AX39123470,DELIVERED
1065,2740,2021-12-26 12:09:47,DHL,1Z47151AX51296686,IN_TRANSIT
1066,2743,2023-06-29 17:01:44,UPS,1Z91557AX85661222,IN_TRANSIT
1067,2744,2021-09-22 06:36:09,DHL,1Z61009AX86900853,IN_TRANSIT
1068,2746,2021-02-02 14:02:25,USPS,1Z85219AX84698497,DELIVERED
1069,2748,2025-05-10 16:04:17,Amazon Logistics,1Z11282AX74304283,IN_TRANSIT
1070,2752,2023-11-26 02:58:14,USPS,1Z79067AX66888286,DELIVERED
1071,2764,2024-10-17 23:01:46,DHL,1Z32166AX64420419,IN_TRANSIT
1072,2768,2023-09-07 11:09:04,DHL,1Z55861AX39511936,IN_TRANSIT
1073,2770,2025-07-03 00:24:17,UPS,1Z35020AX22531700,DELIVERED
1074,2771,2022-11-18 23:25:04,USPS,1Z37797AX80612768,DELIVERED
1075,2776,2025-10-04 16:33:31,DHL,1Z82497AX56922744,IN_TRANSIT
1076,2778,2021-03-02 02:50:59,Amazon Logistics,1Z15041AX88706783,IN_TRANSIT
1077,2781,2022-03-13 14:47:03,FedEx,1Z36064AX60204833,DELIVERED
1078,2782,2023-11-10 15:12:02,Amazon Logistics,1Z62602AX10326684,DELIVERED
1079,2783,2021-03-09 20:23:46,Amazon Logistics,1Z82260AX12169914,IN_TRANSIT
1080,2787,2024-03-30 17:35:56,USPS,1Z32778AX41177001,DELIVERED
1081,2789,2022-10-24 15:54:01,Amazon Logistics,1Z64489AX76435546,DELIVERED
1082,2790,2021-01-21 23:22:06,FedEx,1Z50353AX12594227,DELIVERED
1083,2793,2022-01-13 17:08:21,DHL,1Z68875AX63285790,IN_TRANSIT
1084,2796,2024-07-16 06:44:48,FedEx,1Z60743AX57386111,DELIVERED
1085,2801,2022-12-01 03:15:48,Amazon Logistics,1Z46289AX85855716,DELIVERED
1086,2804,2024-04-19 21:22:57,DHL,1Z63597AX62831724,DELIVERED
1087,2809,2022-09-03 23:35:57,DHL,1Z31351AX70800413,IN_TRANSIT
1088,2812,2024-04-02 20:38:08,USPS,1Z71988AX44080840,IN_TRANSIT
1089,2814,2025-12-05 18:07:16,USPS,1Z52240AX17720079,DELIVERED
1090,2815,2022-05-08 10:39:10,Amazon Logistics,1Z55507AX34551470,IN_TRANSIT
1091,2816,2024-12-06 20:17:52,USPS,1Z38436AX91683575,IN_TRANSIT
1092,2817,2024-04-12 14:26:50,UPS,1Z12244AX77972586,IN_TRANSIT
1093,2818,2023-08-23 15:14:05,Amazon Logistics,1Z57280AX48240889,IN_TRANSIT
1094,2820,2023-08-09 05:21:25,Amazon Logistics,1Z64741AX34172090,IN_TRANSIT
1095,2821,2025-11-20 12:30:18,UPS,1Z98672AX86770649,IN_TRANSIT
1096,2822,2023-05-06 18:35:18,USPS,1Z82935AX32226657,DELIVERED
1097,2829,2022-11-13 02:51:29,UPS,1Z88166AX93956280,DELIVERED
1098,2830,2022-03-27 21:13:33,DHL,1Z93739AX37538793,DELIVERED
1099,2831,2021-09-25 12:53:51,UPS,1Z28093AX86331835,DELIVERED
1100,2832,2024-06-08 03:12:59,DHL,1Z18370AX97655046,IN_TRANSIT
1101,2836,2024-04-28 18:47:21,Amazon Logistics,1Z17023AX72546370,DELIVERED
1102,2839,2021-10-17 09:30:24,USPS,1Z25868AX18557709,DELIVERED
1103,2843,2021-02-13 21:54:24,FedEx,1Z44657AX21775963,DELIVERED
1104,2847,2023-07-17 08:44:07,DHL,1Z22457AX64021589,IN_TRANSIT
1105,2849,2025-07-02 05:08:58,UPS,1Z76792AX40175013,IN_TRANSIT
1106,2850,2025-10-03 08:49:08,UPS,1Z50570AX97672061,DELIVERED
1107,2853,2023-05-29 18:31:46,USPS,1Z96174AX51531898,DELIVERED
1108,2858,2022-05-21 02:03:27,USPS,1Z46541AX87897498,IN_TRANSIT
1109,2860,2025-01-03 02:59:56,Amazon Logistics,1Z68487AX94248842,DELIVERED
1110,2862,2023-12-26 19:39:17,FedEx,1Z19795AX93289142,DELIVERED
1111,2863,2023-12-17 14:01:28,Amazon Logistics,1Z79820AX59141610,DELIVERED
1112,2864,2023-05-14 05:39:58,FedEx,1Z14085AX99699936,DELIVERED
1113,2867,2024-03-23 04:12:59,Amazon Logistics,1Z44725AX35731953,DELIVERED
1114,2871,2023-10-23 07:56:48,DHL,1Z54471AX76197081,DELIVERED
1115,2872,2024-07-31 04:50:45,UPS,1Z43687AX41877342,DELIVERED
1116,2886,2022-09-17 21:41:49,FedEx,1Z37366AX19716100,DELIVERED
1117,2893,2024-07-29 13:53:10,DHL,1Z91810AX82745982,IN_TRANSIT
1118,2898,2022-08-04 21:42:20,DHL,1Z39687AX13412027,IN_TRANSIT
1119,2901,2021-10-28 11:05:00,USPS,1Z37742AX63258981,IN_TRANSIT
1120,2904,2025-07-02 22:36:15,FedEx,1Z27466AX61770912,IN_TRANSIT
1121,2905,2022-12-11 01:24:59,FedEx,1Z65940AX52770217,IN_TRANSIT
1122,2906,2021-12-16 01:02:32,UPS,1Z93103AX96244253,IN_TRANSIT
1123,2909,2023-03-10 05:37:58,UPS,1Z61563AX47680807,DELIVERED
1124,2910,2023-01-03 05:15:40,UPS,1Z99389AX35136953,IN_TRANSIT
1125,2913,2023-09-15 18:26:33,USPS,1Z81731AX91311154,IN_TRANSIT
1126,2914,2025-10-18 17:49:42,DHL,1Z90728AX81009603,IN_TRANSIT
1127,2916,2023-01-29 22:55:01,USPS,1Z16457AX88428242,DELIVERED
1128,2917,2022-11-01 12:44:49,FedEx,1Z57897AX51544151,IN_TRANSIT
1129,2919,2022-06-17 15:25:02,FedEx,1Z99142AX12126483,DELIVERED
1130,2920,2023-07-25 07:54:41,USPS,1Z89968AX23540155,DELIVERED
1131,2922,2024-05-02 23:48:18,USPS,1Z80611AX76538300,DELIVERED
1132,2926,2021-03-16 17:55:18,FedEx,1Z94654AX37651736,IN_TRANSIT
1133,2928,2022-02-05 11:07:42,Amazon Logistics,1Z24571AX35538136,DELIVERED
1134,2929,2022-04-04 21:37:24,USPS,1Z46028AX42860386,DELIVERED
1135,2933,2022-07-29 02:55:30,Amazon Logistics,1Z29127AX50105913,IN_TRANSIT
1136,2934,2021-08-02 12:44:55,Amazon Logistics,1Z56413AX12061885,DELIVERED
1137,2940,2025-02-24 10:24:43,UPS,1Z83076AX13767319,DELIVERED
1138,2941,2021-07-21 18:27:59,UPS,1Z93752AX73285318,IN_TRANSIT
1139,2943,2022-08-07 11:49:55,USPS,1Z56277AX28829308,IN_TRANSIT
1140,2944,2023-07-01 23:53:04,DHL,1Z96347AX25119792,DELIVERED
1141,2947,2024-03-25 18:18:03,UPS,1Z44447AX94512142,IN_TRANSIT
1142,2949,2025-07-27 14:25:44,USPS,1Z91092AX33171580,IN_TRANSIT
1143,2951,2024-12-11 08:04:10,FedEx,1Z97733AX78889538,DELIVERED
1144,2958,2024-01-17 00:05:05,DHL,1Z48720AX89671575,DELIVERED
1145,2961,2022-06-26 16:15:03,UPS,1Z90944AX42173169,IN_TRANSIT
1146,2962,2024-05-11 18:53:31,DHL,1Z86299AX11952761,DELIVERED
1147,2963,2025-12-24 16:03:04,USPS,1Z15213AX88170008,IN_TRANSIT
1148,2964,2025-02-27 22:54:16,FedEx,1Z54902AX35219179,DELIVERED
1149,2965,2022-09-29 16:29:45,DHL,1Z64733AX63696364,IN_TRANSIT
1150,2968,2023-10-11 11:08:26,DHL,1Z51941AX41033980,DELIVERED
1151,2970,2022-05-08 02:24:42,USPS,1Z20585AX95902658,IN_TRANSIT
1152,2971,2022-12-27 22:08:13,Amazon Logistics,1Z90231AX55719688,DELIVERED
1153,2973,2023-05-27 05:44:49,USPS,1Z49505AX36249477,IN_TRANSIT
1154,2978,2023-05-23 10:55:23,Amazon Logistics,1Z13838AX56675283,IN_TRANSIT
1155,2979,2022-08-03 17:56:01,DHL,1Z16759AX38421554,DELIVERED
1156,2986,2022-10-15 14:05:54,DHL,1Z12619AX92246784,DELIVERED
1157,2987,2021-07-01 14:21:26,USPS,1Z31165AX42413079,DELIVERED
1158,2989,2024-05-14 04:26:11,Amazon Logistics,1Z99492AX94340203,DELIVERED
1159,2990,2022-06-06 19:19:28,DHL,1Z90759AX28020020,IN_TRANSIT
1160,2991,2021-08-30 12:52:22,UPS,1Z92690AX19003630,IN_TRANSIT
1161,2992,2025-11-24 12:31:51,UPS,1Z61435AX92751361,IN_TRANSIT
1162,2994,2022-07-23 20:13:52,Amazon Logistics,1Z86044AX26700676,DELIVERED
1163,2997,2023-07-06 11:45:12,USPS,1Z38683AX21364257,IN_TRANSIT
1164,3003,2024-01-27 22:09:59,DHL,1Z99254AX29598965,DELIVERED
1165,3007,2021-10-23 05:11:38,USPS,1Z42908AX23864443,DELIVERED
1166,3008,2025-05-03 02:48:51,FedEx,1Z96031AX23616985,IN_TRANSIT
1167,3016,2025-01-06 15:19:45,Amazon Logistics,1Z64557AX90505196,DELIVERED
1168,3019,2021-03-27 18:33:20,UPS,1Z99610AX45054912,IN_TRANSIT
1169,3020,2021-10-21 15:34:40,USPS,1Z67523AX77747797,IN_TRANSIT
1170,3022,2022-02-23 10:58:45,USPS,1Z30103AX65236720,DELIVERED
1171,3023,2021-05-23 10:11:49,UPS,1Z96272AX35688927,IN_TRANSIT
1172,3024,2023-05-15 02:51:46,Amazon Logistics,1Z19941AX59225805,DELIVERED
1173,3025,2025-10-12 07:47:49,USPS,1Z96457AX35120154,IN_TRANSIT
1174,3037,2023-08-03 04:58:54,USPS,1Z13948AX48101942,DELIVERED
1175,3038,2022-09-26 08:56:32,Amazon Logistics,1Z49357AX52983284,DELIVERED
1176,3039,2022-09-18 01:10:53,Amazon Logistics,1Z63851AX69018738,DELIVERED
1177,3044,2023-06-12 02:33:17,Amazon Logistics,1Z81980AX85126619,DELIVERED
1178,3048,2021-12-18 08:38:09,DHL,1Z22302AX20429677,DELIVERED
1179,3049,2025-01-21 13:15:54,Amazon Logistics,1Z77159AX82659429,DELIVERED
1180,3055,2021-11-12 23:21:18,FedEx,1Z70571AX88646229,IN_TRANSIT
1181,3058,2023-01-29 21:02:09,Amazon Logistics,1Z63381AX73541771,DELIVERED
1182,3060,2022-03-02 23:23:02,FedEx,1Z25815AX25911093,DELIVERED
1183,3065,2023-11-30 14:07:22,DHL,1Z43986AX79009157,IN_TRANSIT
1184,3066,2022-12-20 21:04:47,USPS,1Z85083AX99017828,DELIVERED
1185,3069,2021-01-05 15:27:25,DHL,1Z46131AX27148388,IN_TRANSIT
1186,3074,2025-05-31 22:26:47,Amazon Logistics,1Z99765AX52595591,DELIVERED
1187,3075,2022-10-08 19:32:46,Amazon Logistics,1Z10478AX29295890,IN_TRANSIT
1188,3076,2021-11-17 01:26:01,FedEx,1Z38517AX11185345,IN_TRANSIT
1189,3078,2025-07-05 06:44:52,USPS,1Z48956AX18520216,DELIVERED
1190,3079,2021-07-15 13:13:25,Amazon Logistics,1Z24240AX52847754,IN_TRANSIT
1191,3081,2023-06-06 19:24:55,DHL,1Z65514AX25513384,DELIVERED
1192,3082,2022-03-21 20:42:14,UPS,1Z89972AX47305488,DELIVERED
1193,3090,2025-08-21 11:30:44,FedEx,1Z13370AX84231132,IN_TRANSIT
1194,3099,2025-11-13 09:08:44,Amazon Logistics,1Z49136AX56259830,DELIVERED
1195,3101,2021-10-29 09:11:26,UPS,1Z77377AX37203573,DELIVERED
1196,3103,2021-05-06 13:23:31,DHL,1Z18242AX57257732,DELIVERED
1197,3107,2023-04-17 01:40:44,FedEx,1Z62698AX30996941,IN_TRANSIT
1198,3111,2025-01-07 21:33:37,Amazon Logistics,1Z59531AX46624246,IN_TRANSIT
1199,3113,2021-03-17 09:16:07,DHL,1Z10052AX36979920,DELIVERED
1200,3115,2024-02-07 01:33:42,DHL,1Z90427AX76077972,DELIVERED
1201,3116,2022-09-01 03:54:18,FedEx,1Z85484AX67555047,IN_TRANSIT
1202,3117,2022-12-10 11:23:22,USPS,1Z74338AX68542043,IN_TRANSIT
1203,3118,2021-06-13 06:40:45,FedEx,1Z54659AX24780989,IN_TRANSIT
1204,3119,2023-09-19 01:37:53,USPS,1Z37613AX72575646,IN_TRANSIT
1205,3121,2022-04-04 05:45:50,Amazon Logistics,1Z30092AX28451840,IN_TRANSIT
1206,3122,2022-03-19 21:30:08,USPS,1Z73160AX72884666,DELIVERED
1207,3123,2023-09-25 23:45:11,FedEx,1Z41841AX23556500,DELIVERED
1208,3125,2024-08-29 21:27:35,USPS,1Z20061AX95684182,DELIVERED
1209,3128,2023-02-21 19:43:36,USPS,1Z20783AX80706863,IN_TRANSIT
1210,3130,2025-12-19 05:25:53,FedEx,1Z77509AX11622119,DELIVERED
1211,3133,2022-04-16 21:08:56,Amazon Logistics,1Z95773AX12140739,IN_TRANSIT
1212,3134,2023-10-09 22:26:50,Amazon Logistics,1Z59720AX87093217,DELIVERED
1213,3137,2024-10-04 04:25:18,DHL,1Z21659AX93147147,IN_TRANSIT
1214,3142,2023-09-06 19:03:21,FedEx,1Z41461AX23310475,IN_TRANSIT
1215,3144,2025-04-25 07:07:50,DHL,1Z46377AX81237078,DELIVERED
1216,3145,2023-10-08 18:00:36,FedEx,1Z71666AX46393690,IN_TRANSIT
1217,3146,2023-01-15 11:33:56,FedEx,1Z26019AX32601273,IN_TRANSIT
1218,3147,2022-07-22 03:19:23,DHL,1Z17902AX92627638,IN_TRANSIT
1219,3149,2021-01-11 00:23:00,FedEx,1Z30206AX37955527,DELIVERED
1220,3153,2022-02-01 12:16:08,UPS,1Z60502AX73323844,DELIVERED
1221,3154,2022-11-06 19:34:47,Amazon Logistics,1Z49365AX79019165,IN_TRANSIT
1222,3156,2025-12-25 05:30:16,DHL,1Z92850AX71145921,IN_TRANSIT
1223,3159,2023-10-02 09:21:18,Amazon Logistics,1Z83247AX51224797,IN_TRANSIT
1224,3165,2024-12-10 07:58:53,FedEx,1Z30215AX40900951,IN_TRANSIT
1225,3170,2023-01-26 15:24:30,FedEx,1Z30940AX33102874,DELIVERED
1226,3172,2023-06-29 21:24:29,Amazon Logistics,1Z44760AX38311378,IN_TRANSIT
1227,3173,2023-07-31 22:19:19,USPS,1Z63183AX60042031,DELIVERED
1228,3176,2024-05-12 15:16:23,USPS,1Z45313AX19413071,IN_TRANSIT
1229,3182,2025-01-02 04:49:25,UPS,1Z32222AX17060184,IN_TRANSIT
1230,3183,2022-12-07 08:40:38,Amazon Logistics,1Z90900AX28838168,DELIVERED
1231,3184,2021-02-10 19:00:27,USPS,1Z64584AX27968283,IN_TRANSIT
1232,3189,2024-09-02 18:58:21,Amazon Logistics,1Z61685AX67949984,IN_TRANSIT
1233,3190,2024-02-17 12:45:07,UPS,1Z88019AX68784508,IN_TRANSIT
1234,3191,2023-12-12 02:40:34,Amazon Logistics,1Z59748AX20477094,IN_TRANSIT
1235,3192,2025-04-10 06:05:08,USPS,1Z76610AX88464542,IN_TRANSIT
1236,3196,2025-08-07 14:36:28,USPS,1Z46782AX38426857,IN_TRANSIT
1237,3202,2022-02-09 08:53:59,DHL,1Z62130AX90979384,IN_TRANSIT
1238,3205,2025-05-18 21:16:50,USPS,1Z65597AX21589074,DELIVERED
1239,3207,2021-05-04 09:12:43,UPS,1Z36910AX84072249,IN_TRANSIT
1240,3211,2023-05-29 15:35:10,UPS,1Z80391AX17825450,IN_TRANSIT
1241,3213,2023-05-25 03:42:24,DHL,1Z87292AX64482556,DELIVERED
1242,3215,2023-05-01 08:46:47,UPS,1Z29762AX41235277,DELIVERED
1243,3216,2024-01-14 16:11:39,FedEx,1Z53463AX74078019,DELIVERED
1244,3217,2023-11-11 22:05:57,UPS,1Z19530AX30594976,DELIVERED
1245,3229,2022-04-14 13:21:31,USPS,1Z62813AX86472932,IN_TRANSIT
1246,3230,2022-12-03 22:17:40,FedEx,1Z15126AX47786949,DELIVERED
1247,3231,2022-10-03 09:46:22,USPS,1Z54647AX79920696,DELIVERED
1248,3232,2021-10-16 14:12:51,Amazon Logistics,1Z51295AX73894988,DELIVERED
1249,3233,2023-03-02 00:15:24,USPS,1Z18239AX42173315,DELIVERED
1250,3239,2023-04-10 12:17:55,USPS,1Z28825AX91918945,DELIVERED
1251,3240,2022-12-29 19:28:01,UPS,1Z13934AX85815449,IN_TRANSIT
1252,3244,2023-07-11 22:53:26,FedEx,1Z73611AX56282073,DELIVERED
1253,3245,2025-02-08 04:15:50,Amazon Logistics,1Z12377AX86232001,IN_TRANSIT
1254,3246,2023-04-04 07:14:20,DHL,1Z28629AX26154655,IN_TRANSIT
1255,3247,2022-04-07 19:48:11,Amazon Logistics,1Z36863AX84129648,IN_TRANSIT
1256,3253,2025-01-24 04:53:37,FedEx,1Z24419AX35564852,IN_TRANSIT
1257,3256,2024-02-14 22:56:43,USPS,1Z66797AX13180233,IN_TRANSIT
1258,3257,2023-10-16 04:02:43,DHL,1Z31228AX94033518,IN_TRANSIT
1259,3259,2022-06-07 17:40:06,DHL,1Z75379AX48992344,DELIVERED
1260,3261,2023-08-13 18:56:14,UPS,1Z77442AX42715209,IN_TRANSIT
1261,3268,2023-05-22 01:59:12,DHL,1Z21941AX36310027,DELIVERED
1262,3270,2024-08-18 10:20:34,FedEx,1Z12284AX20325990,IN_TRANSIT
1263,3272,2021-03-12 05:31:24,USPS,1Z51846AX79611837,IN_TRANSIT
1264,3274,2021-09-16 16:05:38,FedEx,1Z33645AX97146869,IN_TRANSIT
1265,3275,2024-07-18 03:05:56,DHL,1Z75607AX28455564,IN_TRANSIT
1266,3282,2024-09-21 23:23:04,USPS,1Z21759AX67624833,IN_TRANSIT
1267,3284,2024-02-14 07:47:27,USPS,1Z62795AX23710840,IN_TRANSIT
1268,3285,2022-01-30 01:06:07,Amazon Logistics,1Z65128AX44152465,DELIVERED
1269,3287,2025-02-21 03:20:03,USPS,1Z75648AX40572917,IN_TRANSIT
1270,3288,2021-12-22 19:17:01,Amazon Logistics,1Z80300AX58621899,IN_TRANSIT
1271,3290,2021-02-03 20:59:37,DHL,1Z55768AX83102190,DELIVERED
1272,3291,2021-07-02 12:04:48,UPS,1Z11339AX34924963,DELIVERED
1273,3293,2021-11-14 14:52:59,UPS,1Z17055AX65108442,DELIVERED
1274,3304,2022-01-10 07:04:10,FedEx,1Z27779AX88043360,IN_TRANSIT
1275,3306,2024-02-29 10:12:19,USPS,1Z18119AX83858420,IN_TRANSIT
1276,3313,2023-06-07 22:35:10,FedEx,1Z82209AX64607090,DELIVERED
1277,3320,2022-07-21 13:05:54,FedEx,1Z83524AX86778904,IN_TRANSIT
1278,3321,2024-12-29 06:22:56,USPS,1Z40704AX47093092,DELIVERED
1279,3323,2025-03-05 21:34:52,UPS,1Z13061AX43760305,DELIVERED
1280,3326,2021-06-30 07:12:51,Amazon Logistics,1Z83954AX23181775,IN_TRANSIT
1281,3328,2025-03-18 07:35:27,UPS,1Z65636AX17576758,IN_TRANSIT
1282,3330,2021-10-23 12:36:10,Amazon Logistics,1Z56331AX28977729,DELIVERED
1283,3333,2024-11-02 03:45:04,Amazon Logistics,1Z19870AX91042739,DELIVERED
1284,3335,2023-12-01 13:21:52,USPS,1Z93241AX32460138,IN_TRANSIT
1285,3344,2021-07-15 12:13:50,FedEx,1Z14513AX28765967,DELIVERED
1286,3346,2024-08-23 12:19:52,USPS,1Z59276AX79977333,DELIVERED
1287,3349,2025-03-16 08:59:52,DHL,1Z19498AX17478992,DELIVERED
1288,3351,2023-06-06 21:08:29,USPS,1Z32471AX63118715,IN_TRANSIT
1289,3355,2023-12-13 09:01:17,FedEx,1Z72019AX92513830,DELIVERED
1290,3357,2025-04-29 09:11:36,Amazon Logistics,1Z89174AX53836348,DELIVERED
1291,3360,2022-06-16 02:31:33,DHL,1Z51083AX43362372,DELIVERED
1292,3363,2025-03-04 17:46:51,USPS,1Z59708AX13592286,DELIVERED
1293,3369,2025-04-15 11:06:13,FedEx,1Z88292AX21705799,DELIVERED
1294,3371,2023-09-04 08:26:22,USPS,1Z64046AX37555225,DELIVERED
1295,3372,2021-07-14 05:24:53,Amazon Logistics,1Z21283AX40679345,DELIVERED
1296,3376,2025-09-20 11:01:35,DHL,1Z94115AX84115831,IN_TRANSIT
1297,3377,2025-06-17 16:38:37,UPS,1Z73384AX12376446,IN_TRANSIT
1298,3380,2025-04-05 22:24:15,Amazon Logistics,1Z28628AX72296504,IN_TRANSIT
1299,3383,2023-04-05 23:32:03,UPS,1Z25491AX20989434,IN_TRANSIT
1300,3384,2024-12-10 07:52:49,UPS,1Z64825AX50621663,IN_TRANSIT
1301,3386,2021-02-03 22:20:21,FedEx,1Z63445AX60326683,DELIVERED
1302,3388,2024-11-20 14:21:34,UPS,1Z46992AX47022065,IN_TRANSIT
1303,3389,2025-10-01 22:41:03,FedEx,1Z41405AX14348873,IN_TRANSIT
1304,3391,2025-12-05 17:39:11,FedEx,1Z13161AX51785610,IN_TRANSIT
1305,3398,2024-08-17 13:43:19,DHL,1Z46602AX69776175,DELIVERED
1306,3400,2021-06-26 06:30:01,Amazon Logistics,1Z76561AX83558933,IN_TRANSIT
1307,3402,2022-09-18 04:14:15,FedEx,1Z62767AX60047654,DELIVERED
1308,3403,2023-10-17 08:16:09,Amazon Logistics,1Z35553AX66706370,DELIVERED
1309,3404,2022-05-30 23:41:44,FedEx,1Z42923AX70318549,IN_TRANSIT
1310,3406,2025-12-26 07:14:42,DHL,1Z22170AX15135788,IN_TRANSIT
1311,3407,2022-05-03 15:22:17,USPS,1Z47565AX46515411,DELIVERED
1312,3409,2022-12-18 05:21:31,Amazon Logistics,1Z42426AX55536987,IN_TRANSIT
1313,3413,2022-02-07 12:31:25,FedEx,1Z15349AX10136951,IN_TRANSIT
1314,3416,2025-05-12 15:55:40,FedEx,1Z26542AX64121002,DELIVERED
1315,3421,2023-02-23 22:46:11,USPS,1Z48324AX95229222,DELIVERED
1316,3424,2021-08-08 17:34:41,USPS,1Z39760AX11290961,DELIVERED
1317,3429,2023-09-01 02:49:13,FedEx,1Z81717AX55493270,DELIVERED
1318,3434,2021-02-24 21:11:38,UPS,1Z56443AX77759790,IN_TRANSIT
1319,3435,2024-12-14 20:32:39,DHL,1Z12203AX45419160,IN_TRANSIT
1320,3444,2021-02-19 00:34:50,FedEx,1Z56605AX52988519,DELIVERED
1321,3445,2025-06-13 16:12:27,DHL,1Z25848AX30896577,DELIVERED
1322,3447,2022-03-03 04:11:50,DHL,1Z68539AX24694194,IN_TRANSIT
1323,3448,2025-12-16 06:57:22,USPS,1Z51900AX47514229,DELIVERED
1324,3452,2021-07-16 12:09:57,DHL,1Z16050AX18211192,DELIVERED
1325,3454,2024-12-21 14:02:55,DHL,1Z50566AX97156318,IN_TRANSIT
1326,3455,2023-10-03 06:14:56,Amazon Logistics,1Z16985AX97360090,IN_TRANSIT
1327,3456,2023-06-30 23:53:55,DHL,1Z34664AX33384692,DELIVERED
1328,3465,2025-02-06 18:15:35,DHL,1Z64924AX95813907,IN_TRANSIT
1329,3469,2024-01-06 20:20:09,UPS,1Z34766AX83301275,DELIVERED
1330,3470,2022-04-15 21:24:53,DHL,1Z88690AX92575347,IN_TRANSIT
1331,3473,2022-10-14 02:14:36,USPS,1Z72188AX56212938,DELIVERED
1332,3480,2024-07-24 16:42:14,FedEx,1Z64028AX51105254,DELIVERED
1333,3481,2023-04-25 17:36:23,USPS,1Z66696AX33336691,DELIVERED
1334,3482,2025-11-04 13:45:24,Amazon Logistics,1Z74859AX26207955,DELIVERED
1335,3485,2021-01-07 20:15:59,Amazon Logistics,1Z99635AX93559164,DELIVERED
1336,3486,2024-09-03 09:35:50,FedEx,1Z64646AX48193876,DELIVERED
1337,3487,2023-05-25 00:10:00,FedEx,1Z52363AX72797308,IN_TRANSIT
1338,3488,2021-10-13 13:25:18,UPS,1Z56934AX22607273,DELIVERED
1339,3489,2023-08-16 20:59:01,USPS,1Z30379AX35712594,IN_TRANSIT
1340,3490,2024-12-22 07:22:31,UPS,1Z26003AX57897353,IN_TRANSIT
1341,3492,2022-02-08 23:50:56,FedEx,1Z59237AX77341081,DELIVERED
1342,3494,2024-07-01 08:57:41,USPS,1Z71085AX25817795,DELIVERED
1343,3497,2025-03-20 18:03:43,DHL,1Z89369AX12939587,IN_TRANSIT
1344,3499,2022-01-24 21:06:35,UPS,1Z37390AX75548892,IN_TRANSIT
1345,3500,2022-07-19 08:30:04,DHL,1Z50179AX68596387,IN_TRANSIT
