supply_order_id,item_id,product_id,quantity,unit_cost
1,1,431,500,469.19
1,2,385,100,206.53
2,1,334,200,85.59
2,2,711,100,531.73
3,1,530,200,516.16
3,2,316,100,406.61
3,3,706,100,93.34
4,1,461,200,646.14
4,2,1169,200,254.33
4,3,1018,200,632.01
5,1,1423,100,551.27
5,2,183,50,119.21
5,3,286,50,338.65
6,1,1319,500,787.13
6,2,977,500,344.74
6,3,83,500,42.64
7,1,543,500,9.79
7,2,1104,100,590.78
7,3,1173,500,14.04
8,1,89,500,538.02
9,1,962,500,27.21
9,2,555,100,574.54
10,1,749,100,361.08
10,2,1161,50,456.64
11,1,371,50,446.35
11,2,824,50,777.94
12,1,910,100,366.65
12,2,377,500,17.49
12,3,977,200,344.74
13,1,1041,100,70.0
13,2,438,500,562.35
14,1,1149,500,476.61
15,1,1408,50,121.4
15,2,347,100,581.19
15,3,97,500,451.58
16,1,1441,200,408.54
16,2,1036,200,577.3
16,3,558,200,606.05
17,1,1043,50,419.39
17,2,1085,50,757.05
18,1,1159,100,391.84
18,2,190,50,325.08
19,1,496,50,571.66
19,2,926,100,260.08
19,3,69,200,764.95
20,1,559,100,217.08
20,2,1493,50,188.94
20,3,1101,50,734.44
21,1,1107,500,69.54
21,2,510,50,98.47
21,3,1402,100,551.94
22,1,1046,50,137.75
22,2,111,100,482.04
22,3,685,100,555.95
23,1,1025,500,280.89
24,1,880,50,192.32
24,2,1382,500,37.72
25,1,1232,50,453.84
26,1,1057,100,213.87
26,2,456,500,91.96
27,1,1312,100,56.52
27,2,183,50,119.21
27,3,1031,100,189.1
28,1,393,100,189.02
29,1,15,500,552.79
30,1,21,500,243.94
30,2,741,100,298.88
31,1,1363,500,347.86
31,2,1088,100,748.99
32,1,1251,200,713.05
32,2,1103,200,148.96
33,1,1038,200,342.28
33,2,1099,100,487.25
33,3,807,100,508.43
34,1,790,100,109.98
34,2,636,200,403.2
34,3,1346,100,677.29
35,1,487,50,359.35
36,1,461,50,646.14
37,1,275,500,790.76
37,2,255,100,731.21
38,1,1301,100,210.71
39,1,760,100,439.36
40,1,614,100,362.48
40,2,228,200,580.27
41,1,649,500,359.15
41,2,146,200,473.98
42,1,42,500,559.51
42,2,903,200,312.22
43,1,327,500,145.22
44,1,1431,100,127.43
45,1,636,500,403.2
46,1,389,50,452.72
46,2,208,100,189.66
47,1,543,100,9.79
47,2,742,200,70.18
47,3,1230,50,476.76
48,1,106,50,52.47
48,2,243,100,352.76
48,3,203,50,74.97
49,1,305,200,308.61
49,2,952,100,789.79
50,1,551,500,356.69
50,2,1412,50,531.39
50,3,1120,100,237.74
51,1,907,200,379.39
51,2,305,50,308.61
52,1,28,500,136.33
53,1,1305,200,429.73
53,2,738,50,587.38
54,1,547,200,442.09
55,1,1184,200,513.15
56,1,512,500,290.36
56,2,1062,50,493.2
57,1,1399,500,68.21
57,2,126,500,709.02
58,1,1050,50,752.62
59,1,1400,500,432.58
59,2,434,50,340.8
59,3,1161,100,456.64
60,1,995,200,764.62
60,2,1029,100,662.57
60,3,1146,200,720.48
61,1,813,50,681.55
61,2,358,200,769.14
62,1,1247,500,36.46
63,1,837,100,791.07
64,1,124,200,338.46
64,2,1159,50,391.84
64,3,892,500,92.49
65,1,382,100,97.08
65,2,891,50,624.59
66,1,1445,50,631.7
67,1,137,50,504.26
67,2,812,50,530.68
67,3,1447,200,436.84
68,1,1303,200,22.11
68,2,97,100,451.58
68,3,608,200,665.5
69,1,1076,500,692.31
69,2,153,50,146.03
69,3,416,50,169.71
70,1,1125,100,621.93
70,2,808,500,492.02
71,1,188,50,799.21
71,2,314,500,443.12
71,3,1462,500,203.4
72,1,92,200,475.11
72,2,1003,500,295.57
73,1,679,200,483.65
73,2,683,100,121.92
73,3,411,50,326.24
74,1,317,100,379.36
75,1,1349,500,452.34
75,2,768,500,765.57
75,3,1043,500,419.39
76,1,41,200,172.84
77,1,908,500,519.5
77,2,936,100,356.86
77,3,463,50,673.09
78,1,1316,200,380.95
78,2,1203,100,176.1
78,3,1466,100,325.46
79,1,247,500,324.2
79,2,611,50,511.39
80,1,317,100,379.36
80,2,1107,50,69.54
80,3,673,100,31.32
81,1,1408,500,121.4
81,2,574,200,194.62
82,1,40,200,546.23
82,2,589,500,767.07
82,3,1377,50,96.09
83,1,491,200,765.98
83,2,1123,500,693.45
84,1,393,500,189.02
85,1,636,200,403.2
86,1,1273,100,134.68
86,2,1201,100,481.01
87,1,1433,100,439.67
88,1,209,100,447.11
88,2,834,50,691.81
88,3,675,100,26.6
89,1,670,50,684.48
90,1,542,500,683.04
90,2,1412,50,531.39
90,3,1252,100,11.55
91,1,436,200,231.51
92,1,268,500,489.78
92,2,212,50,542.33
92,3,878,100,784.01
93,1,1048,50,117.44
93,2,1396,100,202.2
93,3,566,100,308.98
94,1,755,100,49.83
94,2,272,100,711.75
94,3,971,100,525.78
95,1,1383,500,184.37
95,2,281,500,343.05
95,3,1163,500,482.91
96,1,817,50,754.78
96,2,747,200,558.01
96,3,218,100,58.45
97,1,151,50,776.09
97,2,850,100,593.55
98,1,763,100,365.29
98,2,897,500,401.25
98,3,1477,50,545.15
99,1,670,200,684.48
99,2,1042,100,412.39
100,1,869,500,503.52
100,2,1482,200,166.65
100,3,58,200,301.19
101,1,734,100,248.29
101,2,905,500,37.04
101,3,602,200,634.92
102,1,1250,500,467.89
102,2,46,100,725.41
103,1,926,50,260.08
103,2,1159,50,391.84
103,3,1084,50,79.95
104,1,807,500,508.43
105,1,963,50,589.43
105,2,372,100,180.63
106,1,1166,50,664.92
106,2,835,100,253.36
106,3,545,100,378.49
107,1,209,100,447.11
107,2,1140,100,177.06
107,3,488,50,795.14
108,1,1374,50,719.07
109,1,234,200,700.88
109,2,202,100,103.77
109,3,1167,500,594.68
110,1,1295,500,693.83
110,2,395,100,707.81
110,3,628,50,97.99
111,1,162,200,432.75
111,2,1284,500,670.25
112,1,1194,100,661.21
112,2,1184,200,513.15
112,3,442,200,655.31
113,1,739,500,426.76
114,1,188,200,799.21
114,2,1229,200,366.22
114,3,286,50,338.65
115,1,479,100,138.55
116,1,868,50,171.78
117,1,1344,200,390.04
118,1,1288,50,322.6
118,2,1461,500,680.45
118,3,700,50,729.43
119,1,404,100,154.46
120,1,999,200,756.25
120,2,229,50,317.29
121,1,1274,200,33.88
122,1,851,500,95.67
122,2,832,500,611.97
123,1,1145,500,724.42
123,2,1303,200,22.11
124,1,32,200,684.17
124,2,745,100,100.04
125,1,1319,50,787.13
126,1,273,500,197.14
127,1,94,200,135.43
128,1,826,500,610.74
128,2,585,100,320.45
128,3,693,100,783.3
129,1,1334,100,242.76
129,2,520,500,684.77
130,1,207,500,726.13
130,2,169,100,297.32
130,3,935,500,99.08
131,1,1249,500,243.79
132,1,1449,200,428.92
132,2,54,200,73.16
132,3,310,100,388.28
133,1,676,50,413.19
133,2,666,500,139.22
133,3,828,100,228.11
134,1,536,50,651.36
135,1,421,50,91.24
136,1,1338,500,720.35
136,2,1133,500,106.42
137,1,1294,500,69.06
137,2,156,50,478.33
138,1,943,200,169.62
138,2,643,50,656.95
138,3,448,100,415.52
139,1,1314,500,499.53
139,2,136,100,101.48
140,1,1341,100,605.2
140,2,1428,200,615.01
141,1,632,50,560.33
142,1,1103,100,148.96
142,2,12,50,645.2
143,1,1416,500,227.73
143,2,1285,100,163.3
143,3,1233,100,429.81
144,1,637,500,285.39
145,1,311,200,608.54
146,1,1411,500,449.53
146,2,547,500,442.09
147,1,1134,50,219.39
147,2,1301,500,210.71
148,1,487,500,359.35
148,2,1264,500,558.94
149,1,1220,500,535.43
150,1,1372,50,494.37
150,2,1015,50,637.37
151,1,899,200,339.14
152,1,1307,500,489.94
152,2,513,50,12.02
152,3,715,200,528.84
153,1,887,500,591.68
154,1,973,50,626.49
154,2,479,200,138.55
155,1,890,50,490.45
156,1,629,200,708.91
156,2,1437,50,574.82
157,1,1055,100,151.54
157,2,1407,50,248.55
157,3,1307,500,489.94
158,1,258,200,68.23
158,2,129,200,186.24
159,1,725,50,619.1
159,2,175,100,469.26
159,3,76,500,424.16
160,1,461,500,646.14
160,2,1184,500,513.15
160,3,991,500,129.51
161,1,176,100,261.71
161,2,50,500,333.75
162,1,1450,50,351.59
162,2,714,100,200.6
163,1,131,50,95.23
164,1,1305,50,429.73
165,1,1440,500,763.68
165,2,73,500,660.21
165,3,575,100,241.25
166,1,1453,100,631.78
166,2,924,50,254.13
166,3,587,200,638.96
167,1,448,100,415.52
167,2,1129,200,256.63
167,3,216,50,35.81
168,1,874,50,116.74
168,2,490,100,714.46
168,3,658,50,547.86
169,1,108,500,207.06
170,1,287,500,361.56
170,2,905,100,37.04
170,3,954,200,168.87
171,1,1475,500,93.43
172,1,375,200,318.55
173,1,586,500,738.13
174,1,1037,50,738.57
174,2,604,100,270.11
174,3,657,50,284.85
175,1,147,500,404.19
176,1,1173,500,14.04
176,2,59,200,793.63
177,1,459,100,767.7
177,2,452,200,167.5
177,3,1493,500,188.94
178,1,340,50,153.91
179,1,478,500,363.44
180,1,765,100,458.04
180,2,147,100,404.19
181,1,1090,200,502.8
181,2,428,100,451.09
182,1,145,50,172.73
182,2,61,500,379.35
182,3,1274,200,33.88
183,1,37,100,215.68
183,2,959,50,79.5
183,3,93,500,370.91
184,1,423,100,281.93
184,2,1243,100,14.36
184,3,957,100,71.13
185,1,802,500,286.89
185,2,1137,500,603.65
185,3,74,200,661.75
186,1,808,50,492.02
187,1,1127,500,20.51
187,2,520,500,684.77
188,1,1117,100,265.5
188,2,132,50,199.6
189,1,446,200,262.45
189,2,727,200,393.06
189,3,1176,100,736.14
190,1,581,500,546.36
191,1,1258,200,292.96
191,2,171,500,639.75
191,3,23,500,642.91
192,1,834,200,691.81
192,2,86,200,409.44
192,3,1199,50,783.25
193,1,19,100,430.73
194,1,1022,500,366.94
194,2,1190,500,325.3
195,1,1378,50,758.5
196,1,855,200,114.42
196,2,947,50,33.93
197,1,314,500,443.12
197,2,137,200,504.26
198,1,1441,50,408.54
199,1,1438,200,548.0
199,2,656,50,457.46
200,1,1,50,292.42
200,2,539,500,24.12
201,1,1335,100,585.68
201,2,986,200,142.72
202,1,1464,200,196.3
202,2,469,200,250.83
203,1,1407,50,248.55
204,1,1148,100,637.23
204,2,1229,50,366.22
205,1,1105,500,513.78
205,2,67,50,457.94
205,3,1063,50,465.51
206,1,1122,200,267.75
206,2,66,100,709.95
206,3,1370,50,369.0
207,1,1440,100,763.68
207,2,1486,200,730.05
207,3,576,200,242.52
208,1,486,500,654.2
208,2,729,200,729.02
209,1,750,200,243.81
209,2,569,500,324.44
209,3,1120,50,237.74
210,1,290,100,393.0
210,2,1479,50,259.46
211,1,673,100,31.32
211,2,297,50,179.22
211,3,21,100,243.94
212,1,754,50,701.79
212,2,967,50,47.02
212,3,1384,500,519.14
213,1,555,50,574.54
213,2,477,200,695.62
213,3,735,50,307.3
214,1,430,100,751.47
215,1,160,200,56.01
216,1,1299,200,118.91
217,1,243,50,352.76
217,2,193,100,651.29
217,3,546,100,257.38
218,1,1240,500,695.73
218,2,195,200,413.57
218,3,1392,50,620.97
219,1,900,50,73.8
219,2,920,500,700.95
220,1,734,100,248.29
220,2,1472,50,195.69
221,1,1378,100,758.5
222,1,1406,100,441.62
222,2,1144,500,422.83
223,1,1398,200,224.76
223,2,71,50,673.46
223,3,559,50,217.08
224,1,1085,100,757.05
224,2,707,100,690.44
225,1,1365,200,736.56
225,2,918,200,314.05
225,3,866,500,585.96
226,1,160,100,56.01
227,1,838,50,131.15
227,2,1085,50,757.05
228,1,246,200,741.73
229,1,1424,50,503.38
229,2,7,100,788.22
230,1,807,200,508.43
230,2,1411,50,449.53
231,1,905,100,37.04
232,1,869,50,503.52
232,2,1294,50,69.06
232,3,56,100,434.65
233,1,387,50,434.83
233,2,419,500,309.35
233,3,1267,500,323.8
234,1,1147,500,199.75
235,1,154,50,186.53
235,2,464,100,324.96
236,1,635,100,222.68
236,2,642,500,189.79
236,3,1377,200,96.09
237,1,191,200,302.4
237,2,1263,100,390.02
238,1,1072,200,594.67
238,2,986,500,142.72
239,1,1049,100,453.71
239,2,1460,100,392.13
240,1,527,50,610.18
240,2,934,50,10.13
241,1,1475,50,93.43
242,1,508,100,331.56
242,2,861,500,536.81
242,3,949,100,566.79
243,1,1195,500,413.8
244,1,1179,100,288.11
245,1,220,50,190.68
245,2,607,50,502.63
245,3,237,200,554.16
246,1,1026,100,20.11
247,1,651,50,529.5
247,2,518,50,70.92
248,1,594,50,442.55
249,1,263,500,210.77
249,2,1174,50,94.82
249,3,657,50,284.85
250,1,117,100,501.28
250,2,1143,200,120.16
250,3,763,200,365.29
251,1,87,100,580.96
251,2,649,500,359.15
251,3,1088,500,748.99
252,1,1317,500,554.23
252,2,209,500,447.11
253,1,363,200,529.32
254,1,597,500,120.76
255,1,559,50,217.08
256,1,854,50,78.61
257,1,528,50,272.08
258,1,1,200,292.42
258,2,663,500,494.01
258,3,443,500,797.48
259,1,838,50,131.15
260,1,1455,50,669.19
260,2,844,50,738.72
261,1,85,500,691.97
261,2,121,100,166.36
262,1,23,50,642.91
262,2,658,500,547.86
263,1,346,100,210.39
264,1,1416,500,227.73
264,2,512,500,290.36
264,3,804,200,230.83
265,1,861,500,536.81
265,2,1400,50,432.58
265,3,1378,200,758.5
266,1,696,500,157.57
266,2,1103,100,148.96
267,1,581,100,546.36
267,2,906,50,218.5
268,1,927,500,347.26
269,1,1084,200,79.95
269,2,679,200,483.65
270,1,1047,200,600.94
271,1,730,500,38.46
271,2,485,100,390.05
272,1,811,100,87.41
273,1,84,100,638.4
273,2,853,100,259.27
274,1,475,100,513.53
274,2,202,50,103.77
274,3,331,500,58.62
275,1,1477,50,545.15
275,2,657,500,284.85
275,3,126,50,709.02
276,1,62,100,723.07
276,2,838,200,131.15
276,3,967,50,47.02
277,1,663,100,494.01
277,2,1269,500,181.83
278,1,872,500,581.96
279,1,166,50,249.7
279,2,592,500,457.25
279,3,1489,200,384.66
280,1,1368,50,37.68
281,1,840,200,93.32
282,1,544,200,340.87
282,2,540,200,103.89
282,3,1299,500,118.91
283,1,525,100,324.58
283,2,869,50,503.52
284,1,386,100,784.32
285,1,598,500,58.42
285,2,59,500,793.63
286,1,618,200,148.36
287,1,1036,100,577.3
287,2,1241,500,259.03
288,1,135,200,204.27
288,2,692,200,420.99
288,3,216,50,35.81
289,1,1125,500,621.93
290,1,1218,500,328.22
290,2,629,500,708.91
290,3,666,200,139.22
291,1,753,500,615.91
292,1,409,50,95.97
292,2,687,200,739.2
292,3,657,200,284.85
293,1,745,200,100.04
294,1,789,500,703.75
294,2,547,100,442.09
294,3,161,50,122.26
295,1,1313,500,189.2
295,2,465,50,758.24
296,1,451,50,353.43
296,2,1404,200,246.78
296,3,1444,200,118.22
297,1,736,100,112.26
297,2,89,500,538.02
298,1,370,200,213.1
298,2,357,50,627.06
298,3,79,500,707.9
299,1,560,500,215.25
299,2,799,500,168.77
299,3,741,500,298.88
300,1,1145,100,724.42
300,2,167,500,638.26
301,1,1438,50,548.0
301,2,960,100,552.27
301,3,374,200,655.36
302,1,96,500,234.74
302,2,1106,200,33.88
303,1,573,200,297.07
304,1,386,200,784.32
305,1,121,100,166.36
305,2,848,500,719.25
306,1,958,200,222.13
306,2,277,500,527.26
306,3,1289,50,407.6
307,1,163,100,556.85
307,2,170,500,220.65
308,1,20,100,352.19
308,2,376,50,307.13
308,3,517,100,255.06
309,1,1479,50,259.46
309,2,1415,50,246.21
309,3,1303,200,22.11
310,1,1353,500,270.37
311,1,375,50,318.55
311,2,181,200,774.33
311,3,1389,500,403.92
312,1,1309,50,342.25
312,2,1492,50,684.42
312,3,1449,50,428.92
313,1,439,100,416.67
314,1,1292,200,35.96
315,1,560,100,215.25
315,2,1121,50,21.6
315,3,678,500,63.38
316,1,809,500,421.25
317,1,1402,500,551.94
317,2,1131,100,653.41
317,3,1323,500,83.98
318,1,424,100,278.08
318,2,31,100,664.63
318,3,897,50,401.25
319,1,1199,50,783.25
320,1,1196,100,279.13
320,2,1085,500,757.05
320,3,1393,200,543.29
321,1,830,500,62.47
321,2,664,50,152.23
321,3,432,200,541.12
322,1,497,100,216.12
322,2,1074,100,73.55
322,3,915,200,724.5
323,1,510,50,98.47
323,2,918,100,314.05
324,1,1031,500,189.1
324,2,1403,500,305.63
325,1,85,500,691.97
326,1,1319,100,787.13
326,2,69,50,764.95
327,1,748,100,745.33
328,1,179,200,759.16
328,2,142,100,597.8
329,1,437,100,775.65
329,2,1290,50,521.06
330,1,257,100,530.49
330,2,254,100,126.23
330,3,127,50,104.07
331,1,418,50,545.63
331,2,185,200,651.69
331,3,214,50,439.24
332,1,1057,500,213.87
333,1,3,100,586.51
334,1,723,50,335.22
335,1,666,50,139.22
335,2,964,50,630.75
336,1,773,100,274.35
337,1,623,100,626.11
338,1,1124,50,358.9
338,2,816,50,111.3
339,1,1106,500,33.88
339,2,813,500,681.55
339,3,1092,500,587.81
340,1,1401,50,99.18
340,2,638,50,216.13
341,1,376,100,307.13
341,2,355,100,363.04
341,3,1144,50,422.83
342,1,573,50,297.07
343,1,1266,500,551.3
343,2,449,500,189.93
343,3,328,200,714.8
344,1,539,100,24.12
344,2,1012,50,384.48
344,3,1486,500,730.05
345,1,26,500,357.66
345,2,37,500,215.68
346,1,205,200,632.62
346,2,770,200,745.37
347,1,1043,100,419.39
347,2,330,100,307.98
348,1,234,500,700.88
349,1,782,50,602.99
349,2,917,50,687.73
350,1,928,50,75.89
350,2,1371,100,655.21
350,3,234,200,700.88
351,1,103,500,456.0
351,2,1074,100,73.55
351,3,251,200,66.34
352,1,941,500,463.76
352,2,438,100,562.35
353,1,1271,200,305.59
353,2,840,50,93.32
353,3,114,50,144.56
354,1,694,50,380.06
354,2,632,100,560.33
354,3,585,50,320.45
355,1,1339,200,658.39
355,2,429,100,795.98
356,1,793,50,328.4
357,1,799,50,168.77
358,1,623,50,626.11
358,2,450,500,208.22
358,3,648,100,758.64
359,1,1467,500,333.72
359,2,1206,200,701.81
359,3,1100,200,387.75
360,1,1071,200,462.95
360,2,444,500,372.35
361,1,968,50,689.86
362,1,1468,500,238.23
362,2,1007,100,512.06
363,1,1229,100,366.22
363,2,1045,50,391.15
364,1,1186,50,530.85
364,2,209,100,447.11
365,1,1123,200,693.45
365,2,1394,500,237.91
366,1,577,50,693.1
366,2,584,500,313.08
366,3,1263,100,390.02
367,1,1500,200,111.48
367,2,250,200,392.67
368,1,530,50,516.16
368,2,1361,200,448.25
369,1,1022,100,366.94
370,1,356,500,230.54
370,2,1396,200,202.2
370,3,320,50,769.13
371,1,517,500,255.06
371,2,1135,50,292.52
372,1,499,500,64.04
372,2,583,100,387.06
372,3,818,50,554.5
373,1,1471,50,630.36
374,1,1383,500,184.37
374,2,431,500,469.19
374,3,755,500,49.83
375,1,755,100,49.83
375,2,399,500,755.49
375,3,1408,500,121.4
376,1,125,200,503.86
377,1,293,500,146.9
377,2,1243,500,14.36
377,3,272,100,711.75
378,1,806,200,571.87
379,1,488,200,795.14
380,1,16,100,20.76
380,2,1236,100,788.84
380,3,533,500,24.87
381,1,403,500,409.85
381,2,1220,500,535.43
382,1,197,200,559.72
383,1,623,50,626.11
383,2,1006,100,635.13
384,1,1442,50,289.77
385,1,1443,500,763.85
385,2,590,500,312.51
385,3,1413,50,179.05
386,1,903,500,312.22
386,2,274,200,42.95
386,3,171,500,639.75
387,1,1114,50,435.42
387,2,1359,50,421.92
388,1,1159,200,391.84
389,1,604,100,270.11
389,2,70,500,745.51
389,3,1235,200,53.18
390,1,1058,100,103.17
391,1,1355,500,188.16
391,2,540,50,103.89
392,1,758,50,562.69
392,2,744,500,264.58
392,3,124,200,338.46
393,1,1143,500,120.16
393,2,196,100,493.34
393,3,384,200,569.36
394,1,983,100,41.2
394,2,1289,200,407.6
395,1,1265,500,70.4
395,2,153,100,146.03
395,3,808,50,492.02
396,1,201,50,626.54
396,2,531,50,348.54
396,3,1492,500,684.42
397,1,1207,200,546.71
398,1,978,50,319.37
398,2,450,500,208.22
399,1,1254,100,53.01
399,2,1321,50,268.42
400,1,482,200,720.94
401,1,273,100,197.14
401,2,299,100,785.92
401,3,308,100,630.32
402,1,607,50,502.63
403,1,808,200,492.02
403,2,309,500,237.66
403,3,641,100,678.68
404,1,1108,100,409.99
405,1,542,500,683.04
406,1,5,500,20.78
406,2,843,50,489.89
406,3,1478,100,516.64
407,1,346,500,210.39
407,2,47,50,335.84
407,3,904,200,58.92
408,1,103,50,456.0
408,2,25,50,159.69
409,1,720,500,343.73
410,1,269,50,112.22
411,1,700,200,729.43
411,2,54,200,73.16
412,1,151,500,776.09
413,1,255,200,731.21
413,2,1368,100,37.68
413,3,420,500,364.22
414,1,655,200,174.17
414,2,112,50,11.48
414,3,1102,100,163.22
415,1,859,500,202.23
415,2,1207,50,546.71
415,3,791,100,140.85
416,1,565,200,551.06
416,2,528,500,272.08
416,3,1132,50,623.75
417,1,730,100,38.46
417,2,980,500,663.07
418,1,799,500,168.77
418,2,726,100,750.95
419,1,662,200,524.34
419,2,118,50,791.72
419,3,218,50,58.45
420,1,797,50,238.43
420,2,665,500,86.96
420,3,678,100,63.38
421,1,1474,50,798.62
421,2,542,50,683.04
422,1,673,50,31.32
422,2,1067,50,265.61
423,1,911,100,737.63
423,2,983,200,41.2
423,3,29,500,42.26
424,1,1262,500,187.82
424,2,74,500,661.75
425,1,853,50,259.27
426,1,100,100,724.28
426,2,336,100,217.79
426,3,469,50,250.83
427,1,821,100,590.1
428,1,262,500,202.06
429,1,68,50,267.35
430,1,1394,100,237.91
430,2,166,100,249.7
431,1,851,200,95.67
431,2,436,50,231.51
431,3,122,50,66.38
432,1,896,200,174.09
432,2,566,200,308.98
433,1,963,100,589.43
434,1,1122,200,267.75
435,1,165,200,164.21
435,2,506,500,219.05
435,3,1171,100,571.35
436,1,332,100,161.19
436,2,1331,500,472.86
437,1,927,500,347.26
438,1,1180,50,415.8
438,2,333,100,310.99
439,1,891,100,624.59
439,2,410,100,204.47
439,3,248,50,708.43
440,1,866,100,585.96
440,2,223,500,120.56
440,3,1479,100,259.46
441,1,296,500,450.64
441,2,650,50,548.19
441,3,264,50,758.72
442,1,693,200,783.3
442,2,908,200,519.5
443,1,938,200,715.38
443,2,666,500,139.22
443,3,1050,500,752.62
444,1,232,50,479.38
444,2,1257,50,739.2
445,1,960,50,552.27
445,2,1114,50,435.42
445,3,974,500,311.86
446,1,79,500,707.9
446,2,742,500,70.18
446,3,225,50,18.75
447,1,1425,50,718.05
447,2,664,500,152.23
448,1,11,500,643.85
449,1,56,200,434.65
449,2,152,500,301.67
449,3,1157,100,491.19
450,1,102,500,321.69
450,2,1328,50,530.41
450,3,1394,100,237.91
451,1,1015,200,637.37
451,2,595,100,117.55
452,1,1046,500,137.75
452,2,801,200,227.65
453,1,1442,500,289.77
453,2,95,500,683.65
454,1,277,500,527.26
454,2,836,100,520.84
454,3,825,50,570.02
455,1,1473,500,600.3
456,1,1404,50,246.78
456,2,391,500,508.27
457,1,22,100,633.18
457,2,308,200,630.32
458,1,1159,100,391.84
459,1,1316,100,380.95
460,1,444,100,372.35
460,2,861,50,536.81
460,3,782,500,602.99
461,1,218,50,58.45
461,2,1299,100,118.91
461,3,115,200,647.27
462,1,396,100,100.93
463,1,983,500,41.2
463,2,907,200,379.39
464,1,441,500,323.27
464,2,1352,200,23.02
465,1,31,50,664.63
466,1,978,200,319.37
466,2,1090,50,502.8
466,3,515,50,545.07
467,1,865,500,684.4
467,2,986,100,142.72
467,3,1404,50,246.78
468,1,1088,200,748.99
468,2,569,100,324.44
468,3,449,50,189.93
469,1,314,500,443.12
469,2,1059,200,712.03
470,1,280,50,363.22
470,2,935,100,99.08
470,3,695,200,613.44
471,1,1046,500,137.75
471,2,319,200,630.74
472,1,496,100,571.66
472,2,746,200,41.91
472,3,532,200,137.76
473,1,1153,100,221.64
473,2,1086,500,780.7
474,1,16,50,20.76
474,2,999,100,756.25
475,1,1193,100,405.71
475,2,765,50,458.04
475,3,483,500,109.79
476,1,566,100,308.98
476,2,605,100,255.88
477,1,1361,500,448.25
478,1,328,500,714.8
478,2,211,50,15.64
478,3,1099,50,487.25
479,1,403,200,409.85
479,2,415,200,646.25
480,1,1183,500,571.43
481,1,892,50,92.49
482,1,1157,100,491.19
482,2,1437,50,574.82
482,3,1060,200,700.98
483,1,341,200,78.8
483,2,335,100,111.67
483,3,175,100,469.26
484,1,578,50,38.53
485,1,922,200,563.8
485,2,1471,500,630.36
485,3,35,500,95.74
486,1,1287,500,337.95
486,2,1459,200,698.65
486,3,944,500,62.28
487,1,1447,200,436.84
488,1,1210,200,299.53
489,1,681,200,35.12
490,1,1117,200,265.5
490,2,101,50,27.53
491,1,902,100,490.14
491,2,403,100,409.85
492,1,750,500,243.81
492,2,328,200,714.8
492,3,193,50,651.29
493,1,444,500,372.35
493,2,129,100,186.24
494,1,689,100,54.06
494,2,1133,500,106.42
495,1,1345,500,749.77
496,1,68,200,267.35
496,2,1499,500,756.72
496,3,174,200,439.2
497,1,141,500,708.67
497,2,791,500,140.85
498,1,105,100,307.64
499,1,1063,100,465.51
499,2,788,50,777.02
500,1,959,100,79.5
500,2,1214,200,184.18
500,3,122,200,66.38
501,1,620,50,253.67
501,2,836,50,520.84
502,1,325,50,364.65
503,1,581,500,546.36
503,2,1251,100,713.05
504,1,34,200,262.23
504,2,1168,200,308.3
504,3,1070,500,735.05
505,1,479,50,138.55
506,1,714,50,200.6
506,2,1491,200,94.23
506,3,1445,500,631.7
507,1,1034,500,524.17
508,1,821,100,590.1
509,1,527,50,610.18
509,2,144,500,262.98
509,3,555,500,574.54
510,1,883,50,219.19
511,1,829,50,436.15
511,2,440,100,479.18
512,1,1389,200,403.92
512,2,853,500,259.27
512,3,101,50,27.53
513,1,996,500,793.74
513,2,240,100,614.03
514,1,1080,50,592.72
514,2,1104,200,590.78
514,3,1067,500,265.61
515,1,21,500,243.94
516,1,799,100,168.77
517,1,140,500,6.32
517,2,883,100,219.19
518,1,1166,500,664.92
518,2,514,500,798.77
518,3,307,200,645.11
519,1,998,200,518.75
519,2,946,100,174.02
519,3,629,100,708.91
520,1,238,50,581.8
520,2,1487,100,40.6
521,1,489,500,752.26
521,2,68,500,267.35
521,3,613,200,295.96
522,1,405,50,672.25
523,1,867,200,642.81
523,2,1142,500,75.21
524,1,482,200,720.94
524,2,521,100,164.42
524,3,1271,200,305.59
525,1,367,100,213.88
526,1,1440,500,763.68
527,1,401,100,272.65
527,2,706,50,93.34
528,1,797,50,238.43
528,2,687,100,739.2
528,3,1135,500,292.52
529,1,378,100,495.97
529,2,74,50,661.75
529,3,343,50,64.43
530,1,1056,200,714.42
531,1,408,100,213.09
531,2,1301,100,210.71
532,1,464,100,324.96
533,1,996,50,793.74
534,1,526,500,554.39
535,1,1355,500,188.16
536,1,656,200,457.46
536,2,1359,200,421.92
537,1,1003,200,295.57
537,2,1142,500,75.21
538,1,125,50,503.86
538,2,1160,200,617.28
539,1,1187,50,701.53
539,2,1427,500,147.43
539,3,1018,200,632.01
540,1,1019,500,214.2
541,1,123,50,729.86
541,2,750,50,243.81
541,3,462,500,551.1
542,1,1425,200,718.05
542,2,140,500,6.32
543,1,1175,100,296.37
544,1,1086,100,780.7
544,2,536,500,651.36
544,3,1248,50,761.25
545,1,1451,50,411.61
546,1,1063,200,465.51
547,1,886,200,427.14
548,1,1338,50,720.35
549,1,173,50,786.76
550,1,238,500,581.8
550,2,395,200,707.81
550,3,40,200,546.23
551,1,1435,500,672.17
551,2,1296,500,271.29
552,1,397,50,410.2
553,1,1328,100,530.41
554,1,18,50,451.89
554,2,126,500,709.02
554,3,1285,200,163.3
555,1,1340,50,119.2
555,2,1052,100,459.36
555,3,1186,50,530.85
556,1,475,100,513.53
557,1,553,50,723.57
558,1,1343,100,235.29
558,2,579,200,289.27
559,1,656,100,457.46
560,1,1374,500,719.07
560,2,191,100,302.4
560,3,198,100,257.23
561,1,969,50,433.62
561,2,337,50,271.62
561,3,257,500,530.49
562,1,1159,200,391.84
562,2,747,500,558.01
562,3,989,500,486.51
563,1,701,100,622.88
563,2,854,200,78.61
564,1,1487,200,40.6
564,2,396,200,100.93
565,1,780,200,122.09
565,2,1043,50,419.39
565,3,99,50,444.94
566,1,434,100,340.8
566,2,374,100,655.36
566,3,1398,100,224.76
567,1,874,50,116.74
567,2,977,100,344.74
567,3,583,500,387.06
568,1,479,500,138.55
569,1,647,50,729.86
569,2,1373,500,587.17
569,3,943,200,169.62
570,1,403,50,409.85
570,2,326,50,503.25
571,1,1250,50,467.89
572,1,1104,100,590.78
573,1,1453,500,631.78
573,2,600,500,384.25
574,1,1127,200,20.51
575,1,1069,100,449.5
575,2,727,50,393.06
575,3,1446,50,532.96
576,1,878,100,784.01
576,2,252,100,119.61
576,3,1164,500,312.62
577,1,1381,500,60.1
577,2,47,100,335.84
577,3,1022,100,366.94
578,1,1055,100,151.54
578,2,1127,100,20.51
579,1,931,200,728.12
579,2,414,500,327.67
579,3,1059,100,712.03
580,1,235,500,619.31
581,1,1124,200,358.9
582,1,737,200,540.16
582,2,772,500,613.7
583,1,125,50,503.86
583,2,1073,50,549.67
583,3,886,500,427.14
584,1,393,200,189.02
584,2,705,200,363.86
585,1,700,200,729.43
586,1,742,100,70.18
587,1,676,500,413.19
587,2,381,200,207.4
587,3,1345,50,749.77
588,1,832,50,611.97
588,2,1126,200,234.69
589,1,1281,100,587.55
589,2,1148,200,637.23
590,1,614,200,362.48
590,2,185,200,651.69
591,1,208,50,189.66
591,2,1326,100,574.18
591,3,751,100,147.83
592,1,1304,500,778.29
592,2,1391,50,449.51
593,1,1323,500,83.98
593,2,598,100,58.42
593,3,304,500,332.67
594,1,89,50,538.02
594,2,460,50,386.87
594,3,671,100,278.06
595,1,37,500,215.68
595,2,19,500,430.73
595,3,1435,200,672.17
596,1,1233,500,429.81
596,2,524,50,519.24
596,3,303,200,206.73
597,1,582,100,371.97
598,1,1010,50,775.66
599,1,1384,50,519.14
599,2,486,500,654.2
599,3,299,100,785.92
600,1,261,200,122.59
600,2,143,100,482.28
600,3,816,100,111.3
601,1,81,500,717.87
602,1,1368,200,37.68
602,2,843,50,489.89
602,3,432,50,541.12
603,1,1248,100,761.25
603,2,560,200,215.25
604,1,738,500,587.38
604,2,583,50,387.06
604,3,59,50,793.63
605,1,234,100,700.88
605,2,1283,200,456.43
605,3,952,500,789.79
606,1,290,100,393.0
606,2,669,100,470.94
607,1,282,50,129.25
608,1,1124,100,358.9
608,2,160,200,56.01
609,1,1321,200,268.42
609,2,1367,100,305.05
609,3,811,100,87.41
610,1,390,200,540.33
610,2,904,200,58.92
610,3,820,500,528.39
611,1,698,50,691.62
611,2,393,500,189.02
611,3,1072,50,594.67
612,1,1458,50,353.37
613,1,694,200,380.06
613,2,734,500,248.29
614,1,378,500,495.97
614,2,674,500,221.31
614,3,872,200,581.96
615,1,1412,200,531.39
615,2,569,100,324.44
616,1,886,200,427.14
617,1,1410,50,181.32
618,1,203,200,74.97
618,2,771,100,678.86
619,1,1146,200,720.48
620,1,801,50,227.65
621,1,1230,500,476.76
622,1,1381,200,60.1
622,2,1384,200,519.14
623,1,103,500,456.0
623,2,1232,200,453.84
624,1,722,500,630.29
624,2,633,100,475.15
625,1,822,500,50.2
625,2,1265,100,70.4
625,3,1321,500,268.42
626,1,1312,50,56.52
627,1,993,50,223.9
628,1,51,200,170.39
628,2,747,500,558.01
629,1,1208,50,266.85
630,1,1341,50,605.2
630,2,580,200,394.31
631,1,1045,50,391.15
631,2,479,100,138.55
631,3,1289,50,407.6
632,1,951,100,776.82
632,2,242,500,272.75
633,1,911,200,737.63
633,2,5,500,20.78
633,3,796,200,775.5
634,1,907,500,379.39
634,2,925,100,214.0
635,1,159,500,350.96
635,2,437,200,775.65
635,3,132,200,199.6
636,1,1214,100,184.18
636,2,1049,100,453.71
636,3,874,100,116.74
637,1,1116,200,91.56
638,1,1339,100,658.39
638,2,19,100,430.73
638,3,1145,50,724.42
639,1,242,200,272.75
639,2,1162,200,712.19
639,3,1264,200,558.94
640,1,1114,500,435.42
640,2,1187,500,701.53
640,3,1161,50,456.64
641,1,917,50,687.73
641,2,1436,200,237.43
641,3,80,100,302.95
642,1,1107,100,69.54
642,2,655,500,174.17
643,1,1215,100,602.06
643,2,1218,500,328.22
643,3,709,200,275.66
644,1,793,200,328.4
645,1,144,200,262.98
645,2,903,500,312.22
645,3,791,100,140.85
646,1,663,500,494.01
646,2,347,200,581.19
647,1,1386,200,249.23
647,2,384,200,569.36
647,3,1250,500,467.89
648,1,822,500,50.2
648,2,317,200,379.36
649,1,271,50,131.9
650,1,528,50,272.08
650,2,1260,50,416.26
651,1,179,100,759.16
651,2,1383,50,184.37
651,3,1001,500,125.2
652,1,62,500,723.07
652,2,21,500,243.94
653,1,1133,100,106.42
653,2,905,500,37.04
654,1,345,100,181.01
654,2,590,500,312.51
654,3,1165,200,14.25
655,1,923,100,625.8
655,2,85,500,691.97
655,3,366,50,589.84
656,1,563,100,675.06
656,2,831,200,799.05
656,3,1151,500,328.45
657,1,1085,50,757.05
658,1,890,500,490.45
658,2,1230,100,476.76
659,1,434,500,340.8
660,1,429,500,795.98
660,2,581,200,546.36
661,1,1359,100,421.92
661,2,642,500,189.79
662,1,187,200,602.71
662,2,856,50,208.79
662,3,1443,200,763.85
663,1,648,50,758.64
663,2,295,50,494.76
664,1,224,500,250.3
665,1,662,100,524.34
665,2,1039,500,520.74
666,1,220,500,190.68
666,2,873,200,572.06
667,1,591,50,335.89
668,1,345,100,181.01
668,2,134,500,138.87
668,3,626,100,776.82
669,1,648,500,758.64
670,1,926,50,260.08
670,2,1412,100,531.39
671,1,1498,200,182.65
671,2,1207,500,546.71
671,3,726,500,750.95
672,1,395,500,707.81
672,2,556,100,750.64
673,1,1110,500,421.63
674,1,1445,50,631.7
674,2,126,100,709.02
674,3,1178,50,305.74
675,1,792,50,445.27
676,1,1109,100,732.98
677,1,70,200,745.51
677,2,299,100,785.92
678,1,519,500,793.66
679,1,993,200,223.9
679,2,688,200,294.87
679,3,334,50,85.59
680,1,686,500,103.43
680,2,56,500,434.65
680,3,1439,500,628.5
681,1,102,100,321.69
682,1,1257,50,739.2
682,2,220,100,190.68
682,3,69,500,764.95
683,1,1027,50,391.05
683,2,773,50,274.35
683,3,725,100,619.1
684,1,1377,500,96.09
684,2,797,200,238.43
684,3,168,200,129.54
685,1,1128,50,191.01
685,2,13,200,693.12
686,1,474,100,263.93
687,1,854,100,78.61
688,1,1037,50,738.57
688,2,809,500,421.25
689,1,19,50,430.73
689,2,1080,500,592.72
690,1,1456,100,49.37
690,2,1454,500,342.63
690,3,437,50,775.65
691,1,1247,500,36.46
692,1,479,50,138.55
692,2,775,500,86.46
693,1,219,100,545.33
693,2,784,500,335.91
694,1,1365,100,736.56
694,2,1460,50,392.13
695,1,391,50,508.27
696,1,96,500,234.74
696,2,453,500,630.01
696,3,364,200,422.78
697,1,692,200,420.99
697,2,265,500,484.7
697,3,77,500,727.56
698,1,346,200,210.39
698,2,1069,50,449.5
699,1,32,50,684.17
700,1,454,200,786.61
700,2,758,50,562.69
700,3,792,100,445.27
701,1,589,200,767.07
701,2,1101,50,734.44
701,3,1471,100,630.36
702,1,1223,500,708.9
702,2,690,50,193.7
702,3,1163,100,482.91
703,1,1169,500,254.33
703,2,329,200,138.78
704,1,845,100,28.94
704,2,20,500,352.19
705,1,912,100,20.32
706,1,643,50,656.95
706,2,1488,50,442.16
706,3,646,200,309.86
707,1,1374,500,719.07
707,2,1368,50,37.68
707,3,1248,500,761.25
708,1,123,100,729.86
709,1,833,500,307.8
709,2,1398,200,224.76
710,1,1405,500,644.25
711,1,662,200,524.34
711,2,725,500,619.1
711,3,1263,200,390.02
712,1,829,200,436.15
712,2,892,100,92.49
712,3,690,50,193.7
713,1,468,200,336.05
714,1,1191,50,191.26
714,2,899,100,339.14
715,1,977,500,344.74
715,2,278,50,77.87
715,3,1158,200,348.96
716,1,862,500,14.63
716,2,256,50,350.51
717,1,261,100,122.59
718,1,1079,50,112.19
718,2,1328,100,530.41
719,1,877,100,261.33
719,2,1105,100,513.78
720,1,1414,200,161.46
721,1,461,200,646.14
721,2,1144,500,422.83
722,1,613,500,295.96
723,1,958,200,222.13
723,2,95,50,683.65
723,3,259,200,96.52
724,1,396,50,100.93
725,1,314,200,443.12
726,1,141,200,708.67
726,2,83,100,42.64
726,3,511,200,134.64
727,1,1313,500,189.2
727,2,494,200,608.53
727,3,22,100,633.18
728,1,886,200,427.14
728,2,843,100,489.89
728,3,503,200,129.46
729,1,861,100,536.81
729,2,875,50,323.59
729,3,985,50,267.36
730,1,1327,500,145.22
730,2,1101,100,734.44
730,3,283,50,669.77
731,1,236,100,449.35
732,1,1230,100,476.76
733,1,1367,50,305.05
733,2,868,500,171.78
734,1,437,200,775.65
734,2,1475,50,93.43
735,1,120,200,168.8
735,2,479,200,138.55
735,3,243,500,352.76
736,1,1002,50,279.74
736,2,87,500,580.96
736,3,754,100,701.79
737,1,1467,50,333.72
738,1,1098,100,412.8
738,2,1021,200,168.64
738,3,1345,200,749.77
739,1,1003,50,295.57
740,1,947,200,33.93
740,2,1099,500,487.25
740,3,846,200,324.36
741,1,727,500,393.06
741,2,1427,50,147.43
742,1,714,100,200.6
742,2,569,100,324.44
742,3,862,50,14.63
743,1,1301,100,210.71
744,1,1405,100,644.25
744,2,1030,200,7.49
745,1,978,200,319.37
745,2,1167,100,594.68
745,3,509,100,472.02
746,1,1431,200,127.43
746,2,234,500,700.88
746,3,16,50,20.76
747,1,1395,500,657.12
747,2,475,100,513.53
747,3,1094,200,161.82
748,1,1048,50,117.44
749,1,378,50,495.97
749,2,241,200,103.78
749,3,1006,50,635.13
750,1,427,100,368.71
751,1,629,200,708.91
752,1,107,50,272.19
752,2,1277,50,667.92
752,3,490,500,714.46
753,1,1056,50,714.42
753,2,485,100,390.05
753,3,281,500,343.05
754,1,1285,200,163.3
754,2,1177,500,96.49
755,1,318,200,97.46
755,2,931,100,728.12
756,1,1097,100,150.09
757,1,27,200,789.7
757,2,1218,500,328.22
758,1,1152,50,224.15
758,2,1029,500,662.57
758,3,1151,200,328.45
759,1,1123,100,693.45
759,2,1044,200,540.97
760,1,1072,100,594.67
760,2,506,100,219.05
761,1,707,100,690.44
762,1,934,100,10.13
762,2,1260,200,416.26
762,3,635,100,222.68
763,1,1055,200,151.54
763,2,372,500,180.63
764,1,1107,100,69.54
764,2,1144,200,422.83
765,1,558,50,606.05
766,1,316,100,406.61
766,2,1369,100,153.45
766,3,1400,100,432.58
767,1,753,50,615.91
767,2,1008,200,373.12
767,3,590,500,312.51
768,1,547,50,442.09
768,2,1358,100,631.11
769,1,241,100,103.78
769,2,283,50,669.77
769,3,792,500,445.27
770,1,1219,100,745.05
770,2,92,200,475.11
770,3,592,200,457.25
771,1,1452,500,525.26
772,1,1284,50,670.25
773,1,608,100,665.5
774,1,563,500,675.06
775,1,496,200,571.66
775,2,778,100,742.74
775,3,833,500,307.8
776,1,884,50,740.97
776,2,21,200,243.94
777,1,459,100,767.7
778,1,497,500,216.12
778,2,1282,50,740.64
779,1,375,50,318.55
779,2,1347,500,174.82
780,1,881,500,28.77
780,2,1026,500,20.11
781,1,111,100,482.04
781,2,1119,200,250.16
782,1,1320,50,190.6
783,1,152,500,301.67
783,2,81,50,717.87
783,3,848,50,719.25
784,1,348,200,340.95
784,2,262,500,202.06
785,1,461,50,646.14
785,2,1321,500,268.42
785,3,301,50,780.6
786,1,897,100,401.25
786,2,1498,500,182.65
787,1,1281,50,587.55
787,2,149,50,505.35
787,3,162,200,432.75
788,1,1366,100,345.21
788,2,285,50,716.49
788,3,709,50,275.66
789,1,766,100,538.55
790,1,779,500,305.8
791,1,96,50,234.74
792,1,1017,100,27.59
792,2,1342,50,471.83
792,3,1230,500,476.76
793,1,570,200,565.5
793,2,487,200,359.35
793,3,60,50,591.83
794,1,841,500,473.04
795,1,519,200,793.66
795,2,1214,500,184.18
796,1,201,100,626.54
796,2,602,100,634.92
796,3,715,100,528.84
797,1,714,100,200.6
798,1,132,50,199.6
799,1,500,500,363.59
799,2,1224,50,307.61
800,1,32,50,684.17
801,1,173,50,786.76
801,2,390,100,540.33
802,1,624,200,241.9
802,2,602,500,634.92
802,3,160,200,56.01
803,1,667,200,707.11
803,2,1012,50,384.48
804,1,839,500,172.86
805,1,547,200,442.09
805,2,377,200,17.49
806,1,189,50,363.63
807,1,493,500,780.75
807,2,1054,200,267.74
807,3,1442,50,289.77
808,1,482,100,720.94
808,2,94,50,135.43
808,3,453,100,630.01
809,1,338,50,548.58
809,2,474,500,263.93
809,3,787,500,45.51
810,1,402,100,28.55
810,2,472,50,604.4
810,3,1311,50,389.93
811,1,1408,100,121.4
812,1,511,500,134.64
812,2,189,50,363.63
813,1,1046,500,137.75
814,1,1002,500,279.74
815,1,442,50,655.31
816,1,474,200,263.93
816,2,1184,50,513.15
816,3,525,500,324.58
817,1,1152,100,224.15
817,2,156,100,478.33
818,1,779,200,305.8
819,1,122,200,66.38
819,2,186,50,132.6
819,3,772,200,613.7
820,1,1059,200,712.03
820,2,39,200,328.99
821,1,365,500,207.14
822,1,419,200,309.35
822,2,1064,50,776.3
822,3,1391,50,449.51
823,1,478,200,363.44
824,1,1416,100,227.73
824,2,1005,50,508.16
824,3,658,200,547.86
825,1,1445,50,631.7
826,1,1471,500,630.36
826,2,1267,200,323.8
826,3,826,100,610.74
827,1,884,50,740.97
828,1,206,100,586.26
828,2,1386,500,249.23
828,3,669,50,470.94
829,1,618,200,148.36
829,2,979,200,460.57
829,3,17,50,677.29
830,1,1042,500,412.39
830,2,656,50,457.46
830,3,922,100,563.8
831,1,552,50,333.12
832,1,1145,100,724.42
832,2,310,100,388.28
833,1,1435,50,672.17
833,2,462,50,551.1
834,1,284,200,632.39
834,2,1124,50,358.9
834,3,869,100,503.52
835,1,982,500,482.17
836,1,1325,100,783.31
837,1,1193,200,405.71
838,1,765,50,458.04
839,1,1283,500,456.43
839,2,775,100,86.46
840,1,21,200,243.94
840,2,847,100,733.41
840,3,1441,50,408.54
841,1,537,100,289.98
841,2,963,200,589.43
841,3,395,200,707.81
842,1,1499,200,756.72
842,2,1325,500,783.31
842,3,505,500,275.08
843,1,354,100,707.5
844,1,299,100,785.92
844,2,981,200,300.6
844,3,213,50,237.27
845,1,1398,50,224.76
845,2,251,500,66.34
845,3,378,200,495.97
846,1,1169,50,254.33
846,2,35,50,95.74
847,1,1294,500,69.06
847,2,214,200,439.24
847,3,362,100,118.66
848,1,734,500,248.29
848,2,137,50,504.26
848,3,500,500,363.59
849,1,38,100,444.31
849,2,303,100,206.73
850,1,123,200,729.86
851,1,647,50,729.86
851,2,1196,500,279.13
852,1,328,50,714.8
852,2,1323,500,83.98
852,3,871,100,205.56
853,1,1006,500,635.13
853,2,995,100,764.62
854,1,1175,50,296.37
854,2,255,500,731.21
855,1,1074,200,73.55
855,2,413,500,67.03
856,1,21,50,243.94
856,2,169,50,297.32
857,1,523,500,512.49
857,2,1258,200,292.96
857,3,19,50,430.73
858,1,315,200,223.94
859,1,739,50,426.76
859,2,1341,500,605.2
860,1,800,50,747.45
861,1,310,50,388.28
861,2,206,500,586.26
861,3,382,500,97.08
862,1,1095,100,313.36
862,2,1432,500,447.98
862,3,1074,100,73.55
863,1,561,200,798.36
864,1,1141,100,617.85
864,2,1353,100,270.37
864,3,420,50,364.22
865,1,937,500,662.47
865,2,343,200,64.43
866,1,669,500,470.94
866,2,899,200,339.14
866,3,143,50,482.28
867,1,1220,500,535.43
868,1,1048,50,117.44
868,2,1229,50,366.22
868,3,1100,100,387.75
869,1,1332,200,154.85
870,1,732,500,594.7
871,1,388,100,266.33
872,1,1197,100,131.63
872,2,214,50,439.24
872,3,411,50,326.24
873,1,36,200,448.02
873,2,289,100,736.04
874,1,841,200,473.04
874,2,410,100,204.47
875,1,1482,100,166.65
875,2,1163,50,482.91
876,1,1486,200,730.05
876,2,1493,50,188.94
876,3,93,100,370.91
877,1,965,100,644.78
877,2,1314,500,499.53
877,3,840,50,93.32
878,1,1457,50,734.72
878,2,1021,200,168.64
878,3,1103,500,148.96
879,1,187,500,602.71
879,2,1068,500,488.3
879,3,849,100,703.04
880,1,1321,50,268.42
881,1,46,200,725.41
881,2,1283,100,456.43
881,3,202,200,103.77
882,1,502,100,732.06
882,2,309,100,237.66
883,1,841,100,473.04
883,2,729,100,729.02
883,3,11,200,643.85
884,1,728,100,15.95
884,2,524,100,519.24
885,1,1092,100,587.81
886,1,1461,50,680.45
887,1,932,100,703.58
888,1,1460,50,392.13
889,1,981,50,300.6
889,2,323,500,106.34
890,1,287,50,361.56
890,2,463,50,673.09
891,1,645,500,691.89
892,1,992,200,136.58
892,2,1327,100,145.22
892,3,1157,500,491.19
893,1,1309,200,342.25
894,1,1487,200,40.6
894,2,499,500,64.04
894,3,359,500,396.82
895,1,573,200,297.07
895,2,49,200,184.65
895,3,1271,200,305.59
896,1,1024,100,207.95
897,1,1147,50,199.75
897,2,455,50,789.27
897,3,854,100,78.61
898,1,256,200,350.51
898,2,1,50,292.42
899,1,380,50,61.68
899,2,1257,100,739.2
900,1,623,500,626.11
900,2,1396,100,202.2
900,3,1205,200,427.22
901,1,1205,200,427.22
901,2,1488,200,442.16
902,1,1195,200,413.8
902,2,557,200,527.1
902,3,856,50,208.79
903,1,285,200,716.49
903,2,111,500,482.04
904,1,1320,100,190.6
905,1,1039,500,520.74
905,2,281,50,343.05
905,3,614,200,362.48
906,1,1434,500,148.05
907,1,946,50,174.02
907,2,1352,100,23.02
907,3,1342,50,471.83
908,1,62,200,723.07
908,2,1487,500,40.6
908,3,490,50,714.46
909,1,1486,200,730.05
910,1,242,100,272.75
911,1,940,500,516.39
911,2,1458,200,353.37
912,1,640,100,465.76
912,2,855,50,114.42
912,3,943,50,169.62
913,1,326,500,503.25
913,2,192,500,571.34
913,3,1436,100,237.43
914,1,680,100,689.45
914,2,240,100,614.03
915,1,1017,500,27.59
915,2,247,50,324.2
916,1,609,50,276.2
916,2,1049,50,453.71
917,1,795,200,86.4
918,1,307,100,645.11
918,2,1487,500,40.6
918,3,130,500,247.32
919,1,1071,500,462.95
919,2,412,50,477.87
920,1,887,200,591.68
921,1,264,500,758.72
921,2,1424,50,503.38
922,1,835,200,253.36
923,1,1117,500,265.5
923,2,510,200,98.47
923,3,1044,50,540.97
924,1,509,100,472.02
924,2,1312,500,56.52
924,3,901,100,215.76
925,1,776,50,241.73
925,2,450,100,208.22
926,1,137,500,504.26
926,2,884,50,740.97
927,1,1489,100,384.66
928,1,840,200,93.32
928,2,767,100,605.68
928,3,610,500,405.21
929,1,141,200,708.67
929,2,580,50,394.31
930,1,604,50,270.11
930,2,1285,50,163.3
931,1,773,50,274.35
931,2,1238,500,309.53
932,1,141,100,708.67
933,1,300,500,504.81
934,1,894,500,281.25
935,1,115,500,647.27
936,1,29,50,42.26
937,1,1467,100,333.72
937,2,1021,50,168.64
937,3,1400,200,432.58
938,1,898,100,321.04
939,1,292,100,108.57
939,2,559,200,217.08
939,3,193,200,651.29
940,1,1473,50,600.3
940,2,1157,50,491.19
940,3,115,100,647.27
941,1,130,50,247.32
941,2,1232,50,453.84
942,1,757,100,596.94
943,1,1347,500,174.82
943,2,108,50,207.06
944,1,187,100,602.71
944,2,1251,200,713.05
945,1,1020,500,130.81
946,1,1182,50,421.09
947,1,28,50,136.33
948,1,1500,100,111.48
948,2,782,50,602.99
949,1,422,500,604.65
949,2,59,50,793.63
949,3,834,100,691.81
950,1,301,200,780.6
950,2,341,500,78.8
951,1,664,100,152.23
952,1,550,100,22.57
952,2,625,200,286.92
953,1,105,50,307.64
953,2,1030,500,7.49
954,1,509,100,472.02
955,1,1398,100,224.76
955,2,860,100,371.59
956,1,82,500,101.58
957,1,779,50,305.8
957,2,726,200,750.95
957,3,225,200,18.75
958,1,1326,50,574.18
958,2,760,50,439.36
959,1,562,200,462.75
959,2,498,500,531.96
959,3,1118,100,400.5
960,1,935,500,99.08
961,1,1273,100,134.68
962,1,1482,100,166.65
962,2,99,500,444.94
962,3,158,100,404.85
963,1,983,100,41.2
964,1,1271,200,305.59
964,2,1019,50,214.2
964,3,773,500,274.35
965,1,529,500,709.27
965,2,165,100,164.21
965,3,71,50,673.46
966,1,1389,500,403.92
966,2,1255,100,535.29
967,1,199,500,258.59
967,2,109,200,315.35
968,1,1290,200,521.06
969,1,526,100,554.39
969,2,1085,100,757.05
969,3,173,200,786.76
970,1,927,50,347.26
971,1,875,50,323.59
971,2,633,50,475.15
971,3,354,200,707.5
972,1,1248,200,761.25
973,1,650,500,548.19
973,2,734,200,248.29
973,3,536,500,651.36
974,1,124,200,338.46
975,1,1181,100,569.7
976,1,1476,200,361.18
977,1,1360,50,573.91
977,2,36,200,448.02
977,3,119,200,237.51
978,1,650,500,548.19
978,2,730,200,38.46
978,3,317,500,379.36
979,1,1414,200,161.46
980,1,1394,200,237.91
980,2,1270,50,503.89
981,1,769,100,120.51
981,2,991,500,129.51
982,1,410,200,204.47
983,1,635,500,222.68
983,2,793,100,328.4
984,1,1443,500,763.85
984,2,1051,500,432.45
984,3,61,200,379.35
985,1,1370,200,369.0
985,2,879,500,679.66
985,3,561,50,798.36
986,1,1389,500,403.92
987,1,1084,50,79.95
987,2,254,200,126.23
987,3,1257,500,739.2
988,1,1389,50,403.92
988,2,772,100,613.7
988,3,921,200,270.29
989,1,1374,200,719.07
989,2,1126,200,234.69
990,1,1395,100,657.12
991,1,366,50,589.84
991,2,978,50,319.37
992,1,429,100,795.98
992,2,168,200,129.54
992,3,479,500,138.55
993,1,221,500,761.49
994,1,220,50,190.68
994,2,301,50,780.6
994,3,357,500,627.06
995,1,1150,200,53.83
995,2,1271,100,305.59
995,3,714,50,200.6
996,1,567,100,120.0
996,2,1365,50,736.56
997,1,899,100,339.14
997,2,686,100,103.43
998,1,1089,500,264.5
998,2,552,200,333.12
999,1,281,100,343.05
1000,1,100,500,724.28
