supply_order_id,supplier_id,warehouse_id,order_date,delivery_date,status
1,64,1,2022-02-02 09:50:42,,SHIPPED
2,4,10,2022-05-06 05:38:10,,PENDING
3,68,1,2021-08-15 14:32:45,,PENDING
4,53,12,2025-10-19 06:24:09,,PENDING
5,19,3,2025-11-19 13:26:44,,SHIPPED
6,118,13,2025-02-06 06:38:20,,CANCELLED
7,64,3,2023-12-14 07:59:00,,SHIPPED
8,78,12,2022-05-26 22:22:02,,SHIPPED
9,116,7,2025-01-29 15:19:21,,CANCELLED
10,142,12,2022-11-09 04:29:14,,SHIPPED
11,76,11,2022-02-28 00:12:38,2022-03-07,DELIVERED
12,143,10,2025-12-12 06:46:24,2025-12-17,DELIVERED
13,121,5,2025-04-25 19:18:14,,CANCELLED
14,63,1,2025-12-28 15:47:05,,SHIPPED
15,138,11,2022-06-18 16:22:48,,CANCELLED
16,5,13,2022-05-24 12:47:42,2022-05-30,DELIVERED
17,77,8,2025-07-21 03:56:30,,CANCELLED
18,44,6,2025-02-11 17:21:09,2025-02-17,DELIVERED
19,130,10,2025-07-27 16:45:26,,SHIPPED
20,73,10,2022-06-13 12:02:14,2022-06-24,DELIVERED
21,84,8,2022-02-28 05:39:05,2022-03-10,DELIVERED
22,57,12,2021-01-10 06:59:22,,PENDING
23,48,7,2024-08-03 14:51:21,2024-08-11,DELIVERED
24,50,9,2022-09-15 09:10:36,2022-09-28,DELIVERED
25,85,8,2022-08-16 13:48:03,,CANCELLED
26,34,9,2021-07-27 08:37:21,,CANCELLED
27,1,8,2024-12-11 05:38:59,,CANCELLED
28,73,16,2022-05-26 01:07:16,,PENDING
29,37,14,2023-06-25 05:06:25,2023-07-02,DELIVERED
30,12,8,2024-07-24 11:41:19,2024-08-04,DELIVERED
31,109,5,2025-02-07 03:40:12,,PENDING
32,34,5,2022-02-22 21:08:43,,PENDING
33,42,5,2024-08-27 07:39:25,,SHIPPED
34,145,11,2025-03-26 19:41:43,,SHIPPED
35,24,1,2021-02-28 06:41:37,,SHIPPED
36,74,3,2024-03-21 22:33:21,2024-04-01,DELIVERED
37,135,16,2023-02-17 18:16:02,,CANCELLED
38,74,7,2023-07-30 07:51:51,2023-08-12,DELIVERED
39,83,12,2025-12-15 19:27:32,2025-12-20,DELIVERED
40,26,5,2023-01-16 11:04:28,,SHIPPED
41,140,1,2023-02-14 08:28:28,2023-02-20,DELIVERED
42,17,1,2022-02-05 19:52:43,,PENDING
43,139,3,2021-11-23 04:59:20,,PENDING
44,90,16,2023-06-16 06:32:19,,CANCELLED
45,75,5,2025-09-11 10:25:29,,PENDING
46,143,4,2023-01-25 05:01:08,,CANCELLED
47,141,2,2022-12-08 07:21:58,2022-12-15,DELIVERED
48,60,12,2021-05-08 09:35:54,,SHIPPED
49,146,17,2022-09-20 18:11:16,2022-09-25,DELIVERED
50,98,6,2025-06-04 20:45:05,,SHIPPED
51,32,18,2025-08-08 08:30:52,,SHIPPED
52,110,5,2021-12-15 03:30:42,,CANCELLED
53,9,17,2022-07-12 12:44:11,,PENDING
54,38,17,2024-03-09 01:09:32,,PENDING
55,38,8,2021-12-03 00:07:52,,SHIPPED
56,134,9,2024-09-23 14:55:57,2024-09-28,DELIVERED
57,123,14,2023-04-30 22:01:29,2023-05-12,DELIVERED
58,7,6,2021-03-07 13:56:04,,SHIPPED
59,135,20,2023-04-21 18:00:04,,SHIPPED
60,141,3,2023-11-23 19:58:07,2023-11-28,DELIVERED
61,114,19,2021-05-20 07:48:57,,PENDING
62,97,14,2023-01-05 19:48:18,,SHIPPED
63,145,15,2025-04-25 17:31:27,,SHIPPED
64,119,18,2023-05-15 08:42:28,,SHIPPED
65,77,2,2025-04-29 18:05:59,,PENDING
66,69,19,2024-11-14 16:36:41,,CANCELLED
67,28,9,2023-02-03 08:12:03,,SHIPPED
68,76,7,2024-11-03 17:56:00,2024-11-17,DELIVERED
69,139,4,2025-03-11 18:19:47,,SHIPPED
70,43,7,2025-03-25 12:05:33,,CANCELLED
71,31,4,2025-02-17 01:11:31,,SHIPPED
72,84,5,2024-07-17 18:40:50,,SHIPPED
73,74,13,2021-07-01 20:53:04,,CANCELLED
74,103,3,2022-02-17 07:52:03,2022-02-23,DELIVERED
75,120,18,2022-03-12 23:20:31,2022-03-21,DELIVERED
76,103,10,2024-04-25 15:10:50,,SHIPPED
77,109,6,2021-06-01 09:49:45,,SHIPPED
78,64,5,2023-12-31 23:45:22,,CANCELLED
79,114,2,2021-02-10 06:33:11,,PENDING
80,41,20,2022-10-22 08:58:36,,SHIPPED
81,7,5,2024-03-10 14:12:18,,CANCELLED
82,136,14,2024-09-01 15:54:46,,SHIPPED
83,34,18,2022-03-01 09:15:45,2022-03-12,DELIVERED
84,15,7,2022-03-25 11:21:49,,PENDING
85,139,13,2021-06-11 07:00:14,,CANCELLED
86,132,11,2022-06-17 18:10:37,,CANCELLED
87,90,2,2021-03-19 21:40:44,,CANCELLED
88,150,6,2025-03-18 03:04:07,,CANCELLED
89,73,20,2021-01-25 07:12:29,,CANCELLED
90,95,4,2022-11-15 08:31:51,,CANCELLED
91,14,2,2023-12-01 10:50:31,,PENDING
92,122,2,2021-12-03 20:15:46,,SHIPPED
93,87,13,2024-02-29 16:41:12,2024-03-09,DELIVERED
94,65,2,2024-11-25 21:33:29,2024-12-03,DELIVERED
95,27,11,2025-06-25 16:49:56,2025-07-06,DELIVERED
96,92,2,2023-12-27 18:42:34,2024-01-04,DELIVERED
97,81,17,2022-04-24 01:17:10,,SHIPPED
98,100,3,2023-08-17 20:33:01,,CANCELLED
99,2,8,2022-07-06 19:26:53,,SHIPPED
100,132,16,2021-01-21 17:01:55,2021-01-27,DELIVERED
101,54,13,2022-04-15 03:27:57,,SHIPPED
102,72,5,2023-12-09 23:42:17,2023-12-17,DELIVERED
103,132,20,2023-04-14 15:33:51,,SHIPPED
104,115,8,2024-09-27 15:37:46,,SHIPPED
105,45,9,2023-03-06 10:22:03,,PENDING
106,142,20,2024-04-28 15:23:15,2024-05-03,DELIVERED
107,66,13,2023-01-20 16:03:12,,SHIPPED
108,143,14,2023-10-27 11:37:22,2023-11-03,DELIVERED
109,23,19,2023-04-07 04:29:35,,PENDING
110,38,15,2025-02-09 05:59:00,,CANCELLED
111,10,2,2021-03-23 14:44:35,,PENDING
112,40,17,2025-08-10 19:37:20,,CANCELLED
113,101,8,2022-02-10 01:09:35,,PENDING
114,67,1,2022-11-29 04:05:38,,SHIPPED
115,126,4,2022-06-13 19:19:22,2022-06-18,DELIVERED
116,126,3,2025-08-20 10:55:59,,SHIPPED
117,130,13,2023-11-18 06:59:40,,PENDING
118,38,10,2025-11-25 08:36:37,,CANCELLED
119,72,4,2024-11-26 22:32:23,2024-12-01,DELIVERED
120,49,8,2024-12-27 23:06:19,2025-01-10,DELIVERED
121,125,5,2022-03-21 04:36:59,,SHIPPED
122,66,13,2021-07-04 03:01:13,,SHIPPED
123,53,6,2022-09-30 02:16:37,,CANCELLED
124,130,15,2023-04-18 03:19:22,2023-04-25,DELIVERED
125,149,18,2024-12-30 01:43:08,,PENDING
126,55,12,2022-01-30 05:34:37,,SHIPPED
127,11,13,2022-12-15 12:32:19,,PENDING
128,92,10,2023-03-14 17:50:59,,PENDING
129,17,17,2024-09-01 13:54:19,,CANCELLED
130,81,1,2023-09-02 16:24:45,,CANCELLED
131,19,9,2023-06-20 08:52:29,,PENDING
132,75,16,2021-08-22 05:34:35,,PENDING
133,76,5,2021-12-15 02:53:22,,PENDING
134,40,12,2023-01-27 14:59:24,,PENDING
135,123,3,2021-06-25 12:36:15,2021-07-02,DELIVERED
136,60,5,2022-01-15 22:00:55,2022-01-28,DELIVERED
137,73,1,2025-10-04 21:31:15,,SHIPPED
138,130,9,2022-06-21 19:27:46,,SHIPPED
139,33,2,2022-04-11 19:33:03,2022-04-21,DELIVERED
140,7,10,2023-02-28 09:39:56,,PENDING
141,58,4,2023-01-31 01:11:33,,PENDING
142,30,6,2022-04-08 20:18:48,,CANCELLED
143,18,1,2023-06-17 03:27:59,,SHIPPED
144,91,13,2025-12-06 03:02:08,,CANCELLED
145,92,6,2024-10-10 14:07:43,,CANCELLED
146,110,5,2021-08-14 09:10:58,,PENDING
147,14,3,2024-05-20 08:57:00,,PENDING
148,17,8,2023-11-13 06:14:26,,SHIPPED
149,47,18,2021-07-06 05:18:56,,CANCELLED
150,63,19,2025-04-13 20:32:39,,SHIPPED
151,137,13,2021-02-02 12:42:30,,CANCELLED
152,4,8,2024-09-18 20:35:53,,CANCELLED
153,38,13,2024-11-18 02:08:12,2024-12-01,DELIVERED
154,2,11,2022-08-20 19:09:38,2022-08-30,DELIVERED
155,28,15,2021-01-28 02:50:35,2021-02-04,DELIVERED
156,130,7,2021-01-30 18:24:47,2021-02-07,DELIVERED
157,133,2,2025-11-25 00:31:24,2025-12-05,DELIVERED
158,44,7,2025-09-24 15:56:46,,SHIPPED
159,40,4,2022-02-06 12:34:45,,SHIPPED
160,75,12,2024-04-18 20:37:54,,PENDING
161,91,13,2025-06-16 10:19:34,2025-06-30,DELIVERED
162,72,6,2023-07-23 22:23:10,,PENDING
163,18,15,2024-07-20 15:34:40,2024-07-30,DELIVERED
164,111,3,2025-07-28 01:53:18,2025-08-06,DELIVERED
165,75,9,2025-06-06 12:54:19,2025-06-11,DELIVERED
166,129,11,2025-12-09 11:40:07,,SHIPPED
167,91,7,2023-05-25 12:04:19,,PENDING
168,147,10,2024-12-31 14:40:20,,CANCELLED
169,138,13,2021-06-08 17:35:05,2021-06-15,DELIVERED
170,126,9,2025-02-04 20:01:56,,CANCELLED
171,136,2,2023-02-10 23:12:27,,CANCELLED
172,122,4,2021-08-16 02:12:16,,CANCELLED
173,13,3,2023-09-17 06:21:36,,PENDING
174,51,3,2024-01-13 06:06:47,,CANCELLED
175,6,7,2024-04-30 08:49:06,,SHIPPED
176,20,20,2022-01-10 05:39:52,,PENDING
177,121,10,2025-12-21 23:06:28,,SHIPPED
178,8,10,2023-12-24 00:26:01,,CANCELLED
179,24,2,2025-09-30 02:23:49,,PENDING
180,64,5,2025-09-30 08:41:25,,CANCELLED
181,76,16,2023-02-22 13:27:15,2023-02-27,DELIVERED
182,143,20,2023-08-04 23:52:25,2023-08-10,DELIVERED
183,113,16,2022-05-25 16:06:50,2022-06-02,DELIVERED
184,87,2,2023-05-06 16:34:07,,CANCELLED
185,125,13,2025-06-24 00:08:40,2025-06-30,DELIVERED
186,80,14,2025-05-02 05:36:01,2025-05-13,DELIVERED
187,113,4,2024-11-23 22:59:23,,SHIPPED
188,88,5,2023-09-07 04:27:14,,CANCELLED
189,113,12,2023-03-13 05:40:43,,CANCELLED
190,3,6,2022-09-18 01:47:29,2022-09-30,DELIVERED
191,2,3,2025-03-09 07:43:39,2025-03-16,DELIVERED
192,51,9,2022-01-29 16:29:56,,SHIPPED
193,3,19,2025-04-13 01:26:05,2025-04-21,DELIVERED
194,20,10,2023-09-20 17:08:54,2023-10-03,DELIVERED
195,122,18,2025-04-28 18:19:25,,CANCELLED
196,23,1,2024-12-29 13:27:07,,CANCELLED
197,52,4,2021-12-10 08:15:39,,CANCELLED
198,25,20,2021-07-30 15:59:37,,CANCELLED
199,87,9,2021-02-12 16:30:35,2021-02-17,DELIVERED
200,91,12,2022-01-24 18:10:26,,CANCELLED
201,48,3,2024-09-16 09:34:34,,CANCELLED
202,13,1,2025-11-01 22:14:55,2025-11-08,DELIVERED
203,123,15,2024-01-09 18:33:00,,SHIPPED
204,10,14,2024-12-24 13:23:23,,CANCELLED
205,106,6,2021-08-09 05:48:14,,CANCELLED
206,105,7,2021-04-20 09:34:50,,PENDING
207,127,18,2023-06-21 11:46:47,2023-07-03,DELIVERED
208,131,1,2021-12-03 00:16:10,,PENDING
209,129,13,2023-08-24 16:43:51,2023-08-31,DELIVERED
210,76,5,2021-12-28 06:05:19,,SHIPPED
211,34,20,2024-01-04 22:01:26,2024-01-10,DELIVERED
212,82,15,2021-04-12 15:07:44,,SHIPPED
213,11,11,2021-07-25 11:04:03,,PENDING
214,117,1,2025-11-11 23:21:35,,PENDING
215,80,3,2025-11-18 03:00:17,,CANCELLED
216,96,12,2022-06-05 10:24:01,2022-06-12,DELIVERED
217,13,7,2021-12-01 04:41:04,2021-12-08,DELIVERED
218,118,16,2022-03-19 04:42:39,,PENDING
219,21,14,2021-01-26 03:59:37,,CANCELLED
220,52,2,2022-01-06 11:33:54,,PENDING
221,60,9,2021-09-09 03:22:32,2021-09-23,DELIVERED
222,84,5,2022-01-12 23:26:00,,SHIPPED
223,18,2,2025-11-03 18:16:18,2025-11-08,DELIVERED
224,111,1,2021-05-28 07:53:59,,PENDING
225,125,1,2021-02-12 03:47:53,,CANCELLED
226,124,9,2025-08-29 06:45:54,,SHIPPED
227,57,3,2025-05-26 12:00:50,,SHIPPED
228,43,16,2021-01-05 11:54:47,2021-01-14,DELIVERED
229,20,1,2024-02-19 21:28:46,,SHIPPED
230,146,8,2021-05-22 17:05:35,2021-06-01,DELIVERED
231,74,19,2021-09-08 13:21:48,,CANCELLED
232,11,18,2023-02-02 20:18:35,,CANCELLED
233,74,10,2024-06-12 20:15:44,2024-06-17,DELIVERED
234,146,12,2021-01-03 13:26:33,2021-01-09,DELIVERED
235,146,4,2021-10-05 03:41:09,,CANCELLED
236,97,12,2023-01-28 08:39:44,,SHIPPED
237,125,2,2021-06-15 11:06:03,,CANCELLED
238,9,10,2023-08-06 22:55:50,,SHIPPED
239,134,5,2022-03-22 20:06:34,,CANCELLED
240,69,19,2022-09-03 01:16:24,2022-09-12,DELIVERED
241,47,9,2023-07-04 14:06:04,2023-07-13,DELIVERED
242,144,18,2021-06-23 13:47:56,,SHIPPED
243,110,4,2022-11-01 20:12:19,2022-11-07,DELIVERED
244,25,16,2022-07-21 03:23:17,,CANCELLED
245,52,10,2025-07-16 11:08:53,,PENDING
246,114,15,2024-04-03 08:59:37,2024-04-08,DELIVERED
247,131,4,2025-12-09 07:39:09,,CANCELLED
248,38,17,2022-04-16 01:22:47,2022-04-25,DELIVERED
249,35,3,2024-12-20 04:55:54,,SHIPPED
250,7,5,2024-04-17 14:26:45,,SHIPPED
251,32,5,2024-08-06 13:45:18,2024-08-18,DELIVERED
252,98,1,2024-12-06 13:20:49,,CANCELLED
253,146,11,2023-01-05 12:14:29,,PENDING
254,42,19,2025-03-28 06:56:14,,CANCELLED
255,127,3,2022-01-15 09:24:07,,PENDING
256,99,3,2024-11-08 18:15:01,,CANCELLED
257,90,17,2023-08-11 13:15:16,2023-08-24,DELIVERED
258,92,9,2021-01-17 03:24:11,,PENDING
259,28,5,2023-08-22 13:25:58,,SHIPPED
260,45,1,2025-01-26 20:37:06,,SHIPPED
261,23,17,2024-04-07 16:55:38,,CANCELLED
262,51,15,2025-07-18 14:30:26,,PENDING
263,14,13,2022-09-20 23:00:56,,PENDING
264,40,17,2021-10-06 04:47:47,,SHIPPED
265,10,10,2025-04-02 22:34:33,2025-04-09,DELIVERED
266,10,5,2021-02-10 00:47:48,,SHIPPED
267,32,10,2021-01-17 03:33:28,2021-01-30,DELIVERED
268,55,1,2024-10-16 03:50:02,,CANCELLED
269,14,10,2025-02-18 00:31:38,,SHIPPED
270,50,19,2021-03-25 17:54:50,,SHIPPED
271,119,2,2021-09-19 02:16:51,,CANCELLED
272,28,3,2021-09-19 00:38:44,,SHIPPED
273,72,20,2023-12-23 16:30:30,,CANCELLED
274,123,10,2024-05-26 18:44:13,,CANCELLED
275,31,20,2024-07-03 04:06:35,2024-07-15,DELIVERED
276,105,10,2023-07-28 05:40:12,2023-08-08,DELIVERED
277,54,4,2022-11-14 21:05:56,,PENDING
278,36,4,2025-06-11 13:11:51,,PENDING
279,127,6,2023-11-03 12:32:28,,PENDING
280,88,18,2023-10-24 00:28:51,,CANCELLED
281,34,4,2023-05-27 21:53:37,2023-06-07,DELIVERED
282,23,18,2021-06-23 17:44:46,,CANCELLED
283,149,5,2024-11-29 20:55:56,,PENDING
284,93,18,2022-09-03 12:40:54,,CANCELLED
285,6,3,2023-12-24 15:18:34,,SHIPPED
286,135,9,2023-08-13 19:38:33,,CANCELLED
287,105,2,2023-03-22 10:32:18,,CANCELLED
288,68,10,2025-09-13 04:58:59,,CANCELLED
289,40,14,2024-11-21 13:12:55,,CANCELLED
290,97,6,2023-11-21 11:34:35,,SHIPPED
291,78,2,2024-11-15 12:20:00,,CANCELLED
292,112,11,2021-02-17 02:38:03,2021-02-27,DELIVERED
293,98,1,2021-05-13 13:53:22,,PENDING
294,80,17,2024-07-02 17:31:42,,SHIPPED
295,126,7,2022-05-04 01:21:49,,CANCELLED
296,124,1,2022-02-12 21:00:59,,SHIPPED
297,94,2,2025-03-10 05:31:37,,PENDING
298,27,7,2022-09-27 19:52:33,,PENDING
299,21,17,2025-07-09 15:26:36,,SHIPPED
300,61,17,2023-10-10 21:49:09,,PENDING
301,140,5,2025-04-30 04:25:12,,CANCELLED
302,105,16,2025-10-18 01:05:15,,CANCELLED
303,130,2,2021-06-07 12:11:43,,PENDING
304,16,10,2022-12-25 06:38:09,,SHIPPED
305,63,8,2021-05-03 08:49:04,,SHIPPED
306,20,16,2024-10-29 03:52:43,,PENDING
307,19,17,2023-01-28 02:46:54,,SHIPPED
308,139,2,2024-03-02 12:20:02,,CANCELLED
309,52,3,2021-07-26 14:13:08,,SHIPPED
310,109,2,2025-02-06 04:44:24,2025-02-17,DELIVERED
311,25,12,2022-12-29 17:32:59,,CANCELLED
312,122,8,2025-11-13 11:13:59,,SHIPPED
313,44,14,2023-09-29 17:13:36,,CANCELLED
314,129,3,2025-11-20 14:37:31,2025-12-04,DELIVERED
315,60,15,2023-07-18 18:11:40,,SHIPPED
316,54,14,2023-11-03 09:23:49,,SHIPPED
317,28,6,2021-08-28 17:52:11,,PENDING
318,89,18,2023-06-25 03:04:09,,SHIPPED
319,24,14,2023-12-07 19:18:32,,PENDING
320,57,1,2023-03-27 20:44:26,,CANCELLED
321,47,7,2024-02-21 17:54:17,,PENDING
322,70,14,2022-10-25 15:03:29,,PENDING
323,44,10,2022-03-26 19:23:31,,SHIPPED
324,21,6,2021-11-20 22:01:37,,SHIPPED
325,141,10,2021-04-28 13:29:10,2021-05-06,DELIVERED
326,59,17,2023-05-16 01:33:33,,SHIPPED
327,129,7,2024-05-14 23:15:56,2024-05-24,DELIVERED
328,139,4,2024-07-01 12:39:36,2024-07-14,DELIVERED
329,97,4,2022-05-26 00:21:55,,SHIPPED
330,82,2,2023-09-19 16:18:26,,CANCELLED
331,141,6,2025-10-10 19:18:37,,PENDING
332,68,2,2021-10-21 09:53:57,,PENDING
333,96,6,2022-10-04 00:37:46,,PENDING
334,31,4,2024-12-18 21:38:36,,SHIPPED
335,43,16,2024-01-25 10:07:40,,CANCELLED
336,144,12,2023-08-20 13:45:29,2023-09-01,DELIVERED
337,40,19,2022-07-13 07:12:40,,CANCELLED
338,122,9,2025-03-09 20:30:03,2025-03-19,DELIVERED
339,65,19,2023-04-19 03:06:59,,CANCELLED
340,73,6,2025-03-10 16:12:31,,CANCELLED
341,75,16,2024-04-26 17:42:44,,CANCELLED
342,69,15,2022-04-13 07:34:36,,SHIPPED
343,69,11,2023-01-10 21:18:44,2023-01-24,DELIVERED
344,135,11,2021-02-09 10:01:03,,CANCELLED
345,46,16,2021-12-08 05:22:43,,SHIPPED
346,134,7,2025-10-14 19:03:23,2025-10-23,DELIVERED
347,46,1,2023-12-19 05:23:17,2023-12-29,DELIVERED
348,101,1,2023-04-06 16:45:19,2023-04-18,DELIVERED
349,1,2,2022-06-16 15:29:31,,SHIPPED
350,90,9,2025-05-18 18:24:18,,PENDING
351,29,18,2024-09-27 23:51:03,,SHIPPED
352,149,8,2023-02-10 22:39:50,,CANCELLED
353,113,4,2022-03-30 19:40:54,,SHIPPED
354,80,20,2021-06-14 03:57:23,,SHIPPED
355,132,5,2021-03-13 15:53:28,,PENDING
356,134,16,2023-12-14 11:54:47,,SHIPPED
357,109,12,2025-11-18 17:14:38,,CANCELLED
358,52,20,2021-05-23 08:54:15,,PENDING
359,90,16,2025-09-09 08:17:51,,PENDING
360,147,19,2021-02-07 23:46:41,,CANCELLED
361,149,3,2025-04-21 12:48:21,2025-04-29,DELIVERED
362,95,5,2025-11-22 02:43:45,,CANCELLED
363,93,10,2022-05-27 12:33:23,,PENDING
364,79,10,2025-07-18 08:28:38,,CANCELLED
365,73,19,2023-12-21 11:17:17,2023-12-28,DELIVERED
366,115,7,2023-07-17 01:12:56,,SHIPPED
367,109,19,2024-05-08 11:04:48,,CANCELLED
368,14,20,2023-01-17 15:13:23,,PENDING
369,69,18,2021-01-01 23:31:43,,SHIPPED
370,65,2,2024-10-30 16:55:22,,SHIPPED
371,29,5,2025-09-07 20:32:05,,CANCELLED
372,34,19,2022-11-15 04:32:51,,PENDING
373,141,11,2024-07-11 20:19:06,,CANCELLED
374,44,5,2021-02-03 02:33:31,2021-02-10,DELIVERED
375,13,10,2022-05-19 00:41:02,,PENDING
376,16,8,2022-01-18 23:15:25,,PENDING
377,73,18,2021-12-05 05:10:21,,CANCELLED
378,70,10,2024-05-12 22:25:23,2024-05-26,DELIVERED
379,64,17,2025-07-13 02:27:34,,CANCELLED
380,15,1,2025-03-17 22:40:06,2025-03-25,DELIVERED
381,57,12,2024-05-16 04:46:27,2024-05-30,DELIVERED
382,109,17,2022-04-10 07:45:44,,CANCELLED
383,51,4,2023-11-04 05:25:31,2023-11-10,DELIVERED
384,143,18,2021-03-04 22:01:42,,PENDING
385,106,11,2022-09-06 02:06:51,,CANCELLED
386,96,7,2024-11-30 05:58:11,,SHIPPED
387,144,13,2024-03-31 18:19:15,2024-04-07,DELIVERED
388,105,7,2022-10-15 14:19:46,,CANCELLED
389,85,12,2023-06-18 13:48:17,2023-06-24,DELIVERED
390,70,5,2022-01-08 02:17:27,,CANCELLED
391,99,4,2023-01-15 17:26:55,,SHIPPED
392,107,2,2024-11-30 01:39:45,,SHIPPED
393,121,8,2025-11-27 13:16:08,,CANCELLED
394,24,3,2022-11-08 04:41:25,,PENDING
395,112,9,2025-09-21 18:47:16,2025-10-04,DELIVERED
396,150,11,2023-06-12 14:52:17,,PENDING
397,95,19,2023-07-19 00:32:29,,CANCELLED
398,46,18,2024-06-19 22:14:34,,SHIPPED
399,9,10,2023-09-14 18:45:40,2023-09-25,DELIVERED
400,68,17,2024-09-29 19:38:47,,PENDING
401,112,4,2023-07-06 17:54:06,,CANCELLED
402,104,10,2023-04-25 03:29:09,2023-05-09,DELIVERED
403,116,3,2023-08-05 13:58:59,,CANCELLED
404,100,11,2023-03-19 09:04:44,,SHIPPED
405,21,4,2024-11-15 22:16:35,,PENDING
406,125,4,2022-06-17 02:29:54,,SHIPPED
407,21,8,2025-02-27 14:36:06,,SHIPPED
408,111,12,2021-10-12 23:18:23,2021-10-24,DELIVERED
409,24,4,2021-04-21 09:42:19,2021-04-26,DELIVERED
410,113,18,2025-02-12 13:48:39,2025-02-19,DELIVERED
411,127,12,2025-08-25 06:21:44,,CANCELLED
412,103,9,2023-04-14 10:08:58,,SHIPPED
413,98,3,2024-11-02 12:06:35,,SHIPPED
414,124,8,2025-02-19 10:14:32,,CANCELLED
415,117,1,2022-07-22 17:19:57,2022-08-04,DELIVERED
416,110,8,2022-01-08 17:12:20,2022-01-17,DELIVERED
417,136,9,2022-11-26 17:41:09,2022-12-02,DELIVERED
418,23,17,2022-12-22 01:53:09,2022-12-28,DELIVERED
419,148,7,2023-08-15 20:00:45,,CANCELLED
420,78,9,2023-01-26 08:08:27,,PENDING
421,121,12,2024-05-28 04:04:36,,PENDING
422,31,16,2025-11-26 13:37:23,,CANCELLED
423,121,7,2021-11-27 13:56:31,2021-12-11,DELIVERED
424,134,11,2023-10-25 17:29:04,2023-11-05,DELIVERED
425,51,1,2024-09-29 10:39:15,,CANCELLED
426,22,14,2022-12-27 15:51:58,,CANCELLED
427,2,11,2024-08-16 00:16:43,,SHIPPED
428,136,7,2022-08-24 20:47:46,,CANCELLED
429,88,20,2021-03-17 13:50:49,2021-03-27,DELIVERED
430,1,14,2025-10-19 22:50:13,,CANCELLED
431,61,7,2025-04-05 16:48:35,2025-04-12,DELIVERED
432,103,15,2024-08-16 06:06:30,,SHIPPED
433,123,4,2023-01-01 22:48:05,,SHIPPED
434,15,11,2023-03-25 07:08:47,,CANCELLED
435,36,16,2024-07-15 00:58:43,,SHIPPED
436,112,1,2023-03-09 03:48:33,2023-03-15,DELIVERED
437,100,8,2021-03-22 19:57:44,,SHIPPED
438,131,3,2024-10-10 20:56:41,,CANCELLED
439,141,19,2024-08-18 23:52:26,,PENDING
440,114,3,2023-09-22 14:30:32,2023-09-30,DELIVERED
441,19,20,2025-01-11 05:09:49,,SHIPPED
442,122,10,2025-12-25 10:57:15,2026-01-05,DELIVERED
443,91,17,2025-11-23 08:55:21,,PENDING
444,100,6,2025-03-02 04:12:57,,CANCELLED
445,45,2,2022-10-05 12:47:04,2022-10-11,DELIVERED
446,10,1,2022-04-30 15:11:55,,SHIPPED
447,130,10,2022-01-17 00:13:08,2022-01-24,DELIVERED
448,39,19,2021-08-15 15:25:30,,CANCELLED
449,135,10,2025-08-26 18:13:14,,SHIPPED
450,51,15,2024-05-10 06:59:41,,CANCELLED
451,6,16,2022-07-16 15:43:12,,CANCELLED
452,122,10,2024-02-22 07:48:15,2024-03-02,DELIVERED
453,58,16,2023-02-14 03:00:16,,CANCELLED
454,33,8,2021-05-22 09:33:40,,PENDING
455,19,15,2021-01-21 08:44:21,,PENDING
456,20,16,2025-08-11 14:56:44,,CANCELLED
457,92,10,2025-11-29 05:45:42,,CANCELLED
458,103,18,2024-12-01 19:32:16,,SHIPPED
459,100,19,2021-07-25 04:13:53,,CANCELLED
460,52,9,2024-03-19 15:57:48,,PENDING
461,138,2,2021-10-02 12:16:56,,PENDING
462,86,7,2024-12-29 11:39:05,,CANCELLED
463,98,14,2023-08-24 15:33:58,,SHIPPED
464,87,3,2021-03-09 00:28:58,,PENDING
465,150,12,2024-02-11 06:07:16,2024-02-24,DELIVERED
466,73,13,2023-08-28 23:18:06,,CANCELLED
467,60,20,2024-01-26 07:32:55,,CANCELLED
468,40,2,2025-06-23 05:35:32,,CANCELLED
469,77,3,2024-04-21 18:57:42,2024-05-04,DELIVERED
470,134,19,2023-07-11 10:41:20,,SHIPPED
471,57,19,2023-02-13 01:16:53,2023-02-25,DELIVERED
472,74,5,2022-01-29 22:28:22,,CANCELLED
473,47,19,2021-04-08 05:30:34,,PENDING
474,118,12,2025-12-26 16:10:25,2026-01-04,DELIVERED
475,9,16,2024-11-05 00:58:03,,CANCELLED
476,94,1,2025-03-05 20:29:28,,SHIPPED
477,113,3,2025-10-27 20:27:58,,PENDING
478,54,3,2022-10-29 23:19:25,,SHIPPED
479,127,11,2022-10-16 07:36:47,,CANCELLED
480,46,11,2025-09-12 01:44:48,2025-09-18,DELIVERED
481,19,7,2024-11-16 00:13:22,2024-11-23,DELIVERED
482,29,8,2023-05-16 14:53:18,,CANCELLED
483,130,4,2025-12-25 23:09:23,2025-12-30,DELIVERED
484,115,17,2023-10-31 04:57:19,,SHIPPED
485,144,12,2023-10-17 13:27:02,,PENDING
486,88,16,2022-06-15 11:39:15,,CANCELLED
487,106,17,2023-11-28 10:16:58,,CANCELLED
488,15,4,2024-04-26 23:12:51,2024-05-09,DELIVERED
489,3,18,2024-04-21 03:07:35,2024-04-28,DELIVERED
490,93,6,2023-01-20 16:37:32,,SHIPPED
491,41,12,2022-01-20 22:21:28,2022-01-26,DELIVERED
492,109,11,2021-11-20 23:30:52,,CANCELLED
493,102,15,2024-10-16 19:23:54,,CANCELLED
494,24,4,2021-03-07 06:49:33,2021-03-14,DELIVERED
495,77,1,2021-10-26 07:15:57,,CANCELLED
496,149,3,2022-08-24 04:48:10,2022-09-07,DELIVERED
497,83,7,2023-05-31 23:00:32,,SHIPPED
498,132,4,2021-08-22 13:07:25,,PENDING
499,106,6,2023-10-07 11:46:12,,CANCELLED
500,47,4,2024-06-14 18:17:40,2024-06-19,DELIVERED
501,26,10,2024-06-14 04:21:38,,CANCELLED
502,106,11,2021-05-07 04:25:29,,PENDING
503,126,6,2025-07-04 13:01:50,,CANCELLED
504,14,1,2023-03-31 22:17:36,,SHIPPED
505,66,12,2023-10-12 22:03:28,,CANCELLED
506,132,6,2024-11-17 18:09:37,2024-11-27,DELIVERED
507,70,10,2021-09-18 13:16:47,2021-09-24,DELIVERED
508,15,6,2022-06-05 15:05:46,,SHIPPED
509,30,4,2023-11-08 23:29:27,,CANCELLED
510,112,17,2021-08-13 18:28:52,,SHIPPED
511,46,16,2022-09-12 05:08:32,2022-09-18,DELIVERED
512,7,20,2024-11-18 13:52:44,,PENDING
513,80,1,2022-09-10 21:07:15,,CANCELLED
514,150,10,2024-10-28 18:53:07,,PENDING
515,95,19,2021-04-08 15:33:20,,PENDING
516,5,13,2024-11-26 12:06:32,,PENDING
517,129,7,2022-05-23 12:37:07,2022-06-06,DELIVERED
518,148,7,2023-05-10 21:44:05,,CANCELLED
519,13,19,2021-12-24 16:55:28,,SHIPPED
520,116,12,2022-12-18 23:21:51,,PENDING
521,10,11,2021-05-23 01:13:15,,SHIPPED
522,109,14,2024-04-05 22:29:05,,CANCELLED
523,85,12,2022-03-25 22:54:55,,PENDING
524,88,13,2025-12-23 17:04:59,,PENDING
525,61,7,2024-07-03 06:50:28,,PENDING
526,89,14,2024-11-21 19:19:59,,SHIPPED
527,43,3,2021-09-17 02:17:39,,SHIPPED
528,142,11,2023-03-17 06:43:34,,SHIPPED
529,143,17,2024-10-23 22:19:30,2024-11-05,DELIVERED
530,48,12,2022-12-24 16:26:37,,PENDING
531,139,12,2021-01-17 20:49:08,,CANCELLED
532,80,19,2021-12-10 06:17:32,,CANCELLED
533,15,10,2021-04-09 11:34:25,2021-04-18,DELIVERED
534,48,16,2023-05-25 22:18:35,,SHIPPED
535,43,6,2025-03-29 18:37:36,,SHIPPED
536,9,7,2023-01-01 22:50:39,,CANCELLED
537,126,5,2024-12-14 21:49:00,,PENDING
538,142,10,2024-10-24 20:55:40,,SHIPPED
539,52,10,2023-05-22 01:10:38,2023-06-04,DELIVERED
540,64,18,2025-03-30 13:25:09,2025-04-06,DELIVERED
541,5,19,2025-09-29 01:23:02,,SHIPPED
542,8,10,2023-11-20 19:58:08,,CANCELLED
543,25,19,2021-05-04 22:21:17,2021-05-10,DELIVERED
544,83,10,2024-06-05 15:58:46,2024-06-15,DELIVERED
545,36,10,2023-12-19 22:17:50,2023-12-27,DELIVERED
546,82,13,2023-12-07 01:57:15,,SHIPPED
547,99,10,2022-11-18 18:26:52,,PENDING
548,40,6,2021-04-16 09:51:26,,SHIPPED
549,37,1,2025-09-29 18:53:15,,CANCELLED
550,21,8,2025-12-30 23:25:10,,PENDING
551,142,15,2024-05-10 12:14:15,,PENDING
552,93,6,2021-10-06 04:19:50,2021-10-18,DELIVERED
553,69,2,2021-01-01 06:17:43,,CANCELLED
554,52,7,2025-03-31 09:49:47,,SHIPPED
555,89,3,2023-07-16 18:11:29,2023-07-21,DELIVERED
556,46,9,2021-10-23 23:21:28,,CANCELLED
557,98,14,2025-11-12 17:25:56,,CANCELLED
558,141,2,2024-06-29 00:11:24,,SHIPPED
559,94,14,2021-03-16 06:43:41,,PENDING
560,73,15,2021-01-19 13:41:20,,CANCELLED
561,141,15,2023-05-14 05:06:11,2023-05-27,DELIVERED
562,87,5,2021-10-27 01:25:28,,CANCELLED
563,2,14,2023-02-10 04:39:59,2023-02-17,DELIVERED
564,25,11,2025-09-02 22:13:56,,CANCELLED
565,49,2,2023-08-13 20:27:48,,SHIPPED
566,60,4,2025-01-10 22:02:28,2025-01-16,DELIVERED
567,133,4,2022-07-30 21:58:43,,SHIPPED
568,124,20,2025-01-15 11:35:23,2025-01-21,DELIVERED
569,7,17,2024-04-26 01:47:01,,CANCELLED
570,132,2,2024-12-22 22:08:33,,PENDING
571,23,6,2024-09-25 07:59:05,,SHIPPED
572,46,9,2024-05-11 09:59:16,2024-05-16,DELIVERED
573,15,14,2022-07-17 23:08:50,,CANCELLED
574,80,12,2023-12-10 05:27:53,2023-12-16,DELIVERED
575,54,8,2024-05-28 18:58:01,,PENDING
576,8,5,2021-09-19 03:39:47,,SHIPPED
577,80,14,2022-02-07 00:28:13,,SHIPPED
578,77,19,2021-09-25 16:54:44,2021-10-04,DELIVERED
579,1,13,2023-09-06 08:30:05,2023-09-20,DELIVERED
580,30,12,2024-07-28 07:29:26,,SHIPPED
581,41,4,2022-01-04 22:33:23,,CANCELLED
582,98,18,2024-06-26 14:54:10,,PENDING
583,113,14,2021-06-16 08:07:36,,CANCELLED
584,20,5,2021-02-04 14:14:16,,CANCELLED
585,39,4,2023-08-06 06:37:49,,SHIPPED
586,38,13,2024-11-14 02:25:56,2024-11-25,DELIVERED
587,60,11,2024-04-29 01:50:03,2024-05-04,DELIVERED
588,121,13,2025-05-12 22:35:46,,SHIPPED
589,18,9,2022-07-12 06:07:13,2022-07-26,DELIVERED
590,93,16,2025-05-27 00:08:52,,PENDING
591,84,8,2021-01-05 13:55:36,,PENDING
592,102,14,2021-10-18 01:54:30,,SHIPPED
593,62,7,2024-10-17 02:47:08,2024-10-25,DELIVERED
594,86,18,2024-01-26 21:18:11,,SHIPPED
595,117,11,2022-06-22 08:33:27,,CANCELLED
596,20,3,2021-09-30 23:26:31,,SHIPPED
597,103,20,2024-04-18 12:36:34,,CANCELLED
598,68,7,2025-02-26 17:53:12,2025-03-03,DELIVERED
599,99,18,2024-07-30 17:03:08,,CANCELLED
600,118,3,2021-02-19 15:02:44,,SHIPPED
601,66,4,2025-06-06 16:50:21,2025-06-14,DELIVERED
602,55,4,2024-08-05 03:46:05,,PENDING
603,5,15,2024-05-25 22:14:07,,SHIPPED
604,78,8,2023-07-26 22:00:22,,PENDING
605,52,4,2024-12-12 17:31:22,2024-12-18,DELIVERED
606,125,12,2024-10-30 03:12:39,,SHIPPED
607,36,18,2022-05-10 09:02:55,,PENDING
608,84,15,2021-08-04 20:19:06,,PENDING
609,113,18,2023-01-11 20:21:04,2023-01-24,DELIVERED
610,138,17,2023-05-31 17:44:57,,PENDING
611,55,14,2021-04-09 21:59:53,,SHIPPED
612,61,16,2021-02-28 15:32:05,,SHIPPED
613,34,7,2022-06-26 04:02:10,,SHIPPED
614,66,14,2021-03-27 11:10:46,,PENDING
615,87,17,2022-01-21 07:52:32,2022-01-28,DELIVERED
616,84,4,2025-12-12 16:11:55,2025-12-19,DELIVERED
617,55,11,2023-08-09 11:05:31,,PENDING
618,83,17,2021-09-09 18:47:16,2021-09-20,DELIVERED
619,72,4,2021-02-22 09:04:34,,SHIPPED
620,54,12,2024-08-05 07:43:01,,PENDING
621,107,13,2024-01-25 18:27:14,2024-02-08,DELIVERED
622,49,2,2025-11-20 17:41:17,,SHIPPED
623,113,15,2023-08-29 01:30:55,,CANCELLED
624,45,8,2024-03-06 16:52:07,,SHIPPED
625,111,19,2025-12-12 07:45:09,,CANCELLED
626,98,3,2023-01-01 10:51:10,2023-01-15,DELIVERED
627,98,17,2023-06-23 22:42:34,,SHIPPED
628,145,14,2022-03-29 20:43:52,,SHIPPED
629,128,1,2023-08-24 18:15:38,,SHIPPED
630,63,1,2024-07-13 04:14:29,,SHIPPED
631,24,12,2022-03-05 12:23:35,2022-03-17,DELIVERED
632,90,12,2021-04-18 15:03:16,,SHIPPED
633,145,3,2025-11-12 14:09:15,,PENDING
634,65,10,2024-09-07 15:17:24,2024-09-19,DELIVERED
635,25,14,2021-10-26 04:51:48,2021-11-05,DELIVERED
636,94,18,2021-11-08 10:57:16,2021-11-22,DELIVERED
637,64,16,2025-04-10 23:28:15,,SHIPPED
638,60,8,2022-11-16 23:32:26,2022-11-22,DELIVERED
639,120,10,2021-11-17 04:07:58,,PENDING
640,120,5,2022-05-13 22:15:45,,PENDING
641,88,16,2025-08-24 18:21:31,,PENDING
642,57,11,2024-01-24 16:15:30,,PENDING
643,81,4,2025-04-04 00:43:14,,PENDING
644,54,1,2022-11-17 13:40:09,2022-11-27,DELIVERED
645,110,19,2023-05-30 06:55:16,,PENDING
646,94,18,2021-08-24 08:36:57,,SHIPPED
647,30,17,2023-10-31 20:03:28,2023-11-14,DELIVERED
648,47,6,2024-12-19 07:40:31,,PENDING
649,79,18,2024-08-08 05:20:11,2024-08-21,DELIVERED
650,30,15,2021-12-13 16:33:23,,SHIPPED
651,125,12,2023-03-13 00:12:04,2023-03-25,DELIVERED
652,136,15,2022-03-09 06:14:48,,PENDING
653,13,2,2022-12-19 09:41:15,,CANCELLED
654,79,19,2022-12-30 23:13:11,,CANCELLED
655,84,13,2022-01-19 06:36:48,2022-02-01,DELIVERED
656,41,4,2023-10-07 15:30:47,,SHIPPED
657,27,3,2022-08-17 20:47:35,,CANCELLED
658,31,12,2024-11-17 04:38:01,2024-11-24,DELIVERED
659,19,9,2023-08-07 08:00:31,,CANCELLED
660,136,10,2025-04-22 18:31:05,2025-04-28,DELIVERED
661,24,9,2025-02-03 19:56:09,,CANCELLED
662,25,13,2023-01-19 17:20:12,2023-01-30,DELIVERED
663,128,17,2023-11-06 01:40:22,,CANCELLED
664,50,6,2021-12-24 20:10:12,,PENDING
665,72,7,2025-09-02 00:24:21,2025-09-14,DELIVERED
666,102,18,2022-09-15 16:36:29,,PENDING
667,20,6,2022-11-20 00:01:18,2022-12-01,DELIVERED
668,55,2,2021-09-04 10:01:26,,SHIPPED
669,102,17,2025-08-11 07:26:39,,SHIPPED
670,139,20,2024-09-01 13:56:21,2024-09-14,DELIVERED
671,17,8,2024-05-17 11:48:43,2024-05-26,DELIVERED
672,55,19,2024-06-26 04:44:51,,SHIPPED
673,150,10,2023-07-16 04:08:43,,PENDING
674,68,18,2022-11-08 03:48:25,,PENDING
675,85,20,2022-12-11 10:09:00,2022-12-16,DELIVERED
676,95,6,2025-03-06 02:23:07,2025-03-16,DELIVERED
677,28,18,2022-02-06 00:29:39,,PENDING
678,128,15,2022-05-29 04:45:49,2022-06-04,DELIVERED
679,21,18,2025-03-13 03:21:27,,CANCELLED
680,5,2,2023-04-20 22:44:53,,SHIPPED
681,10,14,2023-07-11 22:29:10,,PENDING
682,72,1,2021-04-24 10:44:45,,SHIPPED
683,31,5,2025-04-04 12:07:32,2025-04-15,DELIVERED
684,77,17,2023-04-26 04:34:22,,SHIPPED
685,113,9,2022-05-17 14:04:05,,CANCELLED
686,124,5,2024-03-20 12:57:41,,PENDING
687,81,8,2024-04-15 15:32:02,,PENDING
688,112,18,2023-08-06 22:49:33,,PENDING
689,69,5,2024-02-13 04:05:22,,PENDING
690,133,20,2023-02-15 22:09:10,2023-02-23,DELIVERED
691,80,18,2024-03-03 03:29:11,,PENDING
692,136,2,2024-03-29 06:38:45,,SHIPPED
693,130,11,2024-05-27 01:20:21,,SHIPPED
694,147,16,2023-03-31 13:42:54,2023-04-13,DELIVERED
695,121,15,2022-06-10 20:55:47,,SHIPPED
696,31,13,2021-09-22 05:03:46,2021-09-30,DELIVERED
697,76,11,2024-08-13 11:09:27,,SHIPPED
698,143,11,2023-08-15 12:19:12,,PENDING
699,125,1,2024-10-28 04:53:26,,CANCELLED
700,64,13,2022-08-04 15:39:01,,CANCELLED
701,60,18,2021-02-23 09:41:28,,CANCELLED
702,46,13,2022-04-14 20:24:26,,SHIPPED
703,10,12,2025-02-28 14:35:08,,CANCELLED
704,97,7,2024-11-04 03:42:13,,PENDING
705,135,17,2025-12-09 08:53:54,,SHIPPED
706,84,15,2022-10-21 01:16:11,2022-10-28,DELIVERED
707,90,15,2022-09-26 15:25:13,,CANCELLED
708,119,12,2023-06-21 20:35:26,2023-06-27,DELIVERED
709,7,16,2022-11-12 05:08:49,2022-11-24,DELIVERED
710,49,13,2023-12-03 12:48:22,,PENDING
711,142,15,2022-07-03 11:22:19,,PENDING
712,109,19,2025-11-03 21:18:00,2025-11-13,DELIVERED
713,102,20,2021-01-30 11:32:34,2021-02-07,DELIVERED
714,21,11,2021-04-29 07:38:23,,SHIPPED
715,101,19,2025-09-02 02:10:39,,PENDING
716,68,14,2022-07-25 15:12:26,2022-08-05,DELIVERED
717,12,8,2023-03-19 14:31:28,,PENDING
718,148,17,2023-03-05 04:19:20,,CANCELLED
719,39,19,2021-05-18 18:27:33,,PENDING
720,73,10,2022-10-26 16:54:59,,CANCELLED
721,150,20,2022-10-13 18:05:35,,CANCELLED
722,134,3,2024-04-29 23:01:14,,PENDING
723,70,5,2025-10-16 09:11:21,,CANCELLED
724,127,20,2023-09-14 09:02:27,2023-09-19,DELIVERED
725,123,14,2025-01-31 17:09:47,2025-02-05,DELIVERED
726,24,14,2024-12-08 15:36:54,,SHIPPED
727,106,11,2023-11-16 00:40:52,,SHIPPED
728,17,6,2021-04-24 07:59:57,,SHIPPED
729,65,19,2025-04-07 18:31:51,,SHIPPED
730,35,20,2025-04-22 21:40:00,,CANCELLED
731,100,17,2021-08-23 00:09:11,,PENDING
732,113,13,2025-04-22 02:42:55,2025-05-04,DELIVERED
733,74,14,2021-11-12 15:20:02,,PENDING
734,109,12,2021-01-27 16:48:20,,SHIPPED
735,82,15,2025-04-28 09:28:29,,CANCELLED
736,93,10,2025-05-08 12:59:07,,CANCELLED
737,117,11,2022-06-21 16:44:01,2022-06-29,DELIVERED
738,39,14,2024-05-23 00:06:14,,CANCELLED
739,110,15,2023-10-08 17:19:11,,SHIPPED
740,40,7,2021-07-30 04:20:57,2021-08-12,DELIVERED
741,2,8,2023-01-23 16:37:11,,PENDING
742,142,13,2023-08-21 11:37:23,2023-09-02,DELIVERED
743,105,14,2024-07-08 19:35:58,,CANCELLED
744,56,12,2021-10-16 14:53:06,,PENDING
745,22,1,2022-08-19 06:30:25,,PENDING
746,104,9,2024-09-07 17:34:17,,PENDING
747,8,5,2024-08-14 02:31:55,,CANCELLED
748,32,2,2025-07-15 18:19:26,,CANCELLED
749,125,9,2021-08-05 19:56:51,2021-08-18,DELIVERED
750,142,10,2023-08-17 03:11:38,,SHIPPED
751,47,3,2022-01-26 01:57:49,,CANCELLED
752,72,6,2025-12-01 21:14:28,,PENDING
753,119,14,2024-12-12 12:44:41,2024-12-20,DELIVERED
754,121,3,2023-07-02 00:32:08,,SHIPPED
755,132,18,2023-10-09 23:49:06,,PENDING
756,30,3,2025-02-11 06:50:43,,SHIPPED
757,99,9,2024-07-29 22:22:53,2024-08-06,DELIVERED
758,13,8,2025-09-10 20:33:42,,CANCELLED
759,58,2,2022-03-27 01:27:53,2022-04-10,DELIVERED
760,15,6,2021-07-19 05:39:07,2021-07-25,DELIVERED
761,46,7,2024-02-14 02:56:26,2024-02-27,DELIVERED
762,117,2,2023-07-17 08:16:03,,SHIPPED
763,101,1,2022-02-03 19:07:30,,PENDING
764,92,15,2021-08-05 04:27:14,,SHIPPED
765,99,9,2022-05-28 02:05:11,2022-06-06,DELIVERED
766,21,6,2024-03-02 20:49:39,2024-03-15,DELIVERED
767,8,16,2024-04-25 06:41:16,2024-05-01,DELIVERED
768,90,5,2024-06-25 22:10:03,,PENDING
769,150,13,2022-01-28 09:18:31,,PENDING
770,68,8,2025-10-03 20:48:21,,SHIPPED
771,42,7,2025-11-23 17:07:29,2025-12-03,DELIVERED
772,95,19,2023-06-25 12:20:56,2023-07-06,DELIVERED
773,23,8,2022-07-05 21:09:22,,CANCELLED
774,13,13,2024-11-04 08:34:09,,SHIPPED
775,108,11,2022-08-04 13:55:55,,CANCELLED
776,26,20,2024-12-24 18:33:20,,SHIPPED
777,12,16,2024-01-20 14:18:11,,CANCELLED
778,132,18,2022-03-26 20:25:51,,SHIPPED
779,89,17,2025-07-14 06:00:49,,SHIPPED
780,77,14,2022-07-02 20:20:36,,PENDING
781,85,16,2021-05-03 16:03:58,,SHIPPED
782,73,14,2023-07-02 10:06:56,,SHIPPED
783,106,2,2022-02-18 03:06:36,2022-03-03,DELIVERED
784,122,7,2021-05-17 08:03:24,2021-05-26,DELIVERED
785,139,11,2025-10-01 18:47:02,,CANCELLED
786,63,20,2025-04-29 23:53:46,,CANCELLED
787,63,12,2024-11-12 14:22:46,,CANCELLED
788,53,9,2025-10-23 00:35:20,2025-10-30,DELIVERED
789,14,20,2024-11-04 05:10:45,,CANCELLED
790,18,9,2023-09-17 09:41:06,,CANCELLED
791,67,7,2025-03-26 06:32:40,,SHIPPED
792,131,8,2022-01-09 03:47:48,,SHIPPED
793,4,17,2021-11-15 20:03:14,,PENDING
794,131,5,2022-05-27 09:44:19,,SHIPPED
795,3,17,2023-04-13 20:05:10,,PENDING
796,108,8,2024-01-02 22:29:13,,SHIPPED
797,86,20,2022-07-07 09:41:55,,PENDING
798,39,17,2024-01-27 07:43:29,,CANCELLED
799,25,18,2023-03-18 18:37:26,,PENDING
800,121,20,2022-08-01 04:52:20,,CANCELLED
801,13,6,2021-03-14 16:07:44,2021-03-21,DELIVERED
802,85,19,2021-11-22 02:04:01,2021-11-27,DELIVERED
803,4,12,2022-08-22 09:51:16,2022-09-01,DELIVERED
804,12,10,2022-09-29 09:36:10,2022-10-13,DELIVERED
805,119,9,2022-09-26 23:50:06,,SHIPPED
806,85,1,2023-11-10 23:04:48,,CANCELLED
807,11,1,2023-02-05 14:16:56,,PENDING
808,52,20,2021-10-26 04:56:35,,SHIPPED
809,150,14,2021-06-24 09:45:35,,SHIPPED
810,100,2,2024-07-05 07:09:52,,CANCELLED
811,39,15,2024-06-21 01:59:02,,SHIPPED
812,24,3,2024-01-27 16:36:57,,SHIPPED
813,56,16,2021-07-10 18:17:23,,PENDING
814,21,1,2021-10-25 17:34:11,,SHIPPED
815,86,2,2025-06-27 22:01:50,,PENDING
816,143,1,2023-12-01 06:29:38,,SHIPPED
817,29,6,2023-05-04 10:55:48,,PENDING
818,143,9,2022-11-05 23:59:14,2022-11-19,DELIVERED
819,94,1,2021-02-20 04:30:39,,SHIPPED
820,139,14,2024-08-18 07:34:40,,PENDING
821,31,16,2021-05-07 04:27:05,,SHIPPED
822,144,17,2023-06-25 02:21:05,,CANCELLED
823,121,1,2021-02-11 04:48:10,2021-02-17,DELIVERED
824,49,9,2025-08-21 23:23:12,,SHIPPED
825,117,8,2025-09-05 11:42:19,2025-09-11,DELIVERED
826,128,10,2024-03-31 20:40:15,2024-04-08,DELIVERED
827,118,14,2021-10-08 23:19:37,,CANCELLED
828,3,20,2024-01-25 08:35:47,2024-01-30,DELIVERED
829,45,5,2022-03-19 16:41:25,,PENDING
830,6,17,2024-09-25 09:37:56,,CANCELLED
831,32,5,2021-03-20 18:58:21,,CANCELLED
832,103,15,2024-04-23 00:37:50,2024-05-01,DELIVERED
833,130,7,2025-11-26 03:38:09,,SHIPPED
834,83,9,2022-07-06 20:45:03,,CANCELLED
835,51,18,2022-01-11 04:05:50,,SHIPPED
836,129,11,2022-01-20 01:02:33,,PENDING
837,19,13,2021-07-27 04:38:59,,CANCELLED
838,37,9,2023-04-13 07:17:10,,SHIPPED
839,85,16,2023-10-26 10:48:57,,PENDING
840,4,18,2023-08-12 08:38:08,,SHIPPED
841,6,19,2025-06-18 18:12:21,,CANCELLED
842,74,7,2025-01-14 10:21:58,,CANCELLED
843,6,1,2022-03-19 18:38:34,,PENDING
844,85,13,2023-01-15 06:45:24,,PENDING
845,76,1,2025-11-20 22:23:38,,CANCELLED
846,121,1,2024-06-18 02:26:41,2024-06-24,DELIVERED
847,11,2,2025-07-26 03:25:23,,SHIPPED
848,72,6,2021-05-09 10:51:33,2021-05-20,DELIVERED
849,24,4,2024-09-06 02:28:22,,CANCELLED
850,134,12,2025-07-12 13:35:41,2025-07-24,DELIVERED
851,114,14,2024-11-02 04:51:41,,SHIPPED
852,52,3,2024-04-04 20:38:51,,PENDING
853,102,2,2022-12-04 20:52:26,2022-12-14,DELIVERED
854,63,17,2024-12-11 09:18:40,2024-12-18,DELIVERED
855,61,17,2022-01-22 03:17:13,,CANCELLED
856,96,15,2025-05-17 09:23:11,2025-05-29,DELIVERED
857,59,19,2022-07-20 16:13:09,,CANCELLED
858,61,17,2024-08-22 13:48:31,,PENDING
859,145,10,2023-09-08 06:58:33,,PENDING
860,103,6,2023-10-29 07:12:58,,SHIPPED
861,100,11,2021-03-22 17:37:17,,CANCELLED
862,148,3,2021-01-09 13:31:43,,PENDING
863,22,6,2022-07-11 11:17:50,,PENDING
864,100,19,2021-01-08 03:15:37,2021-01-20,DELIVERED
865,119,18,2021-06-17 13:32:36,,CANCELLED
866,123,12,2021-10-04 11:59:38,2021-10-09,DELIVERED
867,104,13,2023-03-22 08:41:58,,PENDING
868,61,15,2022-12-16 10:45:17,,CANCELLED
869,75,2,2025-12-08 00:28:42,,CANCELLED
870,60,4,2024-03-08 14:45:23,,SHIPPED
871,9,5,2022-10-24 13:29:05,,SHIPPED
872,68,13,2022-08-16 19:08:47,,SHIPPED
873,74,2,2024-10-10 03:51:40,,CANCELLED
874,140,16,2022-06-13 14:46:15,,PENDING
875,71,19,2025-04-14 02:58:35,,SHIPPED
876,85,6,2025-12-28 22:23:33,,CANCELLED
877,150,12,2025-08-31 05:49:41,,SHIPPED
878,135,19,2025-12-10 09:27:48,,SHIPPED
879,85,13,2022-02-15 12:13:01,,SHIPPED
880,93,16,2023-06-20 07:59:33,2023-06-26,DELIVERED
881,60,12,2024-11-01 20:04:26,,PENDING
882,25,8,2023-09-01 13:31:01,2023-09-10,DELIVERED
883,128,14,2022-08-22 13:28:15,2022-08-29,DELIVERED
884,31,2,2023-07-08 02:38:00,,PENDING
885,20,4,2023-06-14 05:53:31,,SHIPPED
886,88,2,2022-03-31 18:01:06,,SHIPPED
887,1,2,2025-01-01 08:33:27,,CANCELLED
888,115,4,2022-01-10 10:58:37,2022-01-16,DELIVERED
889,113,13,2022-01-14 11:38:12,,PENDING
890,73,6,2021-11-12 19:56:02,,CANCELLED
891,132,4,2021-12-14 17:35:10,,PENDING
892,2,5,2022-04-18 10:59:45,2022-04-29,DELIVERED
893,125,18,2024-03-31 19:43:14,,PENDING
894,96,12,2024-03-17 03:15:56,,SHIPPED
895,142,7,2025-08-13 07:01:49,,CANCELLED
896,61,19,2024-05-07 19:32:58,2024-05-14,DELIVERED
897,31,19,2023-04-30 09:34:25,2023-05-11,DELIVERED
898,108,14,2022-06-03 15:01:12,,SHIPPED
899,49,8,2023-02-08 08:59:00,,PENDING
900,92,9,2023-12-30 03:32:33,,PENDING
901,89,7,2021-11-24 18:39:44,,CANCELLED
902,84,18,2024-02-17 07:04:28,2024-02-25,DELIVERED
903,58,7,2021-11-04 22:37:40,,SHIPPED
904,26,12,2025-02-19 12:02:14,,SHIPPED
905,63,3,2022-01-12 02:24:54,,SHIPPED
906,85,9,2024-12-25 19:28:06,,CANCELLED
907,148,18,2023-06-09 03:02:24,,SHIPPED
908,49,14,2021-01-10 13:51:01,2021-01-15,DELIVERED
909,103,11,2025-01-04 02:34:40,,PENDING
910,140,13,2022-10-22 02:30:28,,PENDING
911,76,20,2021-02-08 12:24:17,,SHIPPED
912,106,17,2025-03-15 09:01:35,2025-03-28,DELIVERED
913,138,8,2024-11-15 11:33:35,2024-11-21,DELIVERED
914,116,2,2024-10-24 18:55:54,,SHIPPED
915,12,2,2022-10-14 05:25:43,,PENDING
916,21,14,2022-12-12 13:48:46,,PENDING
917,135,18,2024-03-06 02:36:04,,SHIPPED
918,97,4,2023-01-22 13:24:42,2023-02-01,DELIVERED
919,19,3,2023-06-26 17:33:56,,SHIPPED
920,3,2,2024-01-09 18:33:29,,PENDING
921,125,2,2021-09-24 04:50:12,2021-10-02,DELIVERED
922,44,11,2023-05-24 17:12:11,,CANCELLED
923,56,14,2022-03-29 03:56:48,,PENDING
924,49,11,2024-11-10 02:02:18,,SHIPPED
925,60,9,2025-11-26 05:19:29,,SHIPPED
926,35,17,2021-02-22 01:27:09,,PENDING
927,24,3,2024-11-13 17:43:30,,PENDING
928,26,19,2021-06-04 21:59:17,,SHIPPED
929,143,14,2023-09-30 12:39:42,,CANCELLED
930,85,3,2025-04-06 22:08:45,,PENDING
931,119,3,2023-08-24 20:46:43,,PENDING
932,118,12,2025-03-25 12:30:53,,PENDING
933,147,18,2022-07-04 02:22:16,,PENDING
934,139,13,2021-08-23 08:32:01,,CANCELLED
935,64,20,2021-05-14 17:44:44,,CANCELLED
936,143,1,2025-10-27 16:14:45,2025-11-06,DELIVERED
937,93,10,2025-07-15 14:59:59,,CANCELLED
938,69,16,2022-06-01 20:16:23,,PENDING
939,15,14,2021-08-19 09:41:11,,CANCELLED
940,59,18,2021-10-22 01:12:32,,PENDING
941,79,16,2022-01-19 10:47:32,,SHIPPED
942,3,1,2024-08-30 19:26:17,2024-09-04,DELIVERED
943,143,6,2022-11-19 18:13:18,2022-11-26,DELIVERED
944,150,13,2024-02-29 15:32:57,,CANCELLED
945,105,3,2024-07-16 18:41:08,,PENDING
946,32,7,2022-09-10 18:13:43,2022-09-21,DELIVERED
947,80,1,2024-10-05 23:26:47,,PENDING
948,50,3,2022-11-01 04:52:43,2022-11-07,DELIVERED
949,5,14,2025-05-08 16:24:10,,SHIPPED
950,55,12,2023-07-28 11:36:29,2023-08-11,DELIVERED
951,49,19,2022-12-21 18:00:14,,PENDING
952,88,4,2023-12-17 21:37:52,2023-12-22,DELIVERED
953,26,6,2021-09-26 16:08:23,,CANCELLED
954,23,13,2025-10-02 20:53:42,,CANCELLED
955,59,14,2022-10-27 11:44:26,,PENDING
956,85,12,2025-09-04 10:01:14,2025-09-18,DELIVERED
957,7,8,2022-04-14 10:49:39,,PENDING
958,63,14,2023-11-10 20:05:00,,PENDING
959,12,6,2024-11-25 22:53:19,2024-12-09,DELIVERED
960,109,10,2025-09-14 06:44:02,2025-09-28,DELIVERED
961,88,4,2021-02-17 19:36:03,2021-02-28,DELIVERED
962,137,4,2025-08-18 12:07:32,,PENDING
963,92,8,2025-05-06 09:19:09,,CANCELLED
964,58,18,2024-06-29 13:00:44,,SHIPPED
965,2,14,2022-04-01 03:24:01,,CANCELLED
966,82,17,2025-06-20 16:39:45,,CANCELLED
967,143,5,2023-02-28 12:14:09,,CANCELLED
968,111,12,2021-09-30 03:48:43,,SHIPPED
969,121,7,2025-03-27 18:46:15,,CANCELLED
970,42,13,2024-12-30 10:57:12,,PENDING
971,132,8,2022-03-11 08:30:03,,CANCELLED
972,62,18,2021-02-14 00:02:19,2021-02-26,DELIVERED
973,150,15,2021-05-31 05:28:39,2021-06-12,DELIVERED
974,5,14,2025-04-12 18:33:36,2025-04-22,DELIVERED
975,120,8,2022-02-27 21:06:53,2022-03-07,DELIVERED
976,25,4,2022-03-31 06:26:54,,CANCELLED
977,50,9,2023-08-08 13:36:37,,SHIPPED
978,109,2,2025-02-08 22:43:18,,CANCELLED
979,78,1,2025-06-19 13:11:07,,SHIPPED
980,27,11,2024-09-13 13:13:22,,CANCELLED
981,49,13,2024-11-05 05:32:08,,CANCELLED
982,116,10,2021-06-10 06:20:07,,CANCELLED
983,48,1,2022-09-24 23:44:36,,PENDING
984,9,5,2024-04-01 04:41:43,,SHIPPED
985,9,6,2022-04-10 08:44:15,,PENDING
986,125,3,2025-11-15 22:02:50,2025-11-28,DELIVERED
987,11,7,2024-06-16 13:13:09,,SHIPPED
988,1,10,2025-08-23 07:55:55,2025-09-02,DELIVERED
989,35,9,2023-05-14 05:05:46,,CANCELLED
990,79,2,2021-03-28 12:01:42,,SHIPPED
991,96,2,2023-11-12 10:34:31,,CANCELLED
992,23,5,2023-09-14 09:54:06,,SHIPPED
993,39,20,2025-02-27 00:29:15,,PENDING
994,76,12,2024-02-05 23:57:33,,CANCELLED
995,96,1,2023-06-06 05:21:29,2023-06-11,DELIVERED
996,44,4,2021-03-08 05:42:06,,PENDING
997,130,2,2024-01-06 07:18:17,,PENDING
998,142,10,2022-10-08 12:37:43,,CANCELLED
999,48,18,2025-06-17 16:17:08,,PENDING
1000,27,19,2023-12-26 04:32:44,2024-01-04,DELIVERED
